label,seq,ax,ay,az,gx,gy,gz,mx,my,mz
accel_level,936,-0.00732,-0.03296,1.01758,-0.00533,-0.00852,0.00453,27.21,39.77,56.51
accel_level,937,-0.01172,-0.0376,1.01465,-0.00067,-0.00826,0.00812,26.31,39.47,55.31
accel_level,938,-0.00342,-0.03491,1.01147,0.00133,-0.01052,0.00679,26.76,39.92,56.81
accel_level,939,-0.00879,-0.0354,1.01489,-0.0036,-0.00892,0.00639,26.76,39.92,56.81
accel_level,940,-0.00659,-0.0293,1.01807,-0.00333,-0.00786,0.01252,28.4,38.57,56.96
accel_level,941,-0.01123,-0.03223,1.0083,-0.00839,-0.01292,0.00506,28.11,39.47,55.61
accel_level,942,-0.01025,-0.03442,1.01514,-0.00146,-0.01025,0.00772,27.36,39.47,55.61
accel_level,943,-0.00757,-0.03589,1.01611,-0.00053,-0.00905,0.00346,27.06,40.66,55.61
accel_level,944,-0.00464,-0.03247,1.01416,-0.00173,-0.00746,0.00306,27.06,40.66,55.61
accel_level,945,-0.00952,-0.03516,1.0166,-0.00146,-0.00866,0.00466,27.81,40.66,55.31
accel_level,946,-0.00952,-0.03735,1.01245,-0.00799,-0.00679,0.00426,27.66,40.07,57.71
accel_level,947,-0.00244,-0.03735,1.01953,0.00186,-0.00905,0.00173,26.16,39.32,56.51
accel_level,948,0.00024,-0.0354,1.01636,-0.00613,-0.00692,0.00626,26.16,39.32,56.51
accel_level,949,-0.00439,-0.03955,1.00952,-0.00226,-0.00852,0.00679,27.21,39.32,55.91
accel_level,950,-0.00366,-0.03101,1.01294,0.0024,-0.01531,0.00759,26.46,39.02,55.91
accel_level,951,-0.01099,-0.02856,1.01392,-0.00107,-0.01012,0.00919,25.71,40.51,56.51
accel_level,952,-0.00488,-0.03149,1.01147,0.00027,-0.00067,0.00746,27.21,39.77,56.96
accel_level,953,-0.00684,-0.03296,1.01685,-0.00306,-0.00985,0.00732,27.21,39.77,56.96
accel_level,954,-0.0105,-0.02881,1.01587,-0.00546,-0.00892,0.00972,27.96,39.32,57.26
accel_level,955,-0.00562,-0.03394,1.01343,-0.00546,-0.00373,0.00852,27.66,39.77,56.96
accel_level,956,-0.00391,-0.03394,1.01294,-0.00533,-0.00679,0.00493,26.76,39.92,56.36
accel_level,957,-0.00269,-0.03345,1.01489,-0.0028,-0.00919,0.00333,26.76,39.92,56.36
accel_level,958,-0.00757,-0.03589,1.01929,-0.00559,-0.00945,0.00746,27.96,39.77,57.26
accel_level,959,-0.00732,-0.03418,1.01978,-0.00293,-0.00706,0.01039,27.06,40.66,56.36
accel_level,960,-0.00073,-0.03003,1.01514,-0.00067,-0.00519,0.00852,28.11,39.47,56.06
accel_level,961,-0.00635,-0.03394,1.01416,-0.00453,-0.00559,0.0036,28.11,39.47,56.06
accel_level,962,-0.00708,-0.02881,1.01318,-0.00453,-0.01185,0.00519,28.11,39.47,56.06
accel_level,963,-0.00806,-0.03564,1.01855,-0.00333,-0.00759,0.00173,27.81,41.41,56.81
accel_level,964,-0.00659,-0.03589,1.01367,-0.00399,-0.00839,0.00306,28.4,40.81,56.21
accel_level,965,-0.00659,-0.03345,1.01001,0.0,-0.00732,0.00133,28.4,40.81,56.21
accel_level,966,-0.00635,-0.03296,1.01294,0.00053,-0.00706,0.00812,28.4,40.81,56.21
accel_level,967,-0.00806,-0.0354,1.01416,0.0,-0.00652,0.00559,27.36,39.92,56.06
accel_level,968,-0.00317,-0.03369,1.01343,-0.0012,-0.00892,0.00786,27.66,39.32,54.72
accel_level,969,-0.00366,-0.03662,1.01636,-0.00226,-0.00493,0.00493,27.66,39.77,55.46
accel_level,970,-0.00537,-0.03369,1.01465,-0.00133,-0.00892,0.00533,27.66,39.77,55.46
accel_level,971,-0.01343,-0.03564,1.01099,-0.00213,-0.01185,0.00759,27.21,39.77,56.21
accel_level,972,-0.00244,-0.03247,1.01538,0.00399,-0.01225,0.00866,27.21,40.81,56.21
accel_level,973,-0.00781,-0.03052,1.01563,-0.00599,-0.01039,0.01039,27.36,37.97,55.02
accel_level,974,-0.00439,-0.02954,1.01245,-0.0004,-0.01119,0.00466,27.21,39.77,57.26
accel_level,975,-0.00562,-0.03491,1.01489,-0.0024,-0.01012,0.00559,26.46,39.32,57.26
accel_level,976,-0.00537,-0.02832,1.01709,-0.00639,-0.00905,0.00892,27.21,39.32,56.51
accel_level,977,-0.00562,-0.03369,1.01172,-0.00226,-0.00732,0.00399,27.36,39.17,56.06
accel_level,978,-0.00537,-0.03662,1.01294,-0.00293,-0.00999,0.00692,27.81,39.47,55.61
accel_level,979,-0.00659,-0.03247,1.01196,-0.0036,-0.01198,0.00826,27.81,39.47,55.61
accel_level,980,-0.0083,-0.04004,1.01953,-0.00386,-0.01012,0.00866,28.11,39.17,57.86
accel_level,981,-0.00732,-0.03174,1.0105,-0.00533,-0.01132,0.00533,26.31,38.72,56.36
accel_level,982,-0.00391,-0.03516,1.01392,-0.002,-0.00559,0.00759,27.06,40.66,55.31
accel_level,983,-0.00464,-0.03198,1.01123,-0.00399,-0.00546,0.00866,27.21,40.07,57.26
accel_level,984,-0.00977,-0.0332,1.02026,-0.00386,-0.00107,0.00626,27.21,40.07,57.26
accel_level,985,-0.00244,-0.02783,1.01123,-0.0016,-0.00639,0.00519,27.66,41.26,55.91
accel_level,986,-0.01221,-0.03125,1.01489,-0.002,-0.00945,0.00493,26.76,39.47,57.11
accel_level,987,-0.00415,-0.03198,1.01025,-0.00213,-0.0036,0.00972,27.06,39.47,55.02
accel_level,988,-0.01196,-0.0354,1.01074,0.0012,-0.00666,0.00613,27.06,39.47,55.02
accel_level,989,-0.00244,-0.03271,1.01172,-0.00173,-0.00413,0.00945,27.06,39.47,56.81
accel_level,990,-0.00903,-0.03491,1.01685,-0.0024,-0.00666,0.00599,26.16,39.77,58.01
accel_level,991,-0.00708,-0.03149,1.01636,-0.00293,-0.01132,0.01025,27.06,39.47,55.61
accel_level,992,-0.00513,-0.04053,1.01636,0.00253,-0.00972,0.00626,27.06,40.22,56.81
accel_level,993,-0.00366,-0.03491,1.01904,-0.00293,-0.00253,0.00666,27.06,40.22,56.81
accel_level,994,-0.00659,-0.03564,1.01538,-0.0016,-0.00706,0.00293,27.81,39.47,57.11
accel_level,995,-0.00537,-0.03784,1.01489,0.00186,-0.00573,0.0,26.31,40.22,56.36
accel_level,996,-0.00513,-0.03271,1.01318,0.00053,-0.00866,0.00666,27.96,39.32,56.51
accel_level,997,-0.00366,-0.03345,1.01392,-0.0032,-0.00479,0.00426,27.96,39.32,56.51
accel_level,998,-0.00122,-0.0332,1.0166,-0.00173,-0.00919,0.00186,27.36,39.47,57.11
accel_level,999,-0.00513,-0.03247,1.0127,-0.00586,-0.00879,0.00506,26.31,39.92,56.06
accel_level,1000,0.00049,-0.03638,1.01245,-0.00253,-0.00905,0.00599,25.56,40.66,57.56
accel_level,1001,-0.00098,-0.03174,1.01416,-0.00666,-0.00985,0.01092,27.06,39.92,55.31
accel_level,1002,-0.00879,-0.02759,1.01367,-0.0032,-0.00652,0.00706,27.06,39.92,55.31
accel_level,1003,-0.00977,-0.03296,1.0144,-0.002,-0.00919,0.00559,27.66,40.07,57.26
accel_level,1004,-0.00854,-0.03149,1.0144,-0.00706,-0.00746,0.00346,27.66,40.07,55.46
accel_level,1005,-0.00684,-0.03516,1.01538,-0.0032,-0.00799,0.00533,25.41,40.51,56.96
accel_level,1006,-0.01074,-0.03442,1.01514,-0.00213,-0.00892,0.00666,25.41,40.51,56.96
accel_level,1007,-0.00806,-0.03711,1.01636,-0.0016,-0.00732,0.00559,27.81,39.47,57.11
accel_level,1008,-0.00781,-0.03394,1.01953,-0.0036,-0.00866,0.00533,27.66,37.82,57.71
accel_level,1009,-0.00659,-0.03052,1.01587,-0.00333,-0.00746,0.00519,26.91,40.07,56.21
accel_level,1010,-0.00659,-0.03784,1.01343,-0.00506,-0.00746,0.00213,26.31,37.97,55.61
accel_level,1011,-0.00586,-0.03467,1.01709,-0.00173,-0.00599,0.00573,26.31,37.97,55.61
accel_level,1012,-0.00488,-0.03271,1.01733,-0.00399,-0.00972,0.00759,27.06,39.17,56.36
accel_level,1013,-0.00391,-0.03442,1.01636,-0.002,-0.00573,0.00053,27.06,39.92,55.31
accel_level,1014,-0.00781,-0.03467,1.01611,-0.00053,-0.00666,0.0012,25.56,39.92,55.61
accel_level,1015,-0.00952,-0.03125,1.01514,-0.00479,-0.00586,0.00573,27.96,39.77,56.21
accel_level,1016,-0.00684,-0.03174,1.01123,-0.0012,-0.00266,0.00413,27.96,39.77,56.21
accel_level,1017,-0.00708,-0.02881,1.01807,-0.00186,-0.00666,0.00892,26.31,38.72,56.36
accel_level,1018,-0.00806,-0.03662,1.01245,-0.00626,-0.00546,0.00786,25.56,40.66,56.36
accel_level,1019,-0.00635,-0.0376,1.01172,-0.00146,-0.00559,0.00559,27.06,41.11,56.06
accel_level,1020,-0.00098,-0.03125,1.01367,-0.00426,-0.00826,0.00786,27.06,41.11,56.06
accel_level,1021,-0.00977,-0.03638,1.01831,-0.00346,-0.00826,0.00839,27.66,39.77,55.46
accel_level,1022,-0.01001,-0.0354,1.01392,-0.00253,-0.00799,0.01372,27.21,42.01,56.51
accel_level,1023,-0.00854,-0.03369,1.01514,-0.0012,-0.00346,0.00786,26.31,37.97,56.36
accel_level,1024,-0.00488,-0.03467,1.01636,-0.00146,-0.01238,0.00985,25.71,39.02,56.96
accel_level,1025,-0.00488,-0.03589,1.01758,-0.00333,-0.00652,0.00639,25.71,39.02,56.96
accel_level,1026,-0.00391,-0.03418,1.01538,-0.00573,-0.00799,0.00426,27.21,39.32,56.21
accel_level,1027,-0.00366,-0.03809,1.01147,-0.00413,-0.00639,0.00892,27.06,39.17,56.06
accel_level,1028,-0.01147,-0.03174,1.01611,-0.00146,-0.00533,0.00173,27.36,40.66,56.81
accel_level,1029,-0.0144,-0.03442,1.01392,-0.00399,-0.01079,0.00786,27.36,40.66,56.81
accel_level,1030,-0.00977,-0.03101,1.01563,0.00027,-0.00586,0.00573,26.91,39.77,56.51
accel_level,1031,-0.00732,-0.03906,1.01294,0.00293,-0.01039,0.00479,25.41,40.07,57.26
accel_level,1032,-0.00439,-0.03687,1.01489,-0.0036,-0.01332,0.00706,27.21,39.02,56.51
accel_level,1033,-0.01196,-0.0354,1.01221,-0.00093,-0.00506,0.00346,27.06,40.66,55.02
accel_level,1034,-0.00464,-0.03442,1.01733,-0.00253,-0.00799,0.00466,27.06,40.66,55.02
accel_level,1035,-0.00781,-0.03394,1.0127,-0.00133,-0.00985,0.00533,27.21,40.07,56.51
accel_level,1036,-0.00854,-0.03418,1.01587,-0.00626,-0.00999,0.00453,26.01,37.23,56.06
accel_level,1037,-0.01099,-0.03735,1.01099,-0.00253,-0.00852,0.00093,26.91,40.07,56.96
accel_level,1038,-0.00928,-0.0354,1.01343,0.0016,-0.01025,0.00466,26.91,40.07,56.96
accel_level,1039,-0.0061,-0.03613,1.01196,-0.00067,-0.00812,0.00719,26.91,40.51,56.51
accel_level,1040,-0.00562,-0.03467,1.01367,-0.0036,-0.01039,0.00519,26.31,39.92,56.81
accel_level,1041,-0.00171,-0.03101,1.01831,-0.00573,-0.00799,0.00905,25.71,39.32,54.72
accel_level,1042,-0.00806,-0.03613,1.01172,-0.00399,-0.00546,0.01012,27.66,41.26,56.21
accel_level,1043,-0.00317,-0.0354,1.01099,-0.00466,-0.00945,0.00053,27.66,41.26,56.21
accel_level,1044,-0.00757,-0.03296,1.01733,-0.00373,-0.01092,0.0032,28.11,40.22,56.36
accel_level,1045,-0.00562,-0.03442,1.01782,-0.0016,-0.00772,0.00786,27.06,41.11,55.31
accel_level,1046,-0.00171,-0.03345,1.00952,0.00067,-0.00573,0.00533,27.66,40.07,55.17
accel_level,1047,-0.00635,-0.04077,1.01563,-0.00186,-0.01145,0.00786,27.66,40.07,55.17
accel_level,1048,-0.00708,-0.03564,1.01563,-0.0024,-0.01052,0.01025,28.11,40.22,56.36
accel_level,1049,-0.00781,-0.03369,1.01147,-0.00013,-0.00799,0.00519,27.36,40.22,57.11
accel_level,1050,-0.00977,-0.03442,1.00977,0.00466,-0.00759,0.00799,25.56,39.47,56.36
accel_level,1051,-0.00781,-0.03223,1.01123,-0.00013,-0.00253,0.00599,27.36,39.47,55.31
accel_level,1052,-0.00708,-0.03613,1.01514,0.00107,-0.00772,0.00852,27.36,39.47,55.31
accel_level,1053,-0.00635,-0.03979,1.01465,-0.00173,-0.00879,0.00985,27.36,39.17,56.36
accel_level,1054,0.0,-0.02954,1.01196,0.00346,-0.01012,0.00866,25.41,40.07,55.91
accel_level,1055,-0.00854,-0.02832,1.01587,-0.002,-0.00905,0.00732,26.76,40.22,56.81
accel_level,1056,-0.0061,-0.0354,1.01685,-0.00479,-0.00852,0.01052,27.96,39.32,57.71
accel_level,1057,-0.00244,-0.0332,1.0144,-0.00439,-0.00426,0.00186,27.96,39.32,57.71
accel_level,1058,-0.00122,-0.0332,1.01709,-0.00759,-0.01212,0.00399,27.06,39.92,55.31
accel_level,1059,-0.00464,-0.02686,1.0083,-0.00253,-0.00599,0.00426,27.81,38.42,55.61
accel_level,1060,-0.00488,-0.03174,1.01416,-0.00413,-0.01198,0.00839,26.46,39.32,56.51
accel_level,1061,-0.01294,-0.03052,1.01147,-0.0012,-0.00999,0.00413,26.46,39.32,56.51
accel_level,1062,-0.00513,-0.03516,1.01587,-0.00426,-0.00759,0.00759,26.46,39.77,56.96
accel_level,1063,-0.01099,-0.03247,1.01514,-0.00213,-0.00599,0.01039,27.06,39.47,55.61
accel_level,1064,-0.00659,-0.03442,1.01196,0.00027,-0.00559,0.00146,26.01,38.72,56.36
accel_level,1065,-0.00635,-0.03516,1.0127,-0.0032,-0.00812,0.00559,26.76,38.42,56.36
accel_level,1066,-0.00586,-0.03442,1.01172,-0.00599,-0.00959,0.00746,26.76,38.42,56.36
accel_level,1067,-0.00391,-0.03052,1.01392,-0.00479,-0.00453,0.00346,25.41,40.51,56.21
accel_level,1068,-0.00537,-0.03247,1.01294,-0.00386,-0.0032,0.00399,27.36,38.42,56.36
accel_level,1069,-0.00757,-0.02979,1.01758,-0.00426,-0.01065,0.00426,27.06,39.17,56.36
accel_level,1070,-0.00977,-0.03613,1.01465,-0.00067,-0.00519,0.00945,27.06,39.17,56.36
accel_level,1071,-0.00757,-0.02808,1.01245,0.00133,-0.00626,0.00746,26.91,39.32,55.91
accel_level,1072,-0.00171,-0.0354,1.00977,-0.00506,-0.00826,0.00213,27.81,39.92,56.81
accel_level,1073,-0.00928,-0.03564,1.01489,-0.00826,-0.00919,0.00493,26.31,38.72,56.06
accel_level,1074,-0.00659,-0.03687,1.01807,-0.00506,-0.00812,0.00719,27.36,40.66,56.36
accel_level,1075,-0.00366,-0.03662,1.02026,-0.00533,-0.00959,0.00719,27.36,40.66,56.36
accel_level,1076,-0.00928,-0.03491,1.01587,0.00067,-0.00559,0.00852,26.76,39.92,57.56
accel_level,1077,-0.01196,-0.0332,1.0127,-0.00692,-0.00852,0.01039,28.11,40.66,55.61
accel_level,1078,-0.00952,-0.03906,1.01514,-0.00133,-0.00919,0.00546,25.56,39.92,56.81
accel_level,1079,-0.0144,-0.03345,1.01855,-0.0004,-0.00479,0.00613,25.56,39.92,56.81
accel_level,1080,-0.00879,-0.03882,1.0105,-0.00253,-0.01092,0.00879,26.31,38.42,56.36
accel_level,1081,-0.00806,-0.0293,1.01367,-0.00133,-0.00866,0.01252,26.46,39.32,55.17
accel_level,1082,-0.00684,-0.03784,1.01392,-0.0016,-0.01052,0.00679,27.66,39.32,55.46
accel_level,1083,-0.00928,-0.03564,1.01172,-0.0008,-0.00919,0.00573,26.91,39.77,56.21
accel_level,1084,-0.00952,-0.03613,1.01172,-0.00266,-0.00772,0.00719,26.91,39.77,56.21
accel_level,1085,-0.00684,-0.03369,1.01294,-0.0028,-0.00546,0.00786,27.06,39.92,56.06
accel_x_down,2413,-1.00635,-0.03564,0.03809,-0.00692,-0.01971,0.00546,29.15,46.49,34.68
accel_x_down,2414,-1.0,-0.03638,0.04346,-0.00346,-0.01531,0.00346,26.91,47.39,35.73
accel_x_down,2415,-1.00269,-0.03711,0.03955,-0.00146,-0.00932,0.00533,26.91,47.39,35.73
accel_x_down,2416,-1.00293,-0.03857,0.04004,-0.00506,-0.01798,0.00493,26.16,47.69,33.94
accel_x_down,2417,-1.00513,-0.04028,0.03906,-0.00013,-0.02184,0.01132,26.91,48.44,34.98
accel_x_down,2418,-1.01099,-0.03809,0.04419,-0.00373,-0.02676,0.00945,26.31,46.79,36.33
accel_x_down,2419,-0.99902,-0.03979,0.04443,-0.00306,-0.00493,0.00812,26.31,47.09,36.33
accel_x_down,2420,-1.00269,-0.0354,0.03906,-0.0032,0.01065,0.01185,26.31,47.09,36.33
accel_x_down,2421,-0.99756,-0.03882,0.03662,-0.00439,0.00466,0.00905,25.56,47.54,34.53
accel_x_down,2422,-0.99634,-0.04321,0.04419,-0.00559,-0.0036,0.00852,28.85,47.09,35.13
accel_x_down,2423,-1.00073,-0.03857,0.04443,-0.0004,-0.00053,0.01039,26.16,46.2,34.98
accel_x_down,2424,-1.00537,-0.04224,0.03979,-0.00652,-0.00706,0.00772,27.21,48.14,35.43
accel_x_down,2425,-1.00317,-0.03833,0.03833,-0.00266,0.00213,0.00812,27.21,48.14,35.43
accel_x_down,2426,-1.00024,-0.03467,0.0415,0.00186,-0.00666,0.01185,26.76,46.79,35.88
accel_x_down,2427,-1.00317,-0.03687,0.03833,-0.0036,-0.01185,0.00719,27.06,47.09,35.13
accel_x_down,2428,-1.0,-0.03979,0.03687,-0.00439,-0.01811,0.00905,27.66,46.94,34.68
accel_x_down,2429,-0.99976,-0.03589,0.03955,0.0012,-0.01585,0.00692,27.66,46.94,34.68
accel_x_down,2430,-1.00464,-0.04102,0.0332,-0.00346,-0.01132,0.01065,27.36,47.09,34.53
accel_x_down,2431,-1.00098,-0.03296,0.03394,-0.0012,-0.02091,0.00839,27.21,48.89,35.43
accel_x_down,2432,-1.00562,-0.03247,0.03589,-0.00772,-0.0237,0.00253,26.91,47.69,35.73
accel_x_down,2433,-1.00049,-0.03125,0.03735,-0.00666,-0.03902,0.00719,26.91,47.69,35.73
accel_x_down,2434,-0.99878,-0.04126,0.05029,-0.00453,-0.03968,0.00466,26.91,47.69,35.73
accel_x_down,2435,-0.99609,-0.03467,0.05688,-0.00453,-0.01691,0.00812,25.71,48.44,34.68
accel_x_down,2436,-0.9978,-0.03931,0.04956,-0.00533,0.01411,0.00732,26.46,47.69,35.43
accel_x_down,2437,-1.00537,-0.03589,0.03516,-0.00093,0.00959,0.00746,26.46,47.69,35.43
accel_x_down,2438,-1.00513,-0.03442,0.03882,0.00093,0.00027,0.00639,26.46,47.69,35.43
accel_x_down,2439,-1.00366,-0.03345,0.04053,-0.00067,-0.00253,0.01105,27.06,47.09,34.83
accel_x_down,2440,-1.00757,-0.03857,0.04199,-0.00346,-0.00399,0.01198,25.12,46.49,34.98
accel_x_down,2441,-1.00049,-0.03662,0.04321,-0.00626,-0.00573,0.01025,26.76,47.84,35.58
accel_x_down,2442,-0.99756,-0.04175,0.03809,0.00146,0.00652,0.00306,26.76,47.84,35.58
accel_x_down,2443,-1.00342,-0.03564,0.03687,-0.0008,-0.00506,0.00439,26.16,48.44,35.43
accel_x_down,2444,-1.00024,-0.03394,0.04517,-0.00599,-0.01172,0.00266,26.76,47.09,34.83
accel_x_down,2445,-1.00391,-0.03711,0.04883,0.00027,0.01198,0.00666,27.21,47.69,36.78
accel_x_down,2446,-1.00342,-0.03857,0.03394,-0.00985,0.02277,0.00027,27.21,47.69,36.78
accel_x_down,2447,-1.00049,-0.03394,0.03931,-0.00346,0.02264,0.00599,27.21,47.39,34.68
accel_x_down,2448,-1.0022,-0.03833,0.02979,-0.00226,0.00652,0.00626,26.46,46.94,34.24
accel_x_down,2449,-1.00366,-0.03589,0.03247,-0.0024,-0.01198,0.00186,25.71,46.49,35.73
accel_x_down,2450,-1.00073,-0.03906,0.03711,-0.00466,-0.0221,0.00945,26.31,47.54,34.83
accel_x_down,2451,-1.00366,-0.03882,0.04004,-0.0028,-0.03435,0.00399,26.31,47.54,34.83
accel_x_down,2452,-1.00342,-0.03442,0.04248,-0.00186,-0.03103,0.00493,26.31,47.54,35.58
accel_x_down,2453,-1.00586,-0.03198,0.04761,-0.00453,-0.0237,0.00293,27.21,46.49,34.24
accel_x_down,2454,-0.99683,-0.04199,0.04663,0.00067,-0.01451,0.00719,26.91,47.69,35.43
accel_x_down,2455,-1.00122,-0.03345,0.04443,-0.0028,-0.00107,0.00732,27.96,46.49,35.73
accel_x_down,2456,-1.00415,-0.03857,0.04199,-0.0028,0.00666,0.00599,26.01,47.09,35.13
accel_x_down,2457,-1.00781,-0.0332,0.03833,-0.00386,-0.002,0.00772,26.01,47.84,34.53
accel_x_down,2458,-1.00781,-0.04224,0.03589,0.00306,-0.01172,0.01079,26.46,48.14,34.98
accel_x_down,2459,-1.00098,-0.03711,0.03955,-0.0028,-0.01944,0.00439,27.96,46.94,34.98
accel_x_down,2460,-1.00244,-0.03809,0.04199,-0.00253,-0.02503,0.00972,27.96,46.94,34.98
accel_x_down,2461,-1.00146,-0.03784,0.04443,-0.00253,-0.03196,0.00652,27.06,47.54,35.58
accel_x_down,2462,-1.00439,-0.03613,0.03906,-0.00453,-0.01039,0.01092,26.76,46.79,36.33
accel_x_down,2463,-1.00146,-0.03931,0.0415,-0.00107,-0.01052,0.00613,26.76,48.29,34.83
accel_x_down,2464,-0.99634,-0.04102,0.04468,-0.00306,-0.00333,0.00772,26.91,47.39,34.98
accel_x_down,2465,-1.00269,-0.03613,0.03784,-0.00107,0.0,0.00786,26.91,47.39,34.98
accel_x_down,2466,-1.00342,-0.04028,0.04248,-0.00226,-0.00559,0.00453,26.76,46.34,35.88
accel_x_down,2467,-1.00684,-0.03418,0.03882,-0.00746,-0.01917,0.00559,27.06,46.79,34.09
accel_x_down,2468,-0.99902,-0.03613,0.04712,-0.00613,-0.01172,0.00466,28.11,45.6,35.13
accel_x_down,2469,-0.99658,-0.03809,0.04175,-0.002,-0.01451,0.00839,28.11,45.6,35.13
accel_x_down,2470,-1.00366,-0.03833,0.04004,-0.00439,-0.01012,0.00466,26.16,47.69,35.73
accel_x_down,2471,-1.00122,-0.03174,0.03882,-0.00666,-0.01132,0.00652,26.91,46.49,34.24
accel_x_down,2472,-1.00391,-0.03979,0.03857,-0.00533,-0.00413,0.00599,26.76,47.09,34.83
accel_x_down,2473,-0.99683,-0.03662,0.04004,-0.00573,-0.00253,0.00559,26.46,47.39,34.68
accel_x_down,2474,-1.00024,-0.03882,0.04077,-0.00439,0.00107,0.00546,26.46,47.39,34.68
accel_x_down,2475,-1.00146,-0.03418,0.03516,-0.00093,-0.00493,0.00533,26.01,47.09,34.83
accel_x_down,2476,-0.99854,-0.03784,0.0354,-0.00586,-0.01771,0.01092,27.06,47.09,35.13
accel_x_down,2477,-1.00513,-0.03882,0.04248,-0.00533,-0.0253,0.00879,25.71,46.2,35.43
accel_x_down,2478,-1.00293,-0.03369,0.03906,-0.00479,-0.02996,0.00626,25.71,46.2,35.43
accel_x_down,2479,-0.99951,-0.03833,0.04517,-0.00253,-0.03728,0.00972,26.76,47.84,35.58
accel_x_down,2480,-0.99927,-0.04224,0.04321,-0.0036,-0.02557,0.00706,26.46,48.14,34.24
accel_x_down,2481,-1.00342,-0.03711,0.04053,-0.00386,-0.01198,0.00146,25.56,47.84,35.58
accel_x_down,2482,-0.99927,-0.03735,0.04492,-0.0032,-0.00879,0.00373,27.36,47.09,35.58
accel_x_down,2483,-1.00244,-0.03784,0.04272,0.00146,0.00293,0.00493,27.36,47.09,35.58
accel_x_down,2484,-1.0022,-0.03394,0.04102,-0.00333,0.0004,0.00439,27.36,46.79,34.09
accel_x_down,2485,-1.00684,-0.03735,0.03613,-0.00506,-0.00426,0.00932,26.91,48.14,35.73
accel_x_down,2486,-1.00244,-0.03833,0.04175,-0.0016,-0.00852,0.00559,26.91,47.69,34.68
accel_x_down,2487,-1.00146,-0.03564,0.04443,-0.00546,-0.01704,0.00905,26.91,47.69,34.68
accel_x_down,2488,-0.99829,-0.03516,0.04395,-0.00559,-0.01957,0.01158,27.81,47.09,34.83
accel_x_down,2489,-1.01099,-0.03882,0.01733,-0.00306,-0.02517,0.00719,26.01,47.09,35.88
accel_x_down,2490,-0.99243,-0.03882,0.06396,-0.002,-0.02437,0.00759,27.21,46.94,34.98
accel_x_down,2491,-0.99854,-0.03418,0.04565,0.00146,-0.0225,0.00493,27.66,47.39,34.68
accel_x_down,2492,-0.99683,-0.03418,0.04126,-0.0028,-0.01518,0.00559,27.66,47.39,34.68
accel_x_down,2493,-1.0,-0.03711,0.03638,-0.00306,-0.02237,0.00626,26.91,47.39,33.94
accel_x_down,2494,-1.00293,-0.0415,0.03857,-0.00479,-0.02397,0.00426,27.36,47.09,34.83
accel_x_down,2495,-1.0061,-0.03638,0.0437,-0.00559,-0.03023,0.00652,26.76,46.79,36.33
accel_x_down,2496,-1.00391,-0.03418,0.04517,-0.00293,-0.0289,0.00839,27.96,45.75,35.73
accel_x_down,2497,-1.00659,-0.03491,0.03687,-0.00599,-0.0494,0.00719,27.96,45.75,35.73
accel_x_down,2498,-0.99609,-0.0415,0.0481,-0.00253,-0.04554,0.00812,27.06,47.84,36.33
accel_x_down,2499,-1.00244,-0.03516,0.05176,-0.00732,-0.02011,0.00306,26.31,46.79,35.58
accel_x_down,2500,-0.99854,-0.03735,0.05078,-0.00293,0.00013,0.00879,26.01,47.54,35.13
accel_x_down,2501,-0.99951,-0.0354,0.04956,-0.0016,0.02157,0.00213,26.01,47.54,35.13
accel_x_down,2502,-1.00464,-0.03613,0.03857,-0.00573,0.01571,0.00746,27.21,46.2,35.73
accel_x_down,2503,-0.99609,-0.04102,0.03931,-0.00439,-0.00226,0.00613,27.66,47.69,36.03
accel_x_down,2504,-1.00464,-0.03345,0.03174,-0.00373,-0.01119,0.00692,26.16,46.2,33.94
accel_x_down,2505,-1.00488,-0.03882,0.0415,-0.00413,-0.03302,0.01372,27.21,47.69,36.03
accel_x_down,2506,-1.00708,-0.04053,0.05322,-0.0036,-0.03635,0.00599,27.21,47.69,36.03
accel_x_down,2507,-0.99683,-0.03687,0.04468,-0.00506,-0.0225,0.00839,28.4,46.94,35.73
accel_x_down,2508,-0.99976,-0.03491,0.05469,-0.00226,-0.01358,0.00519,27.21,46.94,35.43
accel_x_down,2509,-0.99609,-0.03638,0.05029,-0.0008,0.002,0.00652,26.46,46.94,34.98
accel_x_down,2510,-0.99976,-0.0354,0.04248,-0.00493,0.01678,0.00692,26.46,46.94,34.98
accel_x_down,2511,-1.00366,-0.03491,0.04492,-0.00692,0.01079,0.01039,26.76,48.29,35.13
accel_x_down,2512,-1.00488,-0.04077,0.04077,-0.00519,0.00399,0.00746,26.91,46.2,36.48
accel_x_down,2513,-1.0061,-0.03979,0.03784,-0.01065,-0.01385,0.00746,26.76,48.29,35.88
accel_x_down,2514,-1.00757,-0.03735,0.03711,-0.00439,-0.03249,0.00559,27.66,46.49,36.78
accel_x_down,2515,-1.00342,-0.03467,0.04248,-0.00399,-0.03742,0.00692,27.66,46.49,36.78
accel_x_down,2516,-0.99707,-0.03833,0.04248,-0.002,-0.04554,0.00493,27.06,47.09,35.13
accel_x_down,2517,-0.99976,-0.03442,0.05469,-0.00626,-0.02397,0.00559,26.76,47.54,35.13
accel_x_down,2518,-1.00635,-0.03491,0.05103,-0.00067,-0.01119,0.00652,26.46,47.39,33.94
accel_x_down,2519,-0.99976,-0.03589,0.04858,-0.0036,-0.00506,0.00493,26.46,47.39,33.94
accel_x_down,2520,-0.99951,-0.03394,0.04443,-0.00226,-0.00253,0.00599,26.46,47.69,35.73
accel_x_down,2521,-1.00244,-0.03394,0.04321,-0.00453,-0.00732,0.01052,27.96,46.94,33.94
accel_x_down,2522,-1.01099,-0.03271,0.0376,-0.00053,-0.01438,0.00959,26.91,47.69,35.73
accel_x_down,2523,-1.00293,-0.03613,0.03809,-0.00399,-0.01997,0.00599,26.31,46.79,34.09
accel_x_down,2524,-0.99976,-0.03613,0.03931,-0.0028,-0.02996,0.00453,26.31,46.79,34.09
accel_x_down,2525,-1.00122,-0.03687,0.04517,-0.0036,-0.02969,0.00519,26.31,47.09,35.13
accel_x_down,2526,-0.99609,-0.04443,0.04419,0.00027,-0.03196,0.00373,26.76,47.54,35.58
accel_x_down,2527,-1.00171,-0.03369,0.04248,-0.00426,-0.02277,0.00719,26.31,47.09,35.13
accel_x_down,2528,-1.00293,-0.03491,0.04907,-0.00027,-0.0028,0.00386,26.16,46.94,35.43
accel_x_down,2529,-1.00098,-0.03784,0.04419,-0.00546,0.00533,0.00812,26.16,46.94,35.43
accel_x_down,2530,-1.00171,-0.03857,0.03857,-0.00533,0.00053,0.00386,27.66,45.45,35.43
accel_x_down,2531,-1.00122,-0.03369,0.04541,-0.00559,0.00053,0.00826,26.31,46.05,35.88
accel_x_down,2532,-1.00415,-0.0415,0.03516,-0.0012,-0.00493,0.00772,27.06,48.29,35.58
accel_x_down,2533,-1.00195,-0.04297,0.04272,-0.00399,-0.02184,0.00812,27.06,48.29,35.58
accel_x_down,2534,-1.00415,-0.03979,0.0415,-0.00426,-0.02863,0.00959,27.21,47.39,36.48
accel_x_down,2535,-1.0022,-0.03735,0.04321,-0.00306,-0.0269,0.0028,28.11,48.29,35.13
accel_x_down,2536,-0.99512,-0.03638,0.04883,-0.00413,-0.01585,0.00213,26.46,47.69,35.73
accel_x_down,2537,-1.00122,-0.0376,0.04956,-0.00133,0.00386,0.0032,27.96,47.69,35.43
accel_x_down,2538,-1.00195,-0.03784,0.04663,-0.00559,0.01824,0.00333,27.96,47.69,35.43
accel_x_down,2539,-1.00171,-0.03613,0.04321,-0.00479,0.0285,0.00919,25.12,46.94,36.03
accel_x_down,2540,-1.0061,-0.03784,0.03882,-0.00493,0.02024,0.00905,27.36,46.79,34.83
accel_x_down,2541,-1.00537,-0.03467,0.03711,-0.00692,0.01478,0.01092,26.31,46.79,35.58
accel_x_down,2542,-1.00928,-0.03687,0.03735,-0.00453,0.00173,0.00599,26.31,46.79,35.58
accel_x_down,2543,-1.0022,-0.03369,0.03833,-0.0024,-0.01411,0.00652,27.81,48.29,35.88
accel_x_down,2544,-1.00586,-0.04077,0.0415,-0.002,-0.0217,0.00826,27.36,46.79,34.83
accel_x_down,2545,-1.0022,-0.03564,0.03711,-0.00439,-0.02623,0.00426,26.46,48.14,36.48
accel_x_down,2546,-1.00244,-0.03711,0.03809,-0.00626,-0.03808,0.00626,27.21,47.39,34.98
accel_x_down,2547,-1.00024,-0.03369,0.04883,-0.00546,-0.04647,0.01305,27.21,47.39,34.98
accel_x_down,2548,-1.00586,-0.03687,0.04932,-0.00306,-0.03262,0.00186,27.96,47.39,36.48
accel_x_down,2549,-1.00464,-0.0376,0.04663,-0.01012,-0.02863,0.00786,26.16,47.69,35.73
accel_x_down,2550,-1.00244,-0.04077,0.05029,-0.00133,-0.02104,0.00493,26.91,46.49,35.43
accel_x_down,2551,-0.99463,-0.03687,0.04858,-0.00266,-0.02051,0.00639,26.91,46.49,35.43
accel_x_down,2552,-1.00342,-0.03662,0.04663,-0.00546,-0.01105,0.00692,25.27,48.29,35.88
accel_x_down,2553,-1.00049,-0.03638,0.04932,-0.00266,-0.00613,0.00959,28.11,46.79,35.88
accel_x_down,2554,-1.00537,-0.03784,0.04297,-0.00599,-0.00493,0.00213,26.16,46.94,34.68
accel_x_down,2555,-1.00635,-0.03784,0.04028,-0.00719,-0.01305,0.01105,25.56,47.54,35.13
accel_x_down,2556,-1.00391,-0.04004,0.03711,-0.00426,-0.01971,0.00826,25.56,47.54,35.13
accel_x_down,2557,-1.00122,-0.03687,0.04224,-0.00772,-0.0273,0.01132,25.56,47.54,36.63
accel_x_down,2558,-1.00098,-0.04028,0.05273,-0.00506,-0.01678,0.00626,27.06,47.09,35.88
accel_x_down,2559,-0.99414,-0.03662,0.0459,-0.00732,-0.01158,0.00599,27.06,48.29,35.13
accel_x_down,2560,-0.99805,-0.03394,0.05078,-0.00706,-0.00613,0.00293,27.06,48.29,35.13
accel_x_down,2561,-1.00293,-0.03857,0.0459,-0.00413,0.00839,0.00905,26.16,47.39,33.94
accel_x_down,2562,-0.9978,-0.03687,0.04395,0.00013,-0.00466,0.00759,27.06,48.74,34.53
accel_x_up,3545,1.00757,-0.0105,0.01636,-0.00346,-0.09108,0.00905,-33.34,-26.91,47.84
accel_x_up,3546,1.00146,-0.00977,0.0144,-0.00173,-0.07111,0.00346,-32.44,-27.96,48.74
accel_x_up,3547,1.00732,-0.00781,0.01685,-0.0032,-0.10133,-0.00027,-32.44,-27.96,48.74
accel_x_up,3548,1.00171,-0.00732,0.01489,-0.00519,-0.0976,0.00639,-32.89,-28.55,49.19
accel_x_up,3549,1.01489,-0.01025,-0.00024,-0.00293,-0.06165,0.00706,-31.1,-27.66,48.44
accel_x_up,3550,0.97876,-0.00757,0.03491,0.0004,-0.04474,0.00932,-33.64,-28.55,48.44
accel_x_up,3551,1.00757,-0.00562,0.01392,-0.0028,-0.04594,0.00626,-33.34,-27.36,48.89
accel_x_up,3552,1.00977,-0.00659,0.01221,-0.00133,-0.02051,0.00919,-33.34,-27.36,48.89
accel_x_up,3553,1.01123,-0.01392,0.00635,-0.00226,0.00905,0.00533,-33.64,-28.11,47.84
accel_x_up,3554,0.98413,-0.00537,0.03442,-0.00639,0.00932,0.00706,-34.98,-28.7,49.04
accel_x_up,3555,0.99902,-0.00464,0.0166,-0.00173,-0.00679,0.0024,-33.19,-28.7,49.33
accel_x_up,3556,0.99463,-0.00488,0.02026,-0.00706,-0.01957,0.00812,-33.19,-28.7,49.33
accel_x_up,3557,1.00342,-0.00391,0.01099,-0.00546,-0.04474,0.00559,-32.89,-28.11,48.44
accel_x_up,3558,1.0061,-0.01196,0.00708,-0.0036,-0.01971,0.00812,-32.74,-28.26,48.74
accel_x_up,3559,1.00146,-0.00098,0.01074,-0.00306,0.00799,0.00679,-32.44,-27.96,47.99
accel_x_up,3560,1.00317,-0.01001,0.01147,-0.0036,0.01158,0.00453,-32.59,-27.66,47.39
accel_x_up,3561,1.00024,-0.00586,0.00708,-0.00573,0.02237,0.00479,-32.59,-27.66,47.39
accel_x_up,3562,0.99536,-0.00464,0.01318,-0.002,0.03316,0.0036,-34.09,-28.85,48.14
accel_x_up,3563,0.9917,-0.00903,0.01685,-0.00666,0.02823,0.00746,-32.74,-29.0,47.24
accel_x_up,3564,0.99878,-0.00928,0.02124,-0.00786,0.00599,0.00799,-33.34,-28.11,49.63
accel_x_up,3565,0.99414,-0.01001,0.01196,-0.00799,-0.0004,0.00666,-33.34,-26.91,49.19
accel_x_up,3566,1.00049,-0.00952,0.01514,-0.00027,0.00226,0.00812,-33.34,-26.91,49.19
accel_x_up,3567,0.9939,-0.01416,0.00952,-0.0004,0.00839,0.00613,-33.34,-27.66,48.44
accel_x_up,3568,1.00513,-0.01001,0.01514,-0.00027,0.01065,0.01052,-33.34,-28.55,48.44
accel_x_up,3569,0.99902,-0.01172,0.01465,-0.002,0.01398,0.00186,-32.44,-28.26,49.04
accel_x_up,3570,1.00488,-0.0083,0.01343,-0.00067,0.01132,0.00519,-32.44,-28.26,49.04
accel_x_up,3571,1.0022,-0.00537,0.02002,-0.00573,0.01212,0.00692,-32.74,-28.26,49.33
accel_x_up,3572,0.9978,-0.00732,0.02563,-0.00333,0.00186,0.00533,-32.14,-27.36,49.63
accel_x_up,3573,0.99219,-0.01294,0.01831,-0.00573,-0.00972,0.00679,-33.49,-26.76,49.04
accel_x_up,3574,1.00146,-0.00513,0.01538,-0.00479,-0.00759,0.00453,-32.44,-26.46,49.33
accel_x_up,3575,1.0,-0.00952,0.01953,-0.0016,-0.01984,0.00426,-32.44,-26.46,49.33
accel_x_up,3576,1.00269,-0.00854,0.00635,-0.00546,-0.01824,0.00719,-32.14,-28.11,48.44
accel_x_up,3577,1.00073,-0.00659,0.01416,-0.0008,-0.00959,0.00972,-32.59,-26.61,48.44
accel_x_up,3578,1.00122,-0.00513,0.01904,-0.00426,-0.00972,0.00746,-31.69,-27.21,49.04
accel_x_up,3579,1.00024,-0.01221,0.01709,-0.00013,-0.00546,0.00839,-31.69,-27.21,49.04
accel_x_up,3580,1.00146,-0.01099,0.01831,-0.00413,-0.01585,0.00599,-32.44,-29.0,48.74
accel_x_up,3581,1.00171,-0.00854,0.01172,-0.00093,-0.00746,0.00879,-32.14,-26.91,49.93
accel_x_up,3582,1.00415,-0.00439,0.01611,-0.00692,0.02117,0.00972,-34.83,-29.3,49.19
accel_x_up,3583,0.99878,-0.00732,0.01123,-0.00453,0.04341,0.00799,-32.74,-27.96,48.74
accel_x_up,3584,1.00122,-0.01392,0.01172,-0.00493,0.05952,0.01039,-32.74,-27.96,48.74
accel_x_up,3585,1.00073,-0.00537,0.01855,-0.00692,0.05766,0.00306,-31.25,-28.26,49.78
accel_x_up,3586,1.00806,-0.01172,0.01953,-0.00226,0.04514,0.00866,-33.49,-28.26,49.04
accel_x_up,3587,0.99585,-0.0083,0.02319,0.0012,0.02743,0.0032,-32.89,-27.36,49.63
accel_x_up,3588,0.99634,-0.00513,0.0188,-0.00253,-0.01105,0.00746,-32.89,-27.36,49.63
accel_x_up,3589,1.00024,-0.00757,0.01709,-0.00999,-0.01704,0.00613,-31.99,-29.0,49.78
accel_x_up,3590,1.00049,-0.00391,0.01636,-0.00386,-0.02943,0.00226,-32.59,-28.85,49.19
accel_x_up,3591,1.00098,-0.00903,0.01953,0.00053,-0.0261,0.00186,-32.89,-28.55,48.44
accel_x_up,3592,1.00073,-0.00537,0.01758,-0.00426,-0.03529,0.01158,-32.44,-29.45,50.08
accel_x_up,3593,0.99561,-0.00757,0.01636,-0.00479,-0.02903,0.00559,-32.44,-29.45,50.08
accel_x_up,3594,1.00537,-0.00854,0.0127,-0.00253,-0.00573,0.00466,-32.74,-26.46,49.04
accel_x_up,3595,1.00806,-0.01221,0.01587,-0.00067,0.0277,0.00839,-32.14,-28.55,49.93
accel_x_up,3596,1.0061,-0.00806,0.01318,-0.00652,0.04408,0.00905,-32.14,-29.6,49.63
accel_x_up,3597,0.99658,-0.01514,0.01709,-0.00266,0.06711,0.00839,-32.14,-29.6,49.63
accel_x_up,3598,0.9917,-0.00317,0.02441,-0.00293,0.05712,0.00746,-33.49,-28.26,48.29
accel_x_up,3599,0.99854,-0.00952,0.02539,-0.00373,0.00905,0.00639,-32.59,-28.55,48.14
accel_x_up,3600,0.99854,-0.00854,0.02441,-0.0016,-0.0265,0.00306,-33.64,-28.11,49.63
accel_x_up,3601,0.99683,-0.00586,0.02148,-0.00413,-0.06232,0.00852,-31.99,-27.51,49.04
accel_x_up,3602,0.99854,-0.00635,0.01587,-0.00253,-0.09028,0.00613,-31.99,-27.51,49.04
accel_x_up,3603,1.00195,-0.00464,0.01196,-0.00107,-0.06392,0.00999,-33.34,-27.66,48.44
accel_x_up,3604,1.00049,-0.00757,0.02051,-0.00107,-0.04647,0.00945,-31.99,-26.76,48.74
accel_x_up,3605,1.00708,-0.01196,0.01538,0.00027,-0.03795,0.00599,-33.19,-28.26,47.99
accel_x_up,3606,1.00586,-0.00439,0.01685,-0.00213,-0.01585,0.00719,-32.14,-28.11,47.84
accel_x_up,3607,0.99829,-0.00952,0.01343,-0.00107,-0.00533,0.00293,-32.14,-28.11,47.84
accel_x_up,3608,1.00366,-0.01099,0.00732,-0.00759,0.0233,0.00253,-32.44,-29.0,49.33
accel_x_up,3609,1.00122,-0.00342,0.01465,-0.00213,0.03888,0.00533,-32.59,-27.66,48.14
accel_x_up,3610,0.99561,-0.01001,0.02051,-0.00759,0.04421,0.0028,-32.44,-27.21,50.08
accel_x_up,3611,0.99561,-0.01172,0.01929,-0.00786,0.02863,0.00506,-32.44,-27.21,50.08
accel_x_up,3612,0.99536,-0.01172,0.02368,-0.00027,0.00839,0.00772,-33.34,-27.66,49.19
accel_x_up,3613,0.99731,-0.01318,0.02393,-0.00426,-0.01984,0.00519,-33.19,-27.96,50.53
accel_x_up,3614,0.99414,-0.00293,0.01904,-0.00519,-0.04141,0.00959,-33.34,-27.66,47.84
accel_x_up,3615,1.00122,-0.01074,0.01343,-0.00226,-0.04035,0.00306,-31.69,-27.21,49.04
accel_x_up,3616,1.00415,-0.01025,0.01636,-0.00053,-0.03409,0.00786,-31.69,-27.21,49.04
accel_x_up,3617,0.99683,-0.00146,0.00903,-0.00506,-0.02996,0.00506,-33.79,-27.96,49.33
accel_x_up,3618,1.00366,-0.00854,0.01172,0.00226,-0.00892,0.00573,-32.14,-28.11,47.84
accel_x_up,3619,1.00342,-0.01074,0.0188,-0.00546,0.00306,0.01039,-33.79,-28.26,49.33
accel_x_up,3620,0.99854,-0.00732,0.01855,-0.00546,0.00533,0.00626,-33.79,-28.26,49.33
accel_x_up,3621,1.00244,-0.00293,0.01416,-0.0016,0.02037,0.00812,-33.34,-27.36,48.89
accel_x_up,3622,1.00366,-0.01318,0.02026,0.00306,0.02503,0.00679,-32.74,-29.75,50.08
accel_x_up,3623,0.99854,-0.0061,0.0144,-0.00186,0.03529,0.00985,-33.64,-28.11,48.89
accel_x_up,3624,0.99316,-0.00952,0.01831,-0.00613,0.01984,0.00399,-34.09,-27.36,49.93
accel_x_up,3625,0.99658,-0.0061,0.02051,-0.00413,0.01012,0.00772,-34.09,-27.36,49.93
accel_x_up,3626,1.00171,-0.00952,0.01709,-0.00573,-0.00226,0.00613,-32.89,-27.66,48.14
accel_x_up,3627,1.0022,-0.01025,0.02173,-0.00373,-0.01052,0.00613,-32.14,-28.85,47.84
accel_x_up,3628,0.99927,-0.01367,0.01465,-0.00346,-0.01997,0.00692,-32.89,-27.36,48.14
accel_x_up,3629,1.00562,-0.00928,0.02222,-0.00812,-0.01744,0.01052,-32.89,-27.36,48.14
accel_x_up,3630,1.00049,-0.00562,0.01489,-0.00146,0.00692,0.00186,-33.19,-29.45,49.04
accel_x_up,3631,1.00513,-0.01294,0.01563,-0.00266,0.02423,0.00146,-34.53,-29.0,49.33
accel_x_up,3632,1.00269,-0.00586,0.01294,-0.00586,0.04887,0.00466,-31.25,-28.7,49.33
accel_x_up,3633,0.99878,-0.0105,0.02026,-0.00799,0.05007,0.00413,-31.84,-29.6,48.14
accel_x_up,3634,0.99536,-0.00952,0.021,-0.00826,0.03182,0.01012,-31.84,-29.6,48.14
accel_x_up,3635,1.00439,-0.00537,0.0166,-0.00506,0.02703,0.00692,-33.49,-29.45,49.04
accel_x_up,3636,1.00122,-0.01123,0.01978,-0.002,0.02197,0.00652,-33.19,-29.75,47.54
accel_x_up,3637,0.99951,-0.00635,0.02515,0.00253,0.01758,0.01185,-32.14,-28.55,49.19
accel_x_up,3638,1.00171,-0.00732,0.01953,-0.00573,0.01145,0.00719,-32.14,-28.55,49.19
accel_x_up,3639,1.00513,-0.00781,0.02734,0.00067,0.00999,0.00652,-33.64,-30.8,49.19
accel_x_up,3640,0.99902,-0.01196,0.02319,0.0004,-0.00759,0.00959,-32.44,-27.96,49.04
accel_x_up,3641,1.00562,-0.00903,0.02148,-0.0036,-0.02024,0.00599,-31.99,-27.96,48.74
accel_x_up,3642,1.00464,-0.01025,0.021,-0.00426,-0.00799,0.00146,-31.25,-30.2,49.78
accel_x_up,3643,1.00171,-0.00806,0.02075,-0.0036,-0.0032,0.00533,-31.25,-30.2,49.78
accel_x_up,3644,1.00171,-0.00513,0.02075,-0.00306,-0.0016,0.00652,-32.59,-28.11,49.63
accel_x_up,3645,1.00049,-0.00464,0.02173,-0.00479,-0.01065,0.01012,-32.59,-27.66,47.39
accel_x_up,3646,1.00122,-0.00439,0.02393,-0.00373,-0.02091,0.00559,-33.34,-28.85,49.19
accel_x_up,3647,0.99683,-0.00732,0.02319,-0.00453,-0.03462,0.00719,-32.59,-27.66,49.19
accel_x_up,3648,1.0,-0.01196,0.02246,-0.00186,-0.02943,0.01052,-32.59,-27.66,49.19
accel_x_up,3649,1.00488,-0.00977,0.02222,-0.00626,-0.03595,0.01025,-33.19,-28.26,48.74
accel_x_up,3650,1.00537,-0.00635,0.02295,-0.002,-0.02384,0.00692,-32.89,-27.36,48.44
accel_x_up,3651,1.00073,-0.00854,0.02075,-0.00027,-0.01731,0.00666,-32.14,-27.36,48.14
accel_x_up,3652,0.99805,-0.00024,0.01929,0.00027,-0.01278,0.00719,-32.14,-27.36,48.14
accel_x_up,3653,1.00903,-0.00146,0.01782,-0.00426,-0.00546,0.00306,-32.59,-26.91,49.19
accel_x_up,3654,1.00146,-0.01221,0.01587,-0.00186,0.02929,0.00679,-33.49,-27.51,48.74
accel_x_up,3655,1.00293,-0.01465,0.02783,-0.00879,0.03835,0.00586,-31.25,-27.96,49.04
accel_x_up,3656,0.99756,-0.01294,0.02002,-0.00453,0.02969,0.00999,-31.25,-27.51,48.29
accel_x_up,3657,1.00366,-0.00708,0.01904,-0.0032,0.03662,0.00506,-31.25,-27.51,48.29
accel_x_up,3658,1.00171,-0.00708,0.02783,-0.00479,0.03928,0.00812,-33.49,-27.21,47.54
accel_x_up,3659,1.0022,-0.00928,0.02637,-0.00479,0.01917,0.00799,-32.44,-28.7,48.74
accel_x_up,3660,0.99805,-0.00195,0.03174,-0.00479,0.00093,0.00719,-33.49,-28.26,49.04
accel_x_up,3661,0.99976,-0.00708,0.03076,-0.00772,-0.02676,0.00639,-33.49,-28.26,49.04
accel_x_up,3662,1.00562,-0.00732,0.02856,-0.00453,-0.04874,0.01345,-32.89,-29.3,50.23
accel_x_up,3663,1.00488,-0.0083,0.02124,-0.00173,-0.05113,0.00333,-33.19,-27.96,49.04
accel_x_up,3664,1.00391,-0.01025,0.01782,0.00146,-0.02996,0.00866,-33.64,-27.66,48.89
accel_x_up,3665,1.00049,-0.01025,0.01489,0.00093,-0.00413,0.00559,-33.19,-26.76,48.29
accel_x_up,3666,1.00513,-0.01245,0.02319,-0.00466,0.01385,0.00466,-33.19,-26.76,48.29
accel_x_up,3667,0.99927,-0.00562,0.01855,-0.00213,0.01957,0.00812,-32.59,-27.66,49.93
accel_x_up,3668,0.99756,-0.00537,0.01953,-0.00666,0.02304,0.00479,-31.99,-29.0,49.33
accel_x_up,3669,1.00317,-0.00269,0.02393,-0.00053,0.0233,0.0032,-33.34,-27.66,49.19
accel_x_up,3670,0.99634,-0.00757,0.02271,0.00053,0.00439,0.00533,-33.34,-27.66,49.19
accel_x_up,3671,0.99854,-0.00928,0.02051,-0.0016,0.00027,0.00426,-32.44,-27.96,49.33
accel_x_up,3672,1.00171,-0.00537,0.02051,-0.00666,0.0,0.00852,-31.69,-29.0,49.04
accel_x_up,3673,0.99878,-0.00977,0.01831,0.00213,0.01864,0.00746,-31.99,-28.7,49.04
accel_x_up,3674,1.00439,-0.00732,0.02148,-0.0032,0.02064,0.00972,-33.49,-27.96,50.53
accel_x_up,3675,0.99707,-0.0083,0.02686,-0.00213,0.03182,0.00626,-33.49,-27.96,50.53
accel_x_up,3676,1.00073,-0.0144,0.02441,-0.00826,0.03262,0.00945,-31.99,-26.76,49.78
accel_x_up,3677,1.0,-0.01025,0.02539,-0.00213,0.02956,0.00586,-33.34,-29.6,49.19
accel_x_up,3678,1.00049,-0.00903,0.03052,-0.00293,0.01638,0.00866,-31.25,-27.51,48.74
accel_x_up,3679,0.99609,-0.00732,0.02808,-0.00466,-0.00506,0.0012,-31.25,-27.51,48.74
accel_x_up,3680,1.00293,-0.00708,0.0249,-0.00293,-0.0245,0.00413,-33.79,-29.0,49.04
accel_x_up,3681,0.99854,-0.01416,0.02539,-0.00253,-0.03489,0.00373,-31.84,-27.36,50.23
accel_x_up,3682,1.00122,-0.00781,0.02246,-0.00133,-0.03329,0.00932,-32.44,-27.51,49.33
accel_x_up,3683,0.99951,-0.01782,0.02246,-0.00333,-0.00413,0.01105,-33.34,-28.55,48.14
accel_x_up,3684,1.00171,-0.00977,0.02051,-0.00293,0.00746,0.00439,-33.34,-28.55,48.14
accel_x_up,3685,1.00342,-0.0061,0.02417,-0.00133,0.01598,0.01132,-32.59,-28.55,47.84
accel_x_up,3686,1.00049,-0.00781,0.02051,-0.00253,0.03649,0.00533,-31.69,-28.7,48.74
accel_x_up,3687,1.00391,-0.00952,0.02979,-0.00453,0.03036,0.00839,-32.59,-29.3,49.19
accel_x_up,3688,0.99658,-0.00684,0.03247,-0.002,0.02237,0.00786,-32.59,-29.3,49.19
accel_x_up,3689,0.99731,-0.0144,0.03296,0.00146,0.00027,0.00399,-32.59,-28.85,49.63
accel_x_up,3690,0.99976,-0.00806,0.02466,-0.00919,-0.01265,0.00599,-32.59,-29.3,49.63
accel_x_up,3691,1.0022,-0.00635,0.02759,-0.00479,-0.01957,0.00439,-32.74,-28.7,48.74
accel_x_up,3692,1.00391,-0.00562,0.02466,-0.00639,-0.01585,0.00533,-33.34,-28.85,49.19
accel_x_up,3693,1.00659,-0.00464,0.02368,-0.00013,-0.00706,0.00919,-33.34,-28.85,49.19
accel_y_down,4640,-0.0144,0.98071,-0.00806,-0.00892,-0.01212,0.00719,-39.92,37.23,40.22
accel_y_down,4641,-0.01709,0.98193,-0.00317,-0.00266,-0.00892,0.00386,-39.02,37.08,42.16
accel_y_down,4642,-0.01123,0.96484,0.00024,-0.01744,-0.01012,0.00879,-39.92,38.42,40.51
accel_y_down,4643,-0.01343,0.98291,-0.00098,-0.00932,-0.00573,0.00626,-40.96,37.97,40.51
accel_y_down,4644,-0.02173,0.9668,-0.00171,0.0012,-0.00905,0.00666,-40.81,38.12,40.81
accel_y_down,4645,-0.0188,0.9751,-0.01147,-0.0032,-0.00799,0.00905,-40.81,38.12,40.81
accel_y_down,4646,-0.01416,0.98706,-0.01099,-0.00692,-0.00719,0.00626,-39.32,38.12,40.81
accel_y_down,4647,-0.01343,0.97363,-0.00146,-0.00639,-0.00706,0.00373,-39.17,37.97,42.01
accel_y_down,4648,-0.01807,0.97461,-0.00439,-0.01558,-0.00932,0.00679,-40.07,38.12,41.41
accel_y_down,4649,-0.01221,0.98291,-0.00635,-0.00506,-0.01052,0.00772,-40.66,39.92,40.96
accel_y_down,4650,-0.01953,0.97559,-0.00024,-0.00932,-0.00639,0.00559,-40.66,39.92,40.96
accel_y_down,4651,-0.01563,0.98633,-0.00684,0.00213,-0.01158,0.00546,-39.02,37.82,41.86
accel_y_down,4652,-0.01367,0.97681,-0.00195,0.002,-0.01079,0.00879,-39.77,38.57,41.11
accel_y_down,4653,-0.01733,0.97607,-0.00439,0.00453,-0.00213,0.00692,-40.96,38.72,42.01
accel_y_down,4654,-0.0144,0.98145,0.00073,0.00346,-0.00866,0.00826,-40.96,38.72,42.01
accel_y_down,4655,-0.01465,0.98145,-0.00098,0.0012,-0.00639,0.01158,-39.77,38.12,40.81
accel_y_down,4656,-0.01294,0.98389,-0.0061,-0.00599,-0.00786,0.0028,-39.32,38.57,41.86
accel_y_down,4657,-0.00342,0.97803,-0.00879,-0.02463,-0.00772,0.00493,-40.66,38.42,39.92
accel_y_down,4658,-0.01709,0.98047,0.00024,-0.02663,-0.00892,0.00652,-40.07,37.82,40.81
accel_y_down,4659,-0.01343,0.97754,-0.00488,-0.02344,-0.00892,0.00652,-40.07,37.82,40.81
accel_y_down,4660,-0.01099,0.97534,-0.00098,-0.01478,-0.01358,0.00546,-40.81,37.08,40.07
accel_y_down,4661,-0.01147,0.98071,-0.00098,-0.00346,-0.00692,0.00639,-40.22,37.23,42.01
accel_y_down,4662,-0.00928,0.98511,-0.00415,0.01292,-0.00107,0.00879,-40.22,37.23,41.26
accel_y_down,4663,-0.01587,0.97974,-0.00659,0.00186,-0.00519,0.00293,-40.22,37.23,41.26
accel_y_down,4664,-0.01343,0.97729,-0.00708,-0.00599,-0.00812,0.00453,-40.66,37.67,39.47
accel_y_down,4665,-0.01343,0.97607,-0.00073,-0.01265,-0.00826,0.00972,-39.77,39.02,41.41
accel_y_down,4666,-0.01367,0.97778,0.0,-0.00506,-0.00746,0.00573,-39.77,39.02,41.41
accel_y_down,4667,-0.01489,0.97241,-0.0061,0.00053,-0.00706,0.00466,-39.47,39.47,40.51
accel_y_down,4668,-0.0127,0.98071,-0.01001,0.00559,-0.00892,0.0032,-39.47,39.47,40.51
accel_y_down,4669,-0.01587,0.97925,-0.00391,0.01185,-0.01119,0.00639,-38.87,39.17,40.96
accel_y_down,4670,-0.01807,0.97803,-0.00659,0.00719,-0.00679,0.00839,-39.92,37.97,40.96
accel_y_down,4671,-0.01147,0.97583,-0.00244,-0.00972,-0.01238,0.00586,-39.17,37.67,40.22
accel_y_down,4672,-0.01563,0.97681,-0.00952,-0.01145,-0.00493,0.00479,-39.17,37.67,40.22
accel_y_down,4673,-0.01489,0.97705,-0.00244,-0.01372,-0.00985,0.00599,-39.92,38.72,40.51
accel_y_down,4674,-0.01929,0.98022,-0.00342,-0.01398,-0.00559,0.00639,-41.41,38.72,42.01
accel_y_down,4675,-0.01392,0.97827,-0.0022,-0.01518,-0.01305,0.00599,-39.17,38.72,40.22
accel_y_down,4676,-0.01538,0.98218,-0.00732,-0.03875,-0.01172,0.00466,-39.32,37.38,41.41
accel_y_down,4677,-0.01904,0.98315,-0.00684,-0.01997,-0.01558,0.00706,-39.32,37.38,41.41
accel_y_down,4678,-0.01611,0.97852,-0.00391,-0.04447,-0.01172,0.00479,-39.02,38.12,41.11
accel_y_down,4679,-0.01245,0.97559,0.00073,-0.03755,-0.00546,0.00399,-39.47,38.72,41.71
accel_y_down,4680,-0.01318,0.98218,-0.00708,-0.04581,-0.00905,0.00692,-39.32,37.38,40.81
accel_y_down,4681,-0.01416,0.9646,0.01514,0.0245,-0.00666,0.00692,-39.32,37.38,40.81
accel_y_down,4682,-0.0188,0.98682,-0.00977,0.03968,-0.00746,0.00533,-40.22,37.23,42.01
accel_y_down,4683,-0.01147,0.97998,-0.00293,0.02104,-0.00759,0.00439,-38.87,36.93,42.01
accel_y_down,4684,-0.0166,0.97852,-0.0083,0.00999,-0.00985,0.00839,-39.77,38.12,41.86
accel_y_down,4685,-0.02124,0.98047,-0.01538,-0.01079,-0.01372,0.00626,-39.32,39.32,41.11
accel_y_down,4686,-0.0166,0.97046,0.00073,-0.01052,-0.01039,0.00839,-39.32,39.32,41.11
accel_y_down,4687,-0.01294,0.97705,-0.01001,0.01931,-0.00666,0.00599,-39.02,37.08,41.11
accel_y_down,4688,-0.0166,0.97729,-0.00732,0.00426,-0.00985,0.00546,-38.57,39.32,42.16
accel_y_down,4689,-0.01392,0.98389,-0.00464,-0.01345,-0.00506,0.00839,-40.81,37.38,40.81
accel_y_down,4690,-0.01953,0.9856,-0.00342,-0.03675,-0.00879,0.00866,-40.81,37.38,40.81
accel_y_down,4691,-0.01294,0.97559,-0.00366,-0.04115,-0.00759,0.00226,-40.22,37.67,41.71
accel_y_down,4692,-0.01245,0.97144,0.00171,-0.02104,-0.00759,0.00546,-39.92,37.97,41.71
accel_y_down,4693,-0.01416,0.96484,0.00854,0.00346,-0.00879,0.00626,-40.07,37.82,42.61
accel_y_down,4694,-0.01172,0.98096,-0.00537,0.03009,-0.00613,0.00466,-39.92,38.72,40.51
accel_y_down,4695,-0.0188,0.97144,-0.00049,0.03848,-0.01012,0.00573,-39.92,38.72,40.51
accel_y_down,4696,-0.01514,0.9812,-0.01196,0.02157,-0.00772,0.00519,-40.51,38.12,41.11
accel_y_down,4697,-0.01343,0.97705,0.00024,0.01012,-0.00253,0.00266,-39.92,38.42,40.51
accel_y_down,4698,-0.01465,0.98291,-0.00952,0.01625,-0.01252,0.00692,-39.17,39.17,40.96
accel_y_down,4699,-0.01709,0.97583,-0.0061,-0.00306,-0.00719,0.00439,-39.17,39.17,40.96
accel_y_down,4700,-0.01074,0.97827,-0.00146,0.00373,-0.01025,0.00346,-39.17,38.72,41.26
accel_y_down,4701,-0.01367,0.97974,-0.00684,0.01851,-0.01172,0.00839,-40.81,38.57,40.81
accel_y_down,4702,-0.01685,0.97778,-0.00439,0.01092,-0.00732,0.00479,-40.51,37.82,40.36
accel_y_down,4703,-0.01855,0.97876,-0.00659,0.01478,-0.00639,0.00533,-39.47,39.17,40.22
accel_y_down,4704,-0.01294,0.97925,-0.00049,0.00573,-0.01198,0.00772,-39.47,39.17,40.22
accel_y_down,4705,-0.01245,0.98413,-0.00464,-0.00266,-0.01012,0.00439,-39.47,38.72,40.96
accel_y_down,4706,-0.01465,0.97754,-0.00513,0.00027,-0.00559,0.00426,-39.02,37.08,41.86
accel_y_down,4707,-0.02124,0.97192,-0.00049,-0.00027,-0.00719,0.00373,-40.07,38.12,41.86
accel_y_down,4708,-0.0144,0.979,-0.00757,0.00599,-0.01025,0.00826,-39.92,39.17,40.96
accel_y_down,4709,-0.01563,0.97388,-0.00269,0.01478,-0.00626,0.00306,-39.92,39.17,40.96
accel_y_down,4710,-0.01318,0.97876,-0.00586,0.00732,-0.00466,0.00573,-40.51,38.12,41.41
accel_y_down,4711,-0.01147,0.98242,-0.0061,0.00626,-0.00759,0.00559,-40.07,37.38,41.11
accel_y_down,4712,-0.01172,0.97754,-0.00488,0.00093,-0.00413,0.00706,-40.22,38.42,40.96
accel_y_down,4713,-0.01929,0.9729,-0.00513,-0.00599,-0.00732,0.0032,-40.22,38.42,40.96
accel_y_down,4714,-0.01099,0.97607,-0.0061,-0.00533,-0.01198,0.00945,-39.47,38.42,40.96
accel_y_down,4715,-0.01343,0.96997,0.00269,0.00213,-0.00905,0.00586,-39.47,38.72,42.01
accel_y_down,4716,-0.01392,0.97754,-0.00244,0.00692,-0.01079,0.00652,-40.96,38.42,41.71
accel_y_down,4717,-0.01294,0.98169,-0.00879,0.00466,-0.00892,0.00972,-40.81,38.12,40.36
accel_y_down,4718,-0.01636,0.98193,-0.00635,-0.00027,-0.00506,0.00905,-40.81,38.12,40.36
accel_y_down,4719,-0.01318,0.97754,-0.00464,0.00373,-0.01345,0.00945,-39.17,38.42,40.96
accel_y_down,4720,-0.01489,0.97583,-0.00659,0.00053,-0.00293,0.00626,-40.51,38.12,40.81
accel_y_down,4721,-0.01025,0.97461,-0.0022,-0.0004,-0.01052,0.00746,-39.17,39.47,41.26
accel_y_down,4722,-0.01392,0.97607,-0.00244,0.00146,-0.00919,0.00759,-39.17,39.47,41.26
accel_y_down,4723,-0.02075,0.97559,-0.00708,0.00333,-0.00919,0.00533,-39.02,37.82,41.41
accel_y_down,4724,-0.01611,0.97559,-0.01123,0.00213,-0.00586,0.00812,-39.92,37.97,41.71
accel_y_down,4725,-0.0144,0.97998,-0.00073,0.00905,-0.00732,0.0024,-39.77,39.02,41.41
accel_y_down,4726,-0.0166,0.97656,-0.01074,0.00373,-0.00346,0.00852,-40.22,37.97,40.96
accel_y_down,4727,-0.01343,0.98022,-0.00513,-0.00905,-0.00506,0.00493,-40.22,37.97,40.96
accel_y_down,4728,-0.01514,0.96973,-0.00171,-0.01585,-0.00892,0.00839,-40.81,40.07,41.86
accel_y_down,4729,-0.01343,0.97192,-0.00537,-0.00972,-0.00679,0.00679,-41.11,37.82,41.11
accel_y_down,4730,-0.01318,0.97949,-0.00757,-0.0032,-0.00772,0.00626,-40.51,39.02,40.81
accel_y_down,4731,-0.00928,0.97559,-0.00757,0.0008,-0.00692,0.00919,-40.51,39.02,40.81
accel_y_down,4732,-0.01147,0.9812,-0.00854,0.00613,-0.00972,0.00812,-40.07,38.57,41.41
accel_y_down,4733,-0.01318,0.97363,-0.00684,0.00133,-0.00439,0.00493,-41.41,37.97,41.71
accel_y_down,4734,-0.01392,0.97949,-0.00537,0.00253,-0.00493,0.00413,-39.17,39.17,41.71
accel_y_down,4735,-0.02002,0.98193,-0.00977,-0.00905,-0.01451,0.01145,-41.41,38.72,39.47
accel_y_down,4736,-0.0166,0.97192,-0.00537,-0.01079,-0.01198,0.00692,-41.41,38.72,39.47
accel_y_down,4737,-0.01318,0.97656,-0.00684,-0.01238,-0.00506,0.00972,-40.81,37.38,40.36
accel_y_down,4738,-0.01563,0.98096,-0.00366,-0.01558,-0.01398,0.00786,-38.57,38.57,40.81
accel_y_down,4739,-0.01172,0.97485,-0.00537,-0.01039,-0.00639,0.00426,-39.02,38.57,40.81
accel_y_down,4740,-0.01611,0.97974,-0.0061,-0.01198,-0.00613,0.0036,-39.02,38.57,40.81
accel_y_down,4741,-0.0127,0.97559,-0.00488,-0.00732,-0.01052,0.00692,-40.07,38.12,40.81
accel_y_down,4742,-0.01294,0.98218,-0.00293,0.00293,-0.01025,0.0028,-39.32,37.82,41.11
accel_y_down,4743,-0.01807,0.97949,0.00024,-0.00413,-0.00466,0.00905,-40.66,37.67,40.96
accel_y_down,4744,-0.01465,0.97949,0.0,-0.00253,-0.00799,0.00613,-39.47,36.48,42.76
accel_y_down,4745,-0.0127,0.97998,-0.00562,-0.00027,-0.00799,0.00852,-39.47,36.48,42.76
accel_y_down,4746,-0.00952,0.97729,-0.0061,-0.00679,-0.01158,0.00719,-40.66,37.67,39.47
accel_y_down,4747,-0.01489,0.98096,-0.0105,-0.01225,-0.00852,0.00306,-40.66,39.17,39.92
accel_y_down,4748,-0.01416,0.97485,-0.00391,-0.01105,-0.01305,0.00826,-40.22,37.97,39.92
accel_y_down,4749,-0.02197,0.97632,-0.00562,0.00013,-0.00905,0.00533,-40.22,37.97,39.92
accel_y_down,4750,-0.01563,0.98047,-0.00562,-0.00253,-0.00786,0.00932,-39.47,38.42,41.26
accel_y_down,4751,-0.01807,0.97949,-0.00415,0.00453,-0.00799,0.00186,-39.47,38.72,39.17
accel_y_down,4752,-0.01172,0.97998,-0.00757,0.00972,-0.00666,0.00439,-40.07,37.38,41.41
accel_y_down,4753,-0.01416,0.97559,-0.00952,0.00706,-0.00799,0.00679,-40.51,39.32,40.07
accel_y_down,4754,-0.0144,0.97632,-0.00415,0.00399,-0.00692,0.00812,-40.51,39.32,40.07
accel_y_down,4755,-0.01196,0.98389,-0.00806,0.00439,-0.00919,0.00985,-40.22,39.92,41.26
accel_y_down,4756,-0.01367,0.97754,-0.00098,-0.00506,-0.00666,0.00346,-41.11,39.02,41.41
accel_y_down,4757,-0.01196,0.98096,-0.00488,-0.0016,-0.00333,0.00892,-39.92,37.97,40.96
accel_y_down,4758,-0.01221,0.97607,-0.00269,-0.00706,-0.00466,0.00146,-39.92,37.97,40.96
accel_y_down,4759,-0.01563,0.97949,-0.00366,-0.00093,-0.00746,0.00519,-39.92,37.23,40.51
accel_y_down,4760,-0.01758,0.97949,-0.00317,-0.00186,-0.00892,0.00972,-40.22,37.67,40.96
accel_y_down,4761,-0.021,0.9729,-0.00195,0.00692,-0.00586,0.00439,-40.81,38.12,41.11
accel_y_down,4762,-0.02173,0.97217,-0.00586,0.01838,-0.01252,0.00839,-39.92,38.42,41.26
accel_y_down,4763,-0.01465,0.97437,-0.01074,0.00213,-0.01345,0.00399,-39.92,38.42,41.26
accel_y_down,4764,-0.01538,0.97388,-0.00439,-0.00466,-0.00945,0.00772,-39.92,37.23,41.26
accel_y_down,4765,-0.01489,0.97949,-0.00171,-0.00186,-0.00506,0.00826,-39.47,39.17,42.01
accel_y_down,4766,-0.01611,0.98071,-0.0083,0.00373,-0.00706,0.00799,-39.92,38.42,40.96
accel_y_down,4767,-0.02075,0.97607,-0.00439,0.00439,-0.00866,0.01465,-40.22,38.42,43.8
accel_y_down,4768,-0.01831,0.97852,-0.01147,0.01252,-0.00905,0.00373,-40.66,37.67,41.71
accel_y_down,4769,-0.01514,0.98047,-0.00708,0.0008,-0.00839,0.00826,-39.77,38.57,40.81
accel_y_down,4770,-0.01392,0.97876,-0.0105,-0.00253,-0.00652,0.00652,-41.41,38.42,40.96
accel_y_down,4771,-0.01318,0.97559,-0.00366,-0.00919,-0.0032,0.00706,-39.92,37.97,41.26
accel_y_down,4772,-0.02246,0.97681,-0.0022,-0.00692,-0.01145,0.00692,-39.92,37.97,41.26
accel_y_down,4773,-0.01416,0.97925,-0.00928,-0.00972,-0.00999,0.00626,-40.22,37.67,40.51
accel_y_down,4774,-0.01489,0.979,-0.00903,-0.01851,-0.00999,0.00506,-40.81,37.38,40.07
accel_y_down,4775,-0.01611,0.98218,-0.00244,-0.00932,-0.00812,0.00373,-38.57,40.81,40.36
accel_y_down,4776,-0.01489,0.97461,-0.0061,-0.00479,-0.00399,0.00426,-39.47,37.23,40.51
accel_y_down,4777,-0.0144,0.97681,-0.00439,-0.00093,-0.00919,0.00719,-39.47,37.23,40.51
accel_y_down,4778,-0.0144,0.97461,-0.00122,0.00599,-0.00599,0.00426,-39.32,37.82,41.41
accel_y_down,4779,-0.01221,0.9812,-0.00732,0.00213,-0.00426,0.00786,-41.71,38.72,41.71
accel_y_down,4780,-0.01123,0.98486,-0.00635,0.00013,-0.00985,0.00932,-39.77,37.38,41.41
accel_y_down,4781,-0.01392,0.97705,-0.01221,0.00226,-0.00426,0.00692,-39.77,37.38,41.41
accel_y_down,4782,-0.01392,0.97437,-0.00488,-0.01012,-0.00866,0.00466,-39.47,38.42,41.71
accel_y_down,4783,-0.01392,0.979,-0.00879,-0.01012,-0.00812,0.00826,-39.32,39.02,41.11
accel_y_down,4784,-0.0166,0.98096,-0.0061,-0.02304,-0.00413,0.00293,-39.02,38.12,41.41
accel_y_down,4785,-0.01929,0.97534,-0.00342,-0.02557,-0.00706,0.00266,-39.77,38.12,41.41
accel_y_down,4786,-0.0166,0.97632,-0.00586,-0.01864,-0.00293,0.00373,-39.77,38.12,41.41
accel_y_down,4787,-0.01953,0.97876,0.00049,-0.0004,-0.00759,0.00652,-39.77,39.77,42.16
accel_y_down,4788,-0.02002,0.98022,0.00171,0.01451,-0.00892,0.00746,-39.32,39.02,41.11
accel_y_down,4789,-0.01172,0.97705,-0.00391,0.01438,-0.00652,0.00586,-40.81,38.57,41.86
accel_y_up,5588,0.01367,-1.02466,-0.01196,0.00107,-0.00799,0.00399,34.24,-21.83,40.81
accel_y_up,5589,0.01099,-1.04077,-0.01099,0.00972,-0.00706,0.00519,34.24,-21.83,40.81
accel_y_up,5590,0.0127,-1.01147,-0.00073,0.01651,-0.00786,0.00559,34.09,-22.42,42.31
accel_y_up,5591,0.0105,-1.02808,-0.00732,0.02463,-0.00799,0.00146,34.98,-22.13,42.16
accel_y_up,5592,0.01563,-1.02197,0.00171,0.00186,-0.00439,0.00732,34.83,-23.47,43.06
accel_y_up,5593,0.01587,-1.00977,-0.00342,-0.00772,-0.01012,0.00706,34.53,-23.02,41.41
accel_y_up,5594,0.01538,-1.02563,-0.00415,-0.00905,-0.00652,0.00905,34.53,-23.02,41.41
accel_y_up,5595,0.01953,-1.02466,-0.00586,-0.0237,-0.00892,0.00719,34.53,-22.57,42.16
accel_y_up,5596,0.01245,-1.01978,-0.00757,-0.02157,-0.00559,0.01065,35.88,-22.42,41.71
accel_y_up,5597,0.01147,-1.02783,-0.01343,-0.01172,-0.01025,0.00905,35.43,-22.42,43.06
accel_y_up,5598,0.0127,-1.01514,-0.00635,0.00466,-0.00892,0.00346,35.43,-22.42,43.06
accel_y_up,5599,0.01343,-1.03198,-0.00439,0.00932,-0.00493,0.00786,33.49,-22.57,43.21
accel_y_up,5600,0.02124,-1.02222,0.00391,0.0,-0.01012,0.00226,36.03,-22.57,41.86
accel_y_up,5601,0.01758,-1.02124,-0.00806,-0.0217,-0.00772,0.00719,34.09,-21.98,41.71
accel_y_up,5602,0.01099,-1.02295,-0.00488,-0.01398,-0.01012,0.00972,35.73,-21.83,42.16
accel_y_up,5603,0.0166,-1.02417,-0.01025,-0.01531,-0.00599,0.00466,35.73,-21.83,42.16
accel_y_up,5604,0.00757,-1.03223,-0.0127,-0.00186,-0.00679,0.00905,34.38,-20.93,41.71
accel_y_up,5605,0.01611,-1.02612,-0.01294,0.00586,-0.0004,0.00839,34.24,-21.83,43.21
accel_y_up,5606,0.01147,-1.01904,0.00488,-0.00546,-0.00799,0.00559,34.83,-21.98,41.71
accel_y_up,5607,0.01343,-1.0249,-0.00732,-0.00919,-0.00613,0.00945,34.83,-22.42,43.06
accel_y_up,5608,0.01074,-1.02563,-0.01172,-0.00759,-0.00799,0.00799,35.28,-22.13,41.41
accel_y_up,5609,0.01245,-1.02295,-0.00903,-0.00146,-0.01079,0.00533,34.98,-21.08,42.16
accel_y_up,5610,0.01709,-1.02417,-0.01001,-0.01012,-0.00945,0.00772,34.38,-20.93,42.01
accel_y_up,5611,0.01587,-1.02393,-0.00171,-0.01198,-0.00892,0.00413,35.88,-21.23,42.76
accel_y_up,5612,0.01636,-1.02197,-0.00879,-0.01678,-0.01358,0.00599,35.88,-21.23,42.76
accel_y_up,5613,0.01221,-1.02051,-0.00635,-0.0265,-0.00706,0.00533,33.19,-22.57,41.86
accel_y_up,5614,0.01563,-1.02441,-0.01465,-0.0265,-0.00892,0.00626,34.98,-21.08,42.91
accel_y_up,5615,0.01318,-1.02832,-0.00952,-0.01318,-0.00799,0.00786,34.83,-22.42,42.76
accel_y_up,5616,0.01807,-1.02417,-0.00928,0.00027,-0.01252,0.00852,34.83,-21.98,41.71
accel_y_up,5617,0.01367,-1.02539,-0.00586,0.0012,-0.00706,-0.00067,34.83,-21.98,41.71
accel_y_up,5618,0.0144,-1.02197,-0.00635,-0.00506,-0.00666,0.00506,34.53,-22.13,42.16
accel_y_up,5619,0.01538,-1.0271,-0.01196,-0.00866,-0.01012,0.00746,36.78,-23.02,41.86
accel_y_up,5620,0.01563,-1.01978,-0.00879,-0.00293,-0.00732,0.00866,34.38,-22.72,42.76
accel_y_up,5621,0.01855,-1.02637,-0.00635,0.00652,-0.00573,0.00493,34.38,-22.72,42.76
accel_y_up,5622,0.01514,-1.02271,-0.00757,0.00999,-0.00932,0.0004,33.79,-22.13,43.21
accel_y_up,5623,0.00854,-1.02417,-0.00098,0.00626,-0.00439,0.00253,34.53,-22.57,42.16
accel_y_up,5624,0.01563,-1.02539,-0.00293,-0.01372,-0.00652,0.00852,35.13,-21.98,41.26
accel_y_up,5625,0.01343,-1.02319,-0.00488,-0.01105,-0.01451,0.00666,35.73,-22.57,42.91
accel_y_up,5626,0.01367,-1.02466,-0.00659,-0.01158,-0.00905,0.00599,35.73,-22.57,42.91
accel_y_up,5627,0.01514,-1.02637,-0.00903,-0.01172,-0.00985,0.00692,34.24,-24.07,42.61
accel_y_up,5628,0.01392,-1.02271,-0.00903,-0.00546,-0.00573,0.00399,35.43,-21.23,41.26
accel_y_up,5629,0.01709,-1.01953,-0.00879,-0.00226,-0.00586,0.00613,36.48,-23.32,42.16
accel_y_up,5630,0.01099,-1.021,-0.0083,-0.0036,-0.00426,0.00573,36.48,-23.32,42.16
accel_y_up,5631,0.01489,-1.02393,-0.0061,0.0016,-0.00559,0.00999,34.98,-20.63,42.61
accel_y_up,5632,0.00928,-1.02075,-0.01147,0.00826,-0.00533,0.00439,35.43,-22.42,41.71
accel_y_up,5633,0.01147,-1.02881,-0.0105,0.01292,0.0,0.00599,34.98,-21.38,42.91
accel_y_up,5634,0.01685,-1.02173,-0.00073,-0.0004,-0.00759,0.00626,34.53,-23.02,41.41
accel_y_up,5635,0.0166,-1.02124,-0.00342,0.00639,-0.00866,0.00692,34.53,-23.02,41.41
accel_y_up,5636,0.01367,-1.02173,-0.00952,0.0012,-0.00626,0.0024,34.83,-23.47,41.26
accel_y_up,5637,0.01611,-1.02197,-0.00464,-0.00133,-0.00599,0.00266,35.28,-21.38,41.41
accel_y_up,5638,0.01294,-1.02612,-0.00708,-0.00413,-0.00826,0.01198,34.98,-23.32,41.11
accel_y_up,5639,0.01123,-1.02002,0.00073,-0.0032,-0.00732,0.00626,34.98,-23.32,41.11
accel_y_up,5640,0.01221,-1.01855,-0.00732,-0.01252,-0.00799,0.00812,35.13,-22.72,43.8
accel_y_up,5641,0.01196,-1.02368,-0.00977,-0.00599,-0.00719,0.00599,34.24,-21.83,42.16
accel_y_up,5642,0.01636,-1.01904,-0.00903,-0.00426,-0.01305,0.00652,35.28,-22.13,41.11
accel_y_up,5643,0.01709,-1.02588,-0.00659,0.00586,-0.00852,0.00639,34.98,-21.83,42.16
accel_y_up,5644,0.0166,-1.02222,-0.00757,0.00599,-0.00852,0.00266,34.98,-21.83,42.16
accel_y_up,5645,0.01709,-1.02368,-0.00317,0.00067,-0.00706,0.00213,34.38,-23.47,43.06
accel_y_up,5646,0.01855,-1.02271,-0.00562,-0.00266,-0.00719,0.00346,34.38,-23.17,43.5
accel_y_up,5647,0.01587,-1.01807,-0.00269,-0.00932,-0.00746,0.00812,34.83,-21.98,42.31
accel_y_up,5648,0.01318,-1.02271,-0.00977,-0.01891,-0.01305,0.00932,34.83,-21.98,42.31
accel_y_up,5649,0.0166,-1.02002,-0.00708,-0.01145,-0.00759,0.00746,34.53,-21.83,42.61
accel_y_up,5650,0.01245,-1.02246,-0.00806,-0.0028,-0.00852,0.01012,35.88,-21.23,43.5
accel_y_up,5651,0.00684,-1.0271,-0.00977,0.00306,-0.00812,0.00386,35.13,-22.42,43.06
accel_y_up,5652,0.0166,-1.02417,-0.00732,0.01744,-0.00839,0.00945,33.34,-23.47,43.5
accel_y_up,5653,0.0127,-1.02344,-0.00171,0.01478,-0.00706,0.00346,33.34,-23.47,43.5
accel_y_up,5654,0.01221,-1.02197,-0.0105,0.01651,-0.00479,0.00772,34.38,-22.42,42.01
accel_y_up,5655,0.01392,-1.02075,-0.00464,0.01065,-0.01172,0.00812,35.28,-22.57,42.16
accel_y_up,5656,0.01001,-1.02173,-0.01001,0.00652,-0.00679,0.00972,35.13,-22.42,41.71
accel_y_up,5657,0.01465,-1.02295,-0.00439,0.00439,-0.00426,0.00226,35.13,-22.42,41.71
accel_y_up,5658,0.01196,-1.02197,-0.0061,-0.00799,-0.01292,0.00439,34.38,-21.98,41.26
accel_y_up,5659,0.01978,-1.02295,0.00049,-0.00639,-0.00639,0.00439,34.38,-22.42,43.06
accel_y_up,5660,0.01294,-1.02124,-0.00732,-0.01691,-0.0036,0.00559,35.88,-22.72,43.5
accel_y_up,5661,0.01367,-1.02197,-0.0061,-0.02304,-0.01105,0.01065,35.88,-22.42,42.01
accel_y_up,5662,0.01318,-1.02515,-0.0083,-0.01545,-0.00533,0.00786,35.88,-22.42,42.01
accel_y_up,5663,0.01733,-1.02271,-0.00928,-0.01332,-0.00506,0.00599,35.73,-22.13,42.91
accel_y_up,5664,0.01367,-1.02319,-0.0105,-0.00985,-0.01465,0.00999,35.43,-21.98,42.01
accel_y_up,5665,0.01489,-1.0249,-0.00586,-0.00599,-0.00413,0.00453,35.43,-21.98,42.01
accel_y_up,5666,0.01025,-1.02222,-0.00366,-0.00399,-0.00453,0.00599,35.43,-21.98,42.01
accel_y_up,5667,0.01367,-1.02197,-0.00806,0.00027,-0.00959,0.00812,35.13,-21.23,42.31
accel_y_up,5668,0.01636,-1.02026,-0.0083,-0.00439,-0.00706,0.00866,34.09,-22.42,41.71
accel_y_up,5669,0.01587,-1.01831,-0.01025,-0.00599,-0.00799,0.00213,34.98,-22.57,42.61
accel_y_up,5670,0.01563,-1.02466,-0.00146,-0.00732,-0.00706,0.00746,34.98,-22.57,42.61
accel_y_up,5671,0.01099,-1.02417,-0.00635,-0.00067,-0.00453,0.002,36.18,-22.57,42.61
accel_y_up,5672,0.01392,-1.02197,-0.00952,-0.01105,-0.00586,0.00173,34.83,-22.42,42.31
accel_y_up,5673,0.0144,-1.02051,-0.00684,-0.00985,-0.00573,0.00706,34.98,-23.32,43.21
accel_y_up,5674,0.01001,-1.02368,-0.00977,-0.02237,-0.00932,0.0036,34.98,-23.32,43.21
accel_y_up,5675,0.01245,-1.02124,-0.01025,-0.01598,-0.00666,0.00493,34.53,-23.02,41.86
accel_y_up,5676,0.01489,-1.01953,-0.0105,-0.00959,-0.00985,0.00559,35.43,-23.17,43.06
accel_y_up,5677,0.01025,-1.02148,-0.00293,-0.01345,-0.01132,0.00879,36.18,-21.98,42.76
accel_y_up,5678,0.01758,-1.02368,-0.00488,-0.01052,-0.00719,0.00812,34.38,-23.47,42.01
accel_y_up,5679,0.01367,-1.02246,-0.00464,0.00027,-0.01145,0.00759,34.38,-23.47,42.01
accel_y_up,5680,0.01782,-1.021,-0.00757,0.00999,-0.00466,0.00679,34.53,-23.02,42.61
accel_y_up,5681,0.01099,-1.01904,-0.00903,0.01811,-0.00613,0.00439,35.13,-22.42,42.31
accel_y_up,5682,0.01514,-1.02734,-0.00684,0.01132,-0.01305,0.00905,35.43,-22.42,43.8
accel_y_up,5683,0.01465,-1.02417,-0.00806,-0.01411,-0.01198,0.00253,35.88,-21.23,41.71
accel_y_up,5684,0.01001,-1.021,-0.0083,-0.00679,-0.00852,0.00799,34.98,-23.32,42.91
accel_y_up,5685,0.01587,-1.02612,-0.00537,-0.00959,-0.00892,0.00972,34.09,-21.68,40.96
accel_y_up,5686,0.01172,-1.02368,-0.00757,-0.01704,-0.00972,0.00493,35.28,-23.02,42.16
accel_y_up,5687,0.01465,-1.02661,-0.00513,-0.01065,-0.01145,0.00812,34.38,-23.47,43.06
accel_y_up,5688,0.0105,-1.02612,-0.00879,-0.00413,-0.00972,0.00772,34.38,-23.47,43.06
accel_y_up,5689,0.0144,-1.02905,-0.0083,-0.00652,-0.00692,0.00866,34.38,-23.17,42.31
accel_y_up,5690,0.0166,-1.02539,-0.00415,-0.00293,-0.00852,0.00732,35.73,-21.38,42.16
accel_y_up,5691,0.01929,-1.02026,-0.00879,0.00067,-0.0008,0.00772,33.49,-21.83,41.41
accel_y_up,5692,0.01147,-1.02637,-0.00854,0.00759,-0.01105,0.00346,35.43,-23.17,42.76
accel_y_up,5693,0.0127,-1.02075,-0.00952,0.01278,-0.00746,0.00493,35.43,-23.17,42.76
accel_y_up,5694,0.01392,-1.01709,-0.00488,0.01491,-0.00706,0.00706,36.03,-21.83,41.86
accel_y_up,5695,0.01611,-1.02344,-0.00098,-0.0249,-0.00839,0.01065,35.43,-22.72,42.76
accel_y_up,5696,0.01367,-1.02588,-0.00781,-0.03635,-0.00626,0.00599,34.24,-23.77,42.16
accel_y_up,5697,0.01367,-1.02271,-0.01123,-0.02943,-0.01358,0.00812,34.24,-23.77,42.16
accel_y_up,5698,0.01465,-1.02588,-0.0105,-0.01798,-0.01012,0.00719,34.09,-22.42,42.31
accel_y_up,5699,0.0127,-1.02466,-0.00366,-0.00866,-0.00732,0.00759,34.09,-21.98,43.8
accel_y_up,5700,0.01245,-1.02466,-0.00879,-0.00652,-0.00479,0.00919,34.83,-21.98,42.01
accel_y_up,5701,0.00928,-1.02588,-0.00928,0.01345,-0.00732,0.00439,35.28,-22.57,42.16
accel_y_up,5702,0.00659,-1.02588,-0.01196,0.02197,-0.00799,0.00186,35.28,-22.57,42.16
accel_y_up,5703,0.00806,-1.03174,-0.00684,0.03143,-0.00932,0.00519,35.43,-21.98,43.8
accel_y_up,5704,0.01172,-1.02881,-0.00903,0.03116,-0.00652,0.00413,35.28,-21.83,41.41
accel_y_up,5705,0.01855,-1.02271,-0.00488,0.0265,-0.00919,0.00599,34.83,-21.68,41.71
accel_y_up,5706,0.01172,-1.01758,-0.00098,0.01585,-0.00759,0.00692,34.83,-21.68,41.71
accel_y_up,5707,0.01587,-1.01367,-0.00073,-0.01012,-0.00932,0.00959,34.38,-23.17,41.71
accel_y_up,5708,0.01587,-1.02075,-0.00391,-0.04194,-0.00719,0.01052,34.83,-23.47,42.01
accel_y_up,5709,0.01904,-1.0249,-0.01099,-0.03862,-0.00999,0.00719,34.83,-23.17,42.76
accel_y_up,5710,0.01563,-1.02832,-0.00977,-0.02304,-0.00679,0.00493,35.28,-23.77,42.16
accel_y_up,5711,0.01489,-1.02417,-0.01001,-0.01132,-0.01305,0.00466,35.28,-23.77,42.16
accel_y_up,5712,0.01074,-1.02734,-0.00977,-0.00799,-0.00839,0.00732,34.83,-22.72,43.06
accel_y_up,5713,0.01514,-0.99438,0.02124,-0.00053,-0.01318,0.01318,34.09,-22.42,41.71
accel_y_up,5714,0.01294,-1.01416,-0.00269,0.00879,-0.00919,0.0016,34.83,-22.72,42.31
accel_y_up,5715,0.01782,-1.02197,-0.00562,0.00692,-0.00679,0.00506,34.83,-22.72,42.31
accel_y_up,5716,0.01587,-1.02051,-0.00977,-0.00706,-0.00732,0.00586,35.88,-23.47,42.31
accel_y_up,5717,0.01074,-1.02197,-0.00684,-0.02104,-0.00812,0.01105,36.93,-20.93,42.76
accel_y_up,5718,0.01172,-1.02637,-0.00903,-0.01718,-0.00999,0.00666,36.18,-22.72,42.76
accel_y_up,5719,0.01367,-1.02148,-0.00513,-0.01518,-0.00892,0.00559,34.98,-22.57,42.61
accel_y_up,5720,0.01611,-1.02197,-0.01489,-0.00732,-0.00786,0.00759,34.98,-22.57,42.61
accel_y_up,5721,0.01563,-1.02808,-0.00806,-0.00533,-0.00439,0.01039,34.98,-22.13,42.61
accel_y_up,5722,0.01563,-1.02222,-0.00488,0.00719,-0.00519,0.01039,34.83,-23.47,41.71
accel_y_up,5723,0.01147,-1.02026,-0.00854,0.00573,-0.00905,0.00626,34.98,-23.32,41.86
accel_y_up,5724,0.01538,-1.02881,-0.00391,0.00559,-0.01012,0.00985,34.98,-23.32,41.86
accel_y_up,5725,0.01489,-1.02539,-0.00781,-0.00573,-0.00546,0.00692,35.88,-21.98,41.26
accel_y_up,5726,0.01001,-1.02295,-0.00562,-0.002,-0.00706,0.00586,35.43,-22.42,42.01
accel_y_up,5727,0.01416,-1.02124,-0.00049,-0.0032,-0.00892,0.00759,34.53,-22.13,42.61
accel_y_up,5728,0.01587,-1.02271,-0.00513,-0.00013,-0.00559,0.00892,35.43,-23.47,43.06
accel_y_up,5729,0.01758,-1.02271,-0.00562,-0.00333,-0.00453,0.01105,35.43,-23.47,43.06
accel_y_up,5730,0.0083,-1.02393,-0.00073,0.00053,-0.00706,0.00466,34.83,-22.42,41.26
accel_y_up,5731,0.01367,-1.02344,-0.00879,-0.00812,-0.00892,0.00599,33.79,-23.32,41.41
accel_y_up,5732,0.01123,-1.02539,-0.0127,-0.0032,-0.00959,0.00786,33.64,-21.23,41.71
accel_y_up,5733,0.01318,-1.02075,-0.00952,0.00985,-0.00559,0.00732,33.64,-21.23,41.71
accel_y_up,5734,0.0105,-1.02393,-0.00928,0.01065,-0.00905,0.00426,35.43,-22.42,42.76
accel_y_up,5735,0.01001,-1.02441,-0.00391,0.00652,-0.00826,0.00533,34.24,-22.57,41.86
accel_y_up,5736,0.00952,-1.02222,-0.00806,-0.01145,-0.00746,0.00533,34.83,-21.68,41.71
accel_y_up,5737,0.01367,-1.02051,-0.00415,-0.01638,-0.00599,0.00586,34.38,-23.92,42.76
accel_flip,6964,0.01123,-0.00977,-0.99683,0.00373,-0.00519,0.00479,53.97,17.19,2.69
accel_flip,6965,0.01978,-0.01538,-0.99756,0.0004,-0.01092,0.00573,53.97,17.19,2.69
accel_flip,6966,0.01538,-0.01123,-0.98022,0.0036,-0.00905,0.00812,54.27,15.85,3.59
accel_flip,6967,0.01929,-0.01099,-1.00708,0.00306,-0.00772,0.01252,53.67,17.94,2.99
accel_flip,6968,0.01489,-0.01343,-0.99512,-0.0016,-0.00453,0.00972,54.42,19.14,2.99
accel_flip,6969,0.01904,-0.00415,-0.9978,-0.00826,-0.01065,0.00399,54.42,19.14,2.99
accel_flip,6970,0.01611,-0.00049,-1.00854,-0.00573,-0.00573,0.00439,54.42,16.89,4.04
accel_flip,6971,0.01953,-0.00659,-1.00293,-0.0016,-0.00839,0.00719,52.77,16.74,3.89
accel_flip,6972,0.01538,-0.00659,-1.00635,-0.00479,-0.00453,0.00559,53.67,16.89,2.69
accel_flip,6973,0.01221,-0.01489,-0.99731,-0.00213,-0.00666,0.00533,53.52,16.74,3.14
accel_flip,6974,0.01196,-0.01025,-0.9939,-0.01132,-0.00905,0.00626,53.52,16.74,3.14
accel_flip,6975,0.00903,-0.00317,-0.99487,0.00253,-0.00626,0.00772,53.67,17.94,3.74
accel_flip,6976,0.01685,-0.00586,-0.99585,0.00732,-0.00892,0.01039,53.97,16.15,3.74
accel_flip,6977,0.01489,-0.00806,-0.99927,0.01212,-0.00732,0.00679,53.52,14.8,2.84
accel_flip,6978,0.02271,-0.01074,-1.0061,0.00266,-0.00439,0.00772,53.52,14.8,2.84
accel_flip,6979,0.02393,-0.00952,-0.99683,-0.00399,-0.00666,0.00652,54.27,16.74,3.59
accel_flip,6980,0.01416,-0.0105,-1.0,-0.00652,-0.00253,0.0024,52.92,16.15,3.29
accel_flip,6981,0.0166,-0.00781,-0.99976,-0.00213,-0.00759,0.00719,54.42,17.19,5.08
accel_flip,6982,0.00879,-0.00488,-1.00732,-0.00479,-0.00852,0.00493,53.52,17.79,3.14
accel_flip,6983,0.01685,-0.01416,-0.99243,-0.0032,-0.00879,0.0008,53.52,17.79,3.14
accel_flip,6984,0.01538,-0.01099,-0.99609,0.0,-0.01039,0.00333,55.17,16.44,2.99
accel_flip,6985,0.0188,-0.00684,-0.9978,-0.00213,-0.00573,0.0028,54.72,17.19,3.74
accel_flip,6986,0.01733,-0.00879,-0.99487,-0.00346,-0.00999,0.00373,54.72,14.65,4.49
accel_flip,6987,0.01611,-0.00952,-0.99902,-0.00093,-0.00613,0.00639,54.72,14.65,4.49
accel_flip,6988,0.01855,-0.00903,-0.99805,0.00346,-0.00799,0.00706,53.82,16.74,3.59
accel_flip,6989,0.01733,-0.00513,-1.00415,0.00399,-0.00599,0.00652,54.87,15.85,3.59
accel_flip,6990,0.01758,-0.01392,-1.00488,-0.002,-0.00373,0.00666,53.07,16.74,2.09
accel_flip,6991,0.01563,-0.00464,-1.00317,-0.00852,-0.00879,0.00067,53.67,16.44,3.74
accel_flip,6992,0.0166,-0.0083,-0.99707,-0.01052,-0.00533,0.00652,53.67,16.44,3.74
accel_flip,6993,0.01489,-0.01172,-1.00049,-0.00639,-0.00346,0.00985,54.72,15.7,3.29
accel_flip,6994,0.01367,-0.01123,-1.00024,-0.00799,-0.00546,0.00905,55.17,17.19,2.39
accel_flip,6995,0.01636,-0.01318,-0.99854,0.00013,-0.00226,0.00107,55.17,17.19,4.04
accel_flip,6996,0.01611,-0.0127,-0.99976,-0.00519,-0.01012,0.00333,55.17,17.19,4.04
accel_flip,6997,0.01978,-0.0083,-0.99756,-0.0032,-0.0024,0.00999,54.72,17.94,1.2
accel_flip,6998,0.00928,-0.0127,-1.0,-0.00333,-0.00599,-0.00213,53.67,17.64,2.99
accel_flip,6999,0.01611,-0.00488,-0.99683,-0.0036,-0.00266,0.00599,52.62,17.94,3.74
accel_flip,7000,0.0127,-0.00879,-0.99976,-0.00666,-0.01332,0.0028,52.62,17.94,3.74
accel_flip,7001,0.01953,-0.00854,-0.99683,-0.00493,-0.00732,0.002,52.62,17.94,3.74
accel_flip,7002,0.01514,-0.00806,-1.00122,-0.00346,-0.00799,0.00493,53.82,18.24,3.59
accel_flip,7003,0.01343,-0.01172,-0.99512,-0.0024,-0.00879,0.0028,53.07,16.74,3.59
accel_flip,7004,0.01587,-0.01221,-0.99951,0.00173,-0.01198,0.01158,53.07,16.74,3.59
accel_flip,7005,0.01636,-0.01343,-0.99707,0.00146,-0.00692,0.00692,52.92,17.19,3.59
accel_flip,7006,0.01636,-0.01221,-1.00269,-0.00599,-0.00892,0.00519,53.67,16.89,4.49
accel_flip,7007,0.01685,-0.01074,-0.99292,-0.00466,-0.00892,0.00586,53.67,16.89,3.29
accel_flip,7008,0.02124,-0.00146,-0.99707,-0.00133,-0.01518,0.00493,54.57,17.49,3.59
accel_flip,7009,0.01709,-0.00952,-1.00171,0.00093,-0.01252,0.0024,54.57,17.49,3.59
accel_flip,7010,0.01489,-0.00879,-1.00391,-0.0008,-0.00746,0.00186,53.67,17.64,2.69
accel_flip,7011,0.01953,-0.01172,-0.99463,0.0032,-0.00852,0.00373,55.17,16.44,3.74
accel_flip,7012,0.01172,-0.00684,-0.99341,0.00626,-0.01305,0.00652,53.67,18.39,2.99
accel_flip,7013,0.01685,-0.00757,-0.99756,0.00772,-0.00506,0.00333,53.67,18.39,2.99
accel_flip,7014,0.01709,-0.00928,-1.0022,0.00266,-0.00759,0.00053,54.42,16.15,2.69
accel_flip,7015,0.01978,-0.00757,-1.00195,0.00107,-0.00799,0.00573,53.22,17.64,2.99
accel_flip,7016,0.01611,-0.00928,-1.00122,-0.00453,-0.00746,0.00186,54.72,16.15,3.29
accel_flip,7017,0.01318,-0.01221,-0.99951,-0.00386,-0.00999,0.0036,53.52,18.24,3.89
accel_flip,7018,0.01489,-0.01318,-0.99561,-0.00573,-0.00666,0.00306,53.52,18.24,3.89
accel_flip,7019,0.01636,-0.01343,-0.9939,-0.0036,-0.00293,0.00586,53.97,17.94,4.04
accel_flip,7020,0.0127,-0.01025,-1.00049,-0.00107,-0.00972,0.00493,53.22,16.44,3.74
accel_flip,7021,0.01172,-0.0105,-1.0022,-0.00972,-0.00759,0.00746,53.52,16.74,2.84
accel_flip,7022,0.01758,-0.00757,-0.99683,-0.00746,-0.00732,0.00213,53.52,16.74,2.84
accel_flip,7023,0.01465,-0.00977,-0.99805,-0.00959,-0.01518,0.00692,53.97,16.44,3.74
accel_flip,7024,0.01807,-0.01074,-0.9978,-0.00812,-0.00879,0.00652,53.07,17.49,3.59
accel_flip,7025,0.01636,-0.01245,-1.00049,-0.0036,-0.00945,0.00027,54.72,17.64,3.29
accel_flip,7026,0.01953,-0.01294,-0.99561,-0.00293,-0.00626,0.01025,54.72,16.44,4.04
accel_flip,7027,0.01636,-0.00928,-0.99951,-0.01358,-0.00919,0.01039,54.72,16.44,4.04
accel_flip,7028,0.01758,-0.00269,-0.99731,-0.01265,-0.01052,0.00306,54.27,17.49,3.89
accel_flip,7029,0.01953,-0.00854,-1.00024,-0.01678,-0.01012,0.00546,55.46,15.7,3.74
accel_flip,7030,0.01709,-0.01001,-0.99829,-0.00293,-0.00599,0.00839,54.27,16.3,3.14
accel_flip,7031,0.01196,-0.01025,-0.99658,-0.00639,-0.00812,-0.00133,54.27,16.3,3.14
accel_flip,7032,0.01465,-0.01514,-0.99829,-0.0016,-0.01545,-0.00027,52.77,18.24,3.59
accel_flip,7033,0.01343,-0.01196,-0.99634,-0.0036,-0.00586,0.00306,55.61,15.85,4.19
accel_flip,7034,0.01465,-0.0083,-0.99829,-0.0028,-0.01158,0.00772,56.06,17.04,3.89
accel_flip,7035,0.01416,-0.00659,-0.99951,0.0012,-0.00812,0.00559,53.52,17.04,3.89
accel_flip,7036,0.0127,-0.00391,-1.00049,-0.00373,-0.00586,0.00879,53.52,17.04,3.89
accel_flip,7037,0.01733,-0.00854,-1.00317,-0.0008,-0.00573,0.00506,53.07,18.54,4.63
accel_flip,7038,0.01147,-0.01196,-0.99756,-0.00399,-0.00506,0.0024,54.27,16.3,3.59
accel_flip,7039,0.01489,-0.00635,-0.99585,-0.00759,-0.00599,0.01092,54.27,17.04,3.89
accel_flip,7040,0.01367,-0.01245,-0.99243,-0.00533,-0.00293,0.00599,54.27,17.04,3.89
accel_flip,7041,0.01343,-0.01001,-0.99854,-0.00053,-0.00759,0.00213,54.27,16.74,3.14
accel_flip,7042,0.01343,-0.00928,-0.99585,-0.002,-0.01052,0.00466,54.87,17.04,3.89
accel_flip,7043,0.01953,-0.01001,-0.9978,-0.00053,-0.00533,0.00719,53.52,17.04,2.84
accel_flip,7044,0.01733,-0.0105,-0.99561,-0.00413,-0.01212,0.00399,52.62,17.64,4.04
accel_flip,7045,0.0144,-0.01294,-0.99902,0.00386,-0.00852,0.01039,52.62,17.64,4.04
accel_flip,7046,0.01416,-0.01196,-0.99805,0.00559,-0.00546,0.00985,53.82,18.54,3.59
accel_flip,7047,0.01807,-0.00488,-0.99878,0.0032,-0.0036,0.00253,53.67,16.89,3.74
accel_flip,7048,0.01099,-0.01196,-1.00391,0.00053,-0.00386,0.00732,53.82,18.54,2.84
accel_flip,7049,0.01514,-0.01294,-0.99731,-0.0036,-0.00546,0.00519,53.82,18.54,2.84
accel_flip,7050,0.01587,-0.01147,-0.99707,-0.00493,-0.00772,0.00399,51.58,16.3,3.89
accel_flip,7051,0.01318,-0.00562,-0.99536,0.0012,-0.01571,0.00652,54.57,17.49,4.93
accel_flip,7052,0.01855,-0.01147,-0.99805,0.00186,-0.00919,0.00599,53.67,16.44,3.74
accel_flip,7053,0.01465,-0.01074,-0.99634,0.00999,-0.00919,0.00599,53.67,16.44,3.74
accel_flip,7054,0.01904,-0.00732,-1.0,0.00692,-0.01105,0.00652,53.67,16.44,3.74
accel_flip,7055,0.0127,-0.01147,-1.00073,0.00439,-0.00985,0.00746,52.92,17.64,2.99
accel_flip,7056,0.0188,-0.01147,-1.00049,-0.0032,-0.01345,0.00493,53.97,16.89,3.29
accel_flip,7057,0.01978,-0.00952,-0.99707,-0.0008,-0.00879,0.00186,54.27,16.74,5.38
accel_flip,7058,0.01465,-0.00879,-1.0,-0.00253,-0.00746,0.00692,54.27,16.74,5.38
accel_flip,7059,0.0166,-0.01489,-1.00122,-0.00386,-0.0036,0.00666,54.42,17.19,2.69
accel_flip,7060,0.0166,-0.00732,-0.99951,-0.00133,-0.00732,0.00652,53.52,17.49,2.39
accel_flip,7061,0.01367,-0.01538,-1.00049,-0.00506,-0.00732,0.00812,53.52,17.04,3.89
accel_flip,7062,0.01782,-0.01294,-0.99829,-0.0016,-0.00772,0.00559,54.57,16.74,3.59
accel_flip,7063,0.01733,-0.0083,-0.99438,-0.00426,-0.00839,0.00839,54.57,16.74,3.59
accel_flip,7064,0.02344,-0.00903,-0.99634,-0.00613,-0.00772,0.0024,53.07,17.49,3.89
accel_flip,7065,0.02051,-0.00415,-0.99683,0.00253,-0.00399,0.00772,53.82,15.55,3.89
accel_flip,7066,0.01416,-0.00806,-1.00098,0.0012,-0.00732,0.00879,54.27,17.49,3.89
accel_flip,7067,0.02124,-0.00781,-0.99585,0.00226,-0.00746,0.01092,54.27,17.49,3.89
accel_flip,7068,0.02026,-0.01001,-0.99878,-0.00133,-0.00546,0.00559,53.97,17.19,4.04
accel_flip,7069,0.01147,-0.00781,-1.00146,-0.00905,-0.00905,0.00599,53.82,17.79,3.89
accel_flip,7070,0.01514,-0.01343,-0.99731,-0.00826,-0.00613,0.00626,53.52,16.3,1.79
accel_flip,7071,0.01099,-0.0144,-0.99756,-0.01198,-0.00426,0.00386,54.27,17.04,3.89
accel_flip,7072,0.01489,-0.01025,-0.9917,-0.00426,-0.01332,0.00945,54.27,17.04,3.89
accel_flip,7073,0.01831,-0.0061,-0.99854,-0.00413,-0.00826,0.0032,53.82,17.49,2.84
accel_flip,7074,0.01294,-0.01221,-1.00635,0.0012,-0.01145,0.01105,54.27,16.74,3.89
accel_flip,7075,0.01904,-0.01392,-1.00049,-0.00107,-0.00985,0.00213,54.42,17.19,2.99
accel_flip,7076,0.01733,-0.00903,-0.99536,-0.00386,-0.00852,0.00759,54.42,17.19,2.99
accel_flip,7077,0.01758,-0.01123,-0.99707,-0.0012,-0.00666,0.00666,54.57,18.24,3.59
accel_flip,7078,0.021,-0.00854,-1.00098,-0.00186,-0.00453,0.00453,53.97,16.44,2.99
accel_flip,7079,0.01514,-0.01172,-0.99951,-0.0032,-0.00666,0.00346,53.67,17.19,2.99
accel_flip,7080,0.01489,-0.00952,-0.99805,-0.00107,-0.01185,0.00626,53.67,15.7,2.99
accel_flip,7081,0.01294,-0.00952,-0.99585,-0.00479,-0.00826,0.00546,53.67,15.7,2.99
accel_flip,7082,0.0144,-0.01074,-0.99658,-0.00706,-0.01052,0.00652,55.17,17.94,4.78
accel_flip,7083,0.01294,-0.00781,-1.0,-0.0036,-0.00852,0.00586,55.91,14.95,4.04
accel_flip,7084,0.01733,-0.01074,-0.99731,-0.00599,-0.00599,0.00599,53.07,17.49,3.59
accel_flip,7085,0.01221,-0.00317,-0.99707,-0.00146,-0.01172,0.00772,53.07,17.49,3.59
accel_flip,7086,0.01636,-0.00781,-1.00269,-0.00759,-0.00826,0.00533,53.52,16.74,4.63
accel_flip,7087,0.0144,-0.00708,-0.99805,-0.00519,-0.01438,0.00413,54.57,17.04,3.59
accel_flip,7088,0.01929,-0.0105,-0.99927,-0.01012,-0.00972,0.00839,54.57,17.04,4.19
accel_flip,7089,0.02075,-0.00757,-1.00049,-0.00706,-0.01039,0.00599,53.22,16.44,4.04
accel_flip,7090,0.01709,-0.00708,-1.00171,-0.00533,-0.00573,0.00466,53.22,16.44,4.04
accel_flip,7091,0.01807,-0.00708,-0.99731,-0.00293,-0.00413,0.00613,53.22,17.19,1.94
accel_flip,7092,0.01489,-0.0105,-1.0022,-0.00186,-0.01398,0.00746,54.27,17.04,4.63
accel_flip,7093,0.02148,-0.00928,-0.99536,-0.00892,-0.00652,0.0028,53.52,17.49,3.59
accel_flip,7094,0.01172,-0.01123,-0.99097,-0.00146,-0.00639,0.00626,53.52,17.49,3.59
accel_flip,7095,0.01465,-0.00391,-0.99658,0.00266,-0.00613,0.00626,54.72,17.19,2.99
accel_flip,7096,0.01709,-0.00635,-1.00073,0.01092,-0.00985,0.00559,53.52,15.55,2.09
accel_flip,7097,0.01636,-0.00366,-0.99609,0.00306,-0.00892,0.00866,53.52,16.74,3.59
accel_flip,7098,0.01538,-0.00928,-0.9939,-0.0012,-0.00639,0.00399,53.97,16.89,3.74
accel_flip,7099,0.01563,-0.00244,-1.00122,-0.0016,-0.00692,0.00599,53.97,16.89,3.74
accel_flip,7100,0.01685,-0.00977,-0.99463,-0.00639,-0.00839,0.00439,53.97,17.19,3.74
accel_flip,7101,0.01904,-0.0105,-1.00073,-0.00746,-0.00573,0.00413,52.77,17.49,2.84
accel_flip,7102,0.01489,-0.0127,-0.9978,-0.01025,-0.00559,0.0036,54.27,17.04,3.14
accel_flip,7103,0.0144,-0.00781,-0.99731,-0.00399,-0.01052,0.00439,54.27,17.04,3.14
accel_flip,7104,0.01343,-0.00928,-0.99854,-0.00719,-0.00706,0.00293,54.57,15.55,4.63
accel_flip,7105,0.0188,-0.00928,-1.00098,-0.00826,-0.00706,0.00746,53.52,17.04,4.19
accel_flip,7106,0.01343,-0.00952,-1.00122,-0.00639,-0.00386,-0.00093,54.57,18.24,3.89
accel_flip,7107,0.01636,-0.00659,-0.99756,0.0,-0.00533,0.00999,53.52,17.49,2.39
accel_flip,7108,0.01929,-0.01611,-1.00049,-0.0028,-0.01398,0.00786,53.52,17.49,2.39
accel_flip,7109,0.0144,-0.00952,-0.99609,-0.00719,-0.01065,0.00439,54.72,17.64,3.29
accel_flip,7110,0.01489,-0.01147,-1.00366,-0.0036,-0.00799,0.00706,52.92,16.15,4.04
accel_flip,7111,0.01294,-0.00684,-1.0,-0.00333,-0.00666,0.00613,53.22,17.19,2.99
accel_flip,7112,0.01489,-0.00146,-0.99707,-0.002,-0.00599,0.00599,53.22,17.19,2.99
accel_flip,7113,0.0144,-0.01147,-1.00098,-0.00439,-0.00253,0.00772,53.52,18.54,2.84
accel_flip,7114,0.021,-0.01563,-0.99878,-0.00919,-0.00799,0.00786,53.52,17.04,4.19
gyro_yaw_cw,8496,0.03491,-0.02344,1.01855,-0.0032,-0.01811,0.00559,28.4,-19.58,46.94
gyro_yaw_cw,8497,0.03076,-0.02563,1.02612,-0.00346,-0.01332,0.00866,29.6,-17.49,47.09
gyro_yaw_cw,8498,0.02661,-0.03101,1.00757,-0.00253,-0.01305,0.00573,30.8,-17.04,47.09
gyro_yaw_cw,8499,0.02612,-0.02222,1.01929,-0.0016,-0.01651,0.00852,29.75,-17.94,45.75
gyro_yaw_cw,8500,0.02881,-0.02319,1.0105,-0.00466,-0.01198,0.00999,29.75,-17.94,45.75
gyro_yaw_cw,8501,0.02979,-0.0271,1.00366,-0.00786,-0.01611,-0.0004,30.2,-16.44,47.24
gyro_yaw_cw,8502,0.02661,-0.02832,1.01685,-0.00519,-0.01012,0.00586,29.6,-18.24,47.39
gyro_yaw_cw,8503,0.03149,-0.02539,1.00635,-0.00652,-0.01491,0.00599,29.75,-16.89,46.94
gyro_yaw_cw,8504,0.02661,-0.02832,0.99854,-0.00759,-0.00892,0.00972,29.75,-16.89,46.94
gyro_yaw_cw,8505,0.03516,-0.02075,1.02246,-0.0004,-0.00866,0.01092,28.7,-17.19,47.24
gyro_yaw_cw,8506,0.02075,-0.02222,1.0127,-0.00439,-0.00479,0.00493,30.2,-17.19,47.24
gyro_yaw_cw,8507,0.02344,-0.0249,1.02026,0.00093,-0.01158,0.00266,29.6,-17.49,47.09
gyro_yaw_cw,8508,0.02759,-0.02783,1.0271,-0.0028,-0.01585,0.00719,28.85,-17.04,46.64
gyro_yaw_cw,8509,0.02197,-0.02271,1.00928,-0.00719,-0.02051,0.00759,28.85,-17.04,46.64
gyro_yaw_cw,8510,0.02393,-0.01929,1.01611,-0.00639,-0.02983,0.0012,29.15,-18.39,47.24
gyro_yaw_cw,8511,0.02466,-0.02563,1.01147,-0.00133,-0.02943,-0.00692,29.75,-17.19,47.99
gyro_yaw_cw,8512,0.0127,-0.05566,1.0061,-0.00386,-0.0281,-0.09135,30.5,-17.94,46.94
gyro_yaw_cw,8513,-0.00391,-0.09326,1.01416,-0.01917,0.00506,-0.51226,30.5,-17.94,46.94
gyro_yaw_cw,8514,0.02173,-0.01489,1.0061,-0.01931,-0.01411,-0.71359,30.8,-17.49,46.34
gyro_yaw_cw,8515,0.04956,-0.01782,1.01245,-0.01758,-0.01864,-0.608,30.5,-17.94,46.94
gyro_yaw_cw,8516,0.02271,-0.03857,1.01416,-0.01265,-0.01904,-0.50906,29.3,-18.24,47.39
gyro_yaw_cw,8517,0.01514,-0.03979,1.00635,-0.01838,0.00626,-0.61532,29.45,-17.19,46.94
gyro_yaw_cw,8518,0.03491,0.00146,1.0166,-0.01305,-0.0008,-0.61386,29.45,-17.19,46.94
gyro_yaw_cw,8519,0.03589,-0.00342,1.01538,-0.00599,0.00013,-0.42477,29.15,-18.39,47.54
gyro_yaw_cw,8520,0.04663,0.01733,1.0166,-0.00067,-0.00333,-0.21731,28.55,-18.99,44.85
gyro_yaw_cw,8521,0.03516,-0.01489,1.01807,-0.00506,-0.00439,-0.00905,30.2,-19.58,48.29
gyro_yaw_cw,8522,0.02808,-0.021,1.01318,-0.00213,0.00639,0.00786,30.2,-19.58,48.29
gyro_yaw_cw,8523,0.02686,-0.02295,1.01196,-0.00506,0.00186,0.00786,28.4,-19.14,46.49
gyro_yaw_cw,8524,0.02759,-0.02612,1.01318,-0.00799,-0.00226,0.00466,28.4,-19.58,45.75
gyro_yaw_cw,8525,0.02661,-0.02124,1.01123,-0.00253,-0.00812,0.00879,28.4,-18.84,45.45
gyro_yaw_cw,8526,0.02979,-0.02539,1.0127,0.00107,-0.01585,0.00732,28.85,-18.24,47.39
gyro_yaw_cw,8527,0.02905,-0.02734,1.01172,0.0012,-0.0237,0.00839,28.85,-18.24,47.39
gyro_yaw_cw,8528,0.02002,-0.03345,1.01538,0.00146,-0.03289,0.002,29.3,-17.49,45.3
gyro_yaw_cw,8529,0.01807,-0.02344,1.02197,0.00107,-0.03156,-0.00506,29.15,-18.39,46.94
gyro_yaw_cw,8530,0.01074,-0.05225,1.01855,-0.00666,-0.02024,-0.1048,28.85,-19.73,47.39
gyro_yaw_cw,8531,0.04272,-0.01636,1.01465,-0.01292,-0.00067,-0.23023,28.85,-19.73,47.39
gyro_yaw_cw,8532,0.0437,-0.00049,1.00928,-0.00732,-0.00772,-0.08575,29.15,-19.88,46.94
gyro_yaw_cw,8533,0.02954,-0.02319,1.00366,-0.00786,-0.00293,0.00479,28.85,-20.03,46.64
gyro_yaw_cw,8534,0.02881,-0.02344,1.01392,-0.00506,-0.00186,0.00493,29.15,-19.14,46.49
gyro_yaw_cw,8535,0.02002,-0.02954,1.00879,-0.01425,0.00985,0.00826,27.81,-19.29,45.3
gyro_yaw_cw,8536,0.05371,-0.02173,0.99731,-0.00506,0.00746,0.00053,27.81,-19.29,45.3
gyro_yaw_cw,8537,0.02979,-0.02954,1.01221,-0.01225,0.03089,0.00573,29.3,-19.29,47.39
gyro_yaw_cw,8538,0.02686,-0.02197,1.01172,-0.01465,0.03555,0.00133,28.85,-18.99,46.64
gyro_yaw_cw,8539,0.03247,-0.02734,1.01294,-0.01145,0.04208,-0.00959,28.7,-18.84,46.2
gyro_yaw_cw,8540,0.1145,0.11792,1.01294,0.00399,0.03023,-0.4072,28.7,-18.84,46.2
gyro_yaw_cw,8541,0.06592,0.00806,1.01172,-0.00453,0.00519,-0.82039,29.45,-19.14,46.94
gyro_yaw_cw,8542,0.04248,-0.00513,1.00659,-0.02996,-0.04993,-0.89575,29.45,-21.08,47.24
gyro_yaw_cw,8543,0.00513,-0.03467,1.00269,-0.03622,-0.01997,-0.72292,27.81,-19.73,46.64
gyro_yaw_cw,8544,0.03271,-0.04492,1.00293,-0.02304,-0.03902,-0.53716,28.4,-20.63,46.94
gyro_yaw_cw,8545,0.01099,-0.07178,1.00928,-0.01571,-0.01611,-0.26525,28.4,-20.63,46.94
gyro_yaw_cw,8546,0.00391,-0.07544,1.01807,-0.01132,-0.01025,-0.10546,26.46,-19.14,47.99
gyro_yaw_cw,8547,0.02075,-0.02002,1.01587,0.00053,-0.00493,0.00213,26.76,-19.73,46.34
gyro_yaw_cw,8548,0.02832,-0.02515,1.01489,0.00599,-0.01718,0.01172,27.36,-21.68,47.84
gyro_yaw_cw,8549,0.02539,-0.02246,1.01147,0.00759,-0.02184,0.00786,27.36,-21.68,47.84
gyro_yaw_cw,8550,0.02637,-0.02173,1.02319,0.00173,-0.02011,0.00852,28.4,-20.33,47.24
gyro_yaw_cw,8551,-0.14917,-0.07715,1.06494,0.03502,0.10626,-0.15366,27.81,-21.23,47.39
gyro_yaw_cw,8552,0.08472,-0.05615,1.00293,-0.05606,-0.08709,-1.40415,27.21,-19.88,45.75
gyro_yaw_cw,8553,0.08203,0.04834,1.00903,-0.01172,-0.02344,-0.659,27.21,-22.13,47.54
gyro_yaw_cw,8554,-0.07104,-0.08276,1.01831,-0.01518,-0.00253,-0.47378,27.21,-22.13,47.54
gyro_yaw_cw,8555,-0.08423,-0.06812,1.0144,-0.03981,-0.01651,-1.1401,26.76,-21.23,48.44
gyro_yaw_cw,8556,0.02393,0.02173,1.00928,-0.05406,0.01931,-2.0525,26.76,-22.72,48.14
gyro_yaw_cw,8557,0.02881,0.00635,1.02759,-0.03688,0.05193,-2.01335,26.46,-22.13,48.74
gyro_yaw_cw,8558,0.05859,0.01465,1.02539,-0.03795,0.01345,-1.88965,26.46,-22.13,48.74
gyro_yaw_cw,8559,0.08423,-0.02124,1.01587,-0.05566,-0.05539,-1.87007,26.16,-24.52,47.24
gyro_yaw_cw,8560,0.06738,-0.00562,1.00366,-0.05792,-0.04767,-1.81721,24.67,-25.27,46.2
gyro_yaw_cw,8561,0.0686,0.00513,1.0105,-0.04021,-0.01518,-1.65422,24.07,-25.86,47.09
gyro_yaw_cw,8562,0.06763,0.00708,1.00854,-0.04421,0.01292,-1.38737,24.07,-25.41,46.64
gyro_yaw_cw,8563,0.05054,-0.00391,1.01685,-0.02503,0.0534,-1.08524,24.07,-25.41,46.64
gyro_yaw_cw,8564,0.03735,-0.01221,1.00854,-0.01878,0.08242,-0.91493,22.87,-27.51,46.49
gyro_yaw_cw,8565,0.04102,-0.01367,1.01709,-0.02583,0.11358,-0.83264,22.42,-26.76,46.94
gyro_yaw_cw,8566,0.13574,-0.04053,0.98682,-0.0538,-0.13223,-0.22237,22.28,-27.66,47.09
gyro_yaw_cw,8567,0.01367,-0.03174,1.01392,-0.02024,-0.01172,-0.00453,22.28,-27.66,47.09
gyro_yaw_cw,8568,-0.03369,-0.02881,1.01807,0.03236,0.49868,-0.31412,22.72,-25.86,46.34
gyro_yaw_cw,8569,0.01733,-0.01831,1.01318,-0.01744,0.21079,-0.67751,23.17,-27.51,46.49
gyro_yaw_cw,8570,-0.1626,0.01807,1.01978,-0.03835,0.72718,-1.07605,22.28,-27.36,47.09
gyro_yaw_cw,8571,0.02612,-0.00684,1.0127,-0.02597,0.29481,-0.82119,22.13,-27.51,45.45
gyro_yaw_cw,8572,0.1665,-0.0332,1.03076,-0.01238,0.20786,-0.36499,22.13,-27.51,45.45
gyro_yaw_cw,8573,0.03369,-0.09644,1.01807,0.04248,0.04421,0.16072,21.53,-27.36,46.64
gyro_yaw_cw,8574,-0.00195,0.00122,1.01831,0.00985,0.01838,-0.06884,21.38,-27.51,46.94
gyro_yaw_cw,8575,0.00342,-0.00854,1.02075,-0.0012,0.00599,-0.21359,22.28,-26.91,47.09
gyro_yaw_cw,8576,-0.00098,-0.00854,1.01123,-0.01491,0.00959,-0.21159,22.28,-26.91,47.09
gyro_yaw_cw,8577,0.00708,-0.00903,1.01465,-0.02091,0.01451,-0.28096,20.63,-27.96,47.54
gyro_yaw_cw,8578,-0.00098,0.00171,1.01416,-0.00932,0.0012,-0.34847,19.73,-27.66,46.34
gyro_yaw_cw,8579,0.01196,0.00391,1.01538,0.0012,-0.00692,-0.45234,20.63,-28.7,46.2
gyro_yaw_cw,8580,-0.0127,-0.0083,1.01489,0.0032,-0.00772,-0.4084,20.78,-27.36,45.6
gyro_yaw_cw,8581,-0.01172,-0.01196,1.01685,-0.00333,-0.01185,-0.43396,20.48,-26.91,46.34
gyro_yaw_cw,8582,-0.01172,0.09106,0.99976,-0.02117,0.00786,-0.56233,20.63,-29.0,45.45
gyro_yaw_cw,8583,-0.00684,-0.01221,1.01147,0.00413,-0.00133,-0.61026,21.08,-28.7,45.75
gyro_yaw_cw,8584,0.03101,0.02759,1.01221,0.01318,-0.00266,-0.6092,20.33,-28.26,46.2
gyro_yaw_cw,8585,0.02148,0.00293,1.04419,0.0024,0.00413,-0.71359,20.33,-28.26,46.2
gyro_yaw_cw,8586,0.08423,-0.12744,1.05273,0.01185,0.00613,-0.83543,19.73,-28.11,47.09
gyro_yaw_cw,8587,0.03687,-0.02319,1.04639,0.00692,-0.01079,-0.71759,20.48,-28.11,46.64
gyro_yaw_cw,8588,0.03174,-0.04639,1.02295,0.00333,-0.00453,-0.74342,19.88,-29.0,46.49
gyro_yaw_cw,8589,0.03003,0.02319,1.00342,0.03356,-0.02277,-0.72957,19.88,-29.0,46.49
gyro_yaw_cw,8590,-0.02344,-0.00439,1.02563,0.02264,-0.01292,-0.79575,19.58,-29.75,46.49
gyro_yaw_cw,8591,-0.00708,-0.03418,1.00439,0.00453,-0.00639,-0.86952,19.58,-29.75,47.99
gyro_yaw_cw,8592,0.01172,0.01099,1.02319,0.02037,-0.02077,-0.91653,17.34,-30.95,46.2
gyro_yaw_cw,8593,-0.00195,-0.0105,1.0188,0.01332,-0.00999,-0.97658,19.58,-30.2,47.24
gyro_yaw_cw,8594,-0.02124,-0.07227,1.02344,-0.01718,-0.01119,-1.04369,19.58,-30.2,47.24
gyro_yaw_cw,8595,-0.00903,-0.00806,1.01123,0.00786,-0.01198,-1.21067,16.59,-29.75,45.75
gyro_yaw_cw,8596,0.00732,0.01831,1.01294,0.00959,-0.01012,-1.29656,16.59,-29.45,45.45
gyro_yaw_cw,8597,0.02539,-0.01294,1.02222,0.01358,-0.01332,-1.3939,17.04,-30.65,46.49
gyro_yaw_cw,8598,-0.00195,-0.01636,0.99609,0.01771,-0.01105,-1.43398,17.04,-30.65,46.49
gyro_yaw_cw,8599,0.00732,0.04712,0.98657,-0.00027,-0.00399,-1.31201,15.7,-31.54,48.14
gyro_yaw_cw,8600,-0.0105,-0.02515,1.01611,0.00839,-0.01145,-1.32812,14.65,-31.1,46.34
gyro_yaw_cw,8601,0.00024,-0.06006,1.0022,-0.03396,-0.00679,-1.28284,15.1,-30.2,47.24
gyro_yaw_cw,8602,0.02222,-0.05688,1.02197,0.0261,-0.01638,-1.47166,15.1,-30.2,47.24
gyro_yaw_cw,8603,0.00049,-0.03223,0.98389,0.02637,-0.01411,-1.5706,15.1,-30.2,47.24
gyro_yaw_cw,8604,-0.00146,-0.08691,1.02441,0.01851,-0.01212,-1.43132,13.16,-30.8,46.05
gyro_yaw_cw,8605,0.02808,-0.02002,0.99951,0.051,-0.01172,-1.38112,12.56,-32.14,47.24
gyro_yaw_cw,8606,0.02881,-0.09326,1.02344,-0.00133,-0.01585,-1.36687,12.56,-32.14,47.24
gyro_yaw_cw,8607,0.00879,-0.01709,1.0249,0.00293,-0.01758,-1.52133,12.56,-32.14,47.24
gyro_yaw_cw,8608,-0.02734,0.07886,1.00537,0.01358,-0.01904,-1.47912,10.61,-33.04,47.09
gyro_yaw_cw,8609,-0.01221,-0.0271,1.01416,0.01491,-0.03302,-1.65249,9.42,-33.04,47.84
gyro_yaw_cw,8610,-0.00342,-0.14868,1.01563,-0.01518,-0.01332,-1.50335,8.52,-32.89,45.45
gyro_yaw_cw,8611,0.00244,0.00171,0.99756,0.02051,-0.01105,-1.37925,8.52,-32.89,45.45
gyro_yaw_cw,8612,0.05249,-0.04883,1.01733,0.0008,-0.01744,-1.28484,7.92,-33.04,47.84
gyro_yaw_cw,8613,0.06055,0.0542,1.01367,0.00999,-0.02543,-1.47965,7.47,-33.19,46.49
gyro_yaw_cw,8614,-0.02979,-0.07373,1.00586,0.01585,-0.01611,-1.56754,6.88,-32.74,47.09
gyro_yaw_cw,8615,0.00757,-0.04907,1.00928,0.03089,-0.03143,-1.54037,6.88,-32.74,47.09
gyro_yaw_cw,8616,-0.04077,-0.05591,1.00635,0.01478,-0.02064,-1.41667,4.63,-34.53,46.34
gyro_yaw_cw,8617,-0.0874,-0.1521,1.05859,-0.10093,-0.01372,-1.07325,4.49,-35.58,46.94
gyro_yaw_cw,8618,0.00049,0.05664,1.02197,0.04314,-0.0245,-1.24809,4.34,-33.79,47.09
gyro_yaw_cw,8619,-0.03711,-0.05371,1.02222,0.03968,-0.02237,-1.40096,4.34,-33.79,47.09
gyro_yaw_cw,8620,0.01636,0.0354,0.99292,0.05699,-0.02557,-1.23411,3.59,-33.79,48.89
gyro_yaw_cw,8621,0.00537,-0.03882,1.01538,0.03995,-0.01864,-1.3389,3.89,-34.53,47.84
gyro_yaw_cw,8622,0.00146,-0.01196,1.01172,0.03768,-0.02197,-1.25142,3.59,-34.98,48.14
gyro_yaw_cw,8623,0.01001,-0.00293,1.00269,0.0237,-0.00533,-1.09949,2.24,-33.94,47.54
gyro_yaw_cw,8624,0.00562,-0.0564,1.01343,0.00666,-0.00959,-1.05022,2.24,-33.94,47.54
gyro_yaw_cw,8625,0.0022,-0.03198,1.00977,0.0016,-0.00666,-1.00574,1.05,-34.98,48.89
gyro_yaw_cw,8626,0.00635,-0.02637,1.01147,0.0004,-0.01784,-1.05501,0.3,-34.98,46.64
gyro_yaw_cw,8627,-0.01685,-0.05664,1.0188,-0.0261,-0.01025,-1.20814,0.15,-33.94,48.29
gyro_yaw_cw,8628,-0.00342,0.04102,1.03027,-0.0221,-0.00799,-1.18204,0.15,-33.94,48.29
gyro_yaw_cw,8629,-0.02319,-0.09814,1.02271,-0.03156,-0.0008,-1.2401,-1.94,-34.83,47.24
gyro_yaw_cw,8630,0.02246,0.18921,1.01392,-0.0522,-0.00706,-0.44382,-1.35,-31.84,47.09
gyro_yaw_cw,8631,-0.05469,-0.0188,1.00488,-0.02929,0.00373,-0.71359,-2.09,-34.98,47.84
gyro_yaw_cw,8632,-0.05493,-0.10229,1.02832,-0.03702,-0.00067,-0.83783,-0.45,-35.13,47.54
gyro_yaw_cw,8633,-0.09253,-0.0542,1.02124,-0.05113,0.01292,-0.65381,-0.45,-35.13,47.54
gyro_yaw_cw,8634,-0.01416,-0.07739,1.01831,-0.04354,0.01438,-0.3811,-1.35,-35.73,47.09
gyro_yaw_cw,8635,0.06567,-0.18359,1.03076,-0.04914,0.0229,0.20733,-2.09,-34.53,46.64
gyro_yaw_cw,8636,0.04712,0.14331,0.99707,-0.03342,0.01345,0.72065,-1.35,-34.24,47.39
gyro_yaw_cw,8637,0.02075,0.2168,1.02588,-0.01838,0.00586,0.12903,-1.35,-34.24,47.39
gyro_yaw_cw,8638,-0.01074,-0.00586,1.01685,-0.00932,-0.00466,0.0028,-1.05,-33.79,47.84
gyro_yaw_cw,8639,0.00024,-0.01587,1.01807,0.00027,-0.00639,0.00479,-1.94,-35.13,47.24
gyro_yaw_cw,8640,0.00073,-0.0166,1.02148,-0.00266,-0.00919,0.00466,-3.74,-33.64,47.99
gyro_yaw_cw,8641,-0.00366,-0.02197,1.01416,0.00093,-0.00945,0.01092,-2.84,-34.24,48.89
gyro_yaw_cw,8642,-0.01953,-0.03564,1.01587,0.01105,-0.01691,0.00812,-2.84,-34.24,48.89
gyro_yaw_cw,8643,-0.24048,-0.16113,0.98584,-0.06432,0.01332,-0.05047,-1.64,-36.33,47.54
gyro_yaw_cw,8644,0.11426,-0.00879,1.01611,-0.02756,-0.00639,0.24621,-1.64,-34.83,47.54
gyro_yaw_cw,8645,0.06641,0.08057,1.01538,-0.01305,-0.00546,0.2036,-0.6,-34.53,47.09
gyro_yaw_cw,8646,-0.01392,-0.01733,1.01611,0.00306,-0.01198,0.00786,-0.6,-34.53,47.09
gyro_yaw_cw,8647,-0.125,-0.02441,1.01221,-0.0012,-0.01052,-0.03995,-1.35,-34.98,46.64
gyro_yaw_cw,8648,-0.05933,-0.00879,1.01904,-0.00493,0.0,-0.18469,-1.05,-34.53,46.34
gyro_yaw_cw,8649,0.09058,0.02441,0.99927,-0.00666,0.0024,-0.16245,-0.6,-35.28,47.09
gyro_yaw_cw,8650,0.07715,-0.05615,1.01709,-0.01012,-0.00826,-0.01451,-2.69,-33.64,47.54
gyro_yaw_cw,8651,0.00854,0.0022,1.01807,0.05819,-0.03356,-0.12024,-2.69,-33.64,47.54
gyro_yaw_cw,8652,0.00391,0.04687,1.02637,0.06898,-0.02756,-0.1249,-1.79,-34.24,48.89
gyro_yaw_cw,8653,0.02173,0.07544,1.01758,0.05859,-0.03902,-0.62518,-0.6,-33.79,47.39
gyro_yaw_cw,8654,0.00049,-0.03784,1.00708,0.04461,-0.04581,-1.08897,-1.35,-35.73,47.84
gyro_yaw_cw,8655,-0.0166,-0.00098,1.01123,0.0289,-0.04221,-1.38391,-1.35,-35.73,47.84
gyro_yaw_cw,8656,-0.03979,0.07568,1.02246,0.03755,-0.04354,-1.63997,-2.69,-33.94,46.94
gyro_yaw_cw,8657,0.14771,-0.0647,1.00269,0.04181,-0.03143,-2.47887,-3.74,-32.89,48.29
gyro_yaw_cw,8658,-0.05371,0.0437,1.01196,0.01678,-0.04567,-2.83747,-5.38,-34.53,48.14
gyro_yaw_cw,8659,0.00073,-0.08179,1.02954,-0.01145,-0.03063,-2.78274,-6.58,-33.79,48.14
gyro_yaw_cw,8660,-0.04346,-0.01685,1.01196,0.00466,-0.03635,-2.5802,-6.13,-34.24,48.44
gyro_yaw_cw,8661,-0.04102,-0.15332,1.00928,0.02224,-0.03662,-2.66955,-7.92,-33.79,48.44
gyro_yaw_cw,8662,-0.00098,0.00635,0.98193,0.01158,-0.04514,-2.8585,-8.97,-32.89,47.99
gyro_yaw_cw,8663,0.03735,-0.07056,1.0332,-0.01611,-0.06245,-2.92548,-11.36,-34.98,47.39
gyro_yaw_cw,8664,0.04028,-0.04272,1.02075,0.02836,-0.19814,-3.12349,-11.36,-34.98,47.39
gyro_yaw_cw,8665,0.00415,-0.02271,1.01147,0.02104,-0.2514,-3.20844,-11.96,-31.84,48.14
gyro_yaw_cw,8666,0.00806,-0.05469,1.02344,0.00346,-0.44035,-3.46278,-13.45,-32.29,47.84
gyro_yaw_cw,8667,0.04395,-0.0542,1.04102,-0.06498,-0.32238,-3.55399,-14.95,-31.54,48.44
gyro_yaw_cw,8668,0.04687,0.03638,1.02563,-0.06818,-0.28269,-3.37276,-14.95,-31.54,48.44
gyro_yaw_cw,8669,0.0647,0.00977,1.03491,-0.0723,-0.11358,-3.43694,-17.34,-32.89,45.75
gyro_yaw_cw,8670,0.00073,0.08374,0.98779,-0.06844,-0.10799,-3.58488,-19.58,-31.69,47.54
gyro_yaw_cw,8671,0.03198,0.01514,1.02979,-0.06831,-0.20653,-3.53082,-21.08,-29.45,47.54
gyro_yaw_cw,8672,0.03979,0.04468,0.98584,-0.04687,-0.14275,-3.53388,-22.13,-30.65,46.49
gyro_yaw_cw,8673,0.06079,-0.06787,0.99048,-0.06924,-0.14661,-3.7516,-22.13,-30.65,46.49
gyro_yaw_cw,8674,0.02246,-0.05469,1.01685,-0.03569,-0.20067,-3.75745,-24.82,-28.85,47.84
gyro_yaw_cw,8675,-0.04687,-0.05688,1.0144,0.01238,-0.19401,-3.36251,-25.27,-27.66,47.09
gyro_yaw_cw,8676,-0.04102,-0.03369,0.99976,-0.04527,-0.11012,-2.74705,-25.56,-26.61,47.39
gyro_yaw_cw,8677,-0.06982,-0.03931,1.02222,0.01811,-0.04301,-1.76914,-25.56,-26.61,47.39
gyro_yaw_cw,8678,0.06714,0.01025,1.00635,-0.03036,-0.06645,-1.88206,-28.7,-24.82,49.33
gyro_yaw_cw,8679,-0.00659,0.00757,1.01929,0.01252,-0.07736,-1.89444,-29.3,-24.37,47.84
gyro_yaw_cw,8680,-0.04712,0.08325,0.98267,0.01385,0.00386,-1.9268,-30.95,-25.56,49.04
gyro_yaw_cw,8681,-0.04517,0.03076,1.0083,0.00879,0.01758,-1.84344,-29.6,-24.67,48.44
gyro_yaw_cw,8682,0.04297,0.02344,0.99512,-0.01372,-0.03036,-1.68072,-29.6,-24.67,48.44
gyro_yaw_cw,8683,0.04028,0.05737,1.01758,0.04714,0.03529,-1.66128,-31.25,-22.13,48.74
gyro_yaw_cw,8684,0.02686,-0.02319,1.01245,-0.05273,0.03688,-1.66488,-30.8,-22.42,47.39
gyro_yaw_cw,8685,0.06079,-0.07788,1.02856,-0.08642,0.00439,-1.86315,-30.8,-23.17,47.39
gyro_yaw_cw,8686,0.06812,0.01099,0.98853,-0.06511,-0.07151,-2.13825,-30.8,-23.17,47.39
gyro_yaw_cw,8687,0.01782,-0.04248,1.0188,-0.05619,0.0289,-2.48486,-32.74,-20.63,48.74
gyro_yaw_cw,8688,-0.0271,-0.01416,0.99756,-0.06685,0.01465,-2.40856,-33.79,-19.88,47.54
gyro_yaw_cw,8689,0.01685,0.01685,0.99072,-0.05926,-0.02197,-2.26262,-35.13,-18.54,47.09
gyro_yaw_cw,8690,-0.02051,0.0,0.99927,-0.07377,-0.03089,-2.25636,-34.53,-17.64,47.99
gyro_yaw_cw,8691,0.00244,0.0188,1.00317,-0.03036,-0.02397,-2.36995,-34.53,-17.64,47.99
gyro_yaw_cw,8692,0.01709,-0.0437,1.02661,-0.06272,-0.01931,-2.54052,-36.48,-17.94,47.54
gyro_yaw_cw,8693,0.04419,-0.05664,1.00952,-0.06392,-0.06378,-2.42654,-36.03,-16.44,47.54
gyro_yaw_cw,8694,-0.00562,-0.03613,1.01685,-0.09428,0.01491,-2.48819,-38.87,-15.85,46.64
gyro_yaw_cw,8695,0.07642,-0.04517,1.01196,-0.05433,-0.03076,-2.39565,-38.87,-15.85,46.64
gyro_yaw_cw,8696,0.03613,-0.04419,1.02734,-0.04461,-0.00506,-2.2288,-37.08,-13.01,47.99
gyro_yaw_cw,8697,0.03052,-0.02612,1.00024,-0.0502,-0.01611,-2.04531,-38.57,-11.21,46.94
gyro_yaw_cw,8698,0.02417,-0.01099,1.01636,-0.03955,-0.02184,-1.98539,-39.47,-10.17,48.14
gyro_yaw_cw,8699,0.02051,0.03198,1.01978,-0.03688,-0.00706,-2.23333,-40.07,-11.51,48.29
gyro_yaw_cw,8700,-0.01001,-0.01123,1.01465,-0.03888,-0.0012,-2.43919,-40.07,-11.51,48.29
gyro_yaw_cw,8701,0.03369,-0.03564,1.01733,-0.05806,-0.00759,-2.50497,-39.32,-9.27,47.54
gyro_yaw_cw,8702,0.00317,-0.02173,1.01733,-0.06511,-0.03289,-2.52894,-40.22,-8.37,47.09
gyro_yaw_cw,8703,-0.00049,-0.02979,1.01367,-0.06711,-0.03356,-2.33945,-40.07,-8.07,47.24
gyro_yaw_cw,8704,-0.0166,0.00464,1.0188,-0.05646,-0.00413,-2.16635,-40.07,-8.07,47.24
gyro_yaw_cw,8705,-0.03174,0.00806,0.99951,-0.05459,-0.03302,-2.16542,-41.41,-6.43,47.39
gyro_yaw_cw,8706,-0.02368,0.03003,1.01245,-0.04647,-0.03329,-2.05303,-42.31,-4.63,48.74
gyro_yaw_cw,8707,-0.00342,0.02441,1.02588,-0.04767,-0.00799,-1.92959,-41.56,-4.34,47.54
gyro_yaw_cw,8708,0.03711,-0.02832,1.03198,-0.0478,-0.00546,-1.89391,-41.56,-4.34,47.54
gyro_yaw_cw,8709,0.03174,0.0,1.02563,-0.0221,-0.00599,-1.88658,-42.16,-0.3,48.89
gyro_yaw_cw,8710,0.04004,-0.0415,1.01904,-0.01931,0.03089,-1.82586,-42.61,-2.84,47.24
gyro_yaw_cw,8711,0.03027,0.0249,1.00439,-0.02117,0.00186,-1.60602,-42.46,-0.75,48.89
gyro_yaw_cw,8712,0.02075,0.07617,1.00024,-0.03063,-0.03289,-1.68911,-42.61,-2.39,46.94
gyro_yaw_cw,8713,-0.00952,-0.02222,0.99072,-0.0237,-0.04168,-1.89005,-42.61,-2.39,46.94
gyro_yaw_cw,8714,-0.03369,-0.04346,1.00781,-0.00639,0.0004,-1.8718,-42.46,1.05,47.39
gyro_yaw_cw,8715,0.01587,-0.01807,0.99829,-0.0514,-0.03768,-2.0011,-44.55,1.2,46.94
gyro_yaw_cw,8716,-0.00439,-0.00513,1.0249,-0.047,0.01105,-1.96421,-43.35,2.39,49.04
gyro_yaw_cw,8717,0.00073,0.11426,1.0166,0.02969,0.07017,-1.9786,-43.35,2.39,49.04
gyro_yaw_cw,8718,0.01099,0.05225,0.98291,0.01385,0.04221,-2.13,-43.21,4.19,47.39
gyro_yaw_cw,8719,0.02661,-0.0686,1.0249,0.05886,0.08309,-2.02001,-43.06,5.08,48.74
gyro_yaw_cw,8720,0.05078,-0.10083,1.00537,0.01385,0.07417,-1.68285,-42.16,6.73,49.19
gyro_yaw_cw,8721,0.06201,-0.08765,1.01392,0.02437,0.0032,-1.39869,-42.91,5.98,49.19
gyro_yaw_cw,8722,0.0,-0.05591,1.00488,0.01385,0.05832,-1.13664,-42.91,5.98,49.19
gyro_yaw_cw,8723,0.01807,-0.02222,1.02539,-0.01052,0.02091,-0.96433,-42.91,7.92,48.44
gyro_yaw_cw,8724,-0.01147,0.03491,1.01563,-0.00453,-0.03848,-0.98444,-41.11,7.77,50.08
gyro_yaw_cw,8725,-0.01929,0.02588,1.00244,0.01585,0.07856,-1.39909,-41.71,8.67,48.44
gyro_yaw_cw,8726,0.05762,-0.02002,1.00073,0.00533,0.01984,-1.72386,-41.71,8.67,48.44
gyro_yaw_cw,8727,0.00635,-0.06226,1.01318,-0.00626,0.00346,-1.89883,-42.91,10.17,47.39
gyro_yaw_cw,8728,-0.02075,-0.04541,1.02563,-0.00133,0.10147,-1.88032,-42.46,10.61,47.39
gyro_yaw_cw,8729,0.03906,-0.01172,1.0166,0.00839,0.08176,-1.66767,-42.16,11.66,48.14
gyro_yaw_cw,8730,0.00098,-0.03467,1.01563,0.04221,-0.00439,-1.54037,-44.85,11.21,48.29
gyro_yaw_cw,8731,-0.00391,-0.05151,1.00854,0.03609,0.04155,-1.32585,-44.85,11.21,48.29
gyro_yaw_cw,8732,-0.00513,-0.02563,1.01343,-0.02943,0.45247,-1.35981,-42.31,12.26,47.99
gyro_yaw_cw,8733,0.02734,-0.02783,1.01245,-0.13183,0.21292,-1.1935,-41.56,14.65,48.29
gyro_yaw_cw,8734,-0.01489,-0.00146,1.00366,-0.1044,0.19614,-1.27246,-41.86,14.95,49.33
gyro_yaw_cw,8735,0.02539,-0.06323,1.01294,-0.14261,0.13622,-1.21187,-41.86,14.95,49.33
gyro_yaw_cw,8736,-0.04712,-0.01123,1.02466,-0.09215,0.03156,-1.212,-41.86,16.15,49.78
gyro_yaw_cw,8737,-0.01831,0.06372,1.01196,0.00093,0.03609,-1.59377,-41.86,15.7,49.33
gyro_yaw_cw,8738,-0.00195,0.0022,1.01855,0.0032,0.00559,-1.89164,-42.31,16.89,49.78
gyro_yaw_cw,8739,0.01294,-0.05664,1.01807,0.04647,0.00839,-1.67846,-42.61,16.89,47.99
gyro_yaw_cw,8740,-0.03247,0.02124,1.03979,0.00386,-0.02597,-1.43997,-42.61,16.89,47.99
gyro_yaw_cw,8741,-0.07935,0.04346,1.00854,0.05459,0.00386,-1.38604,-41.56,17.64,49.33
gyro_yaw_cw,8742,-0.07642,0.08276,1.00659,0.03995,0.01465,-1.37139,-40.51,19.88,48.74
gyro_yaw_cw,8743,0.16357,0.11914,0.95874,-0.06738,-0.01198,-1.3136,-40.66,20.48,49.19
gyro_yaw_cw,8744,0.02393,0.01685,1.00537,-0.04754,0.01385,-1.69177,-40.66,20.48,49.19
gyro_yaw_cw,8745,-0.00586,-0.07031,1.02954,-0.01105,-0.01851,-1.56993,-40.96,20.03,49.93
gyro_yaw_cw,8746,0.04321,-0.10571,0.99561,-0.03409,-0.00626,-1.32559,-39.92,20.93,48.89
gyro_yaw_cw,8747,-0.01563,-0.09106,1.02393,-0.03595,-0.00226,-1.2923,-39.77,23.32,49.04
gyro_yaw_cw,8748,0.01685,-0.0752,1.01831,-0.01744,0.00399,-1.11267,-39.47,23.92,50.98
gyro_yaw_cw,8749,-0.00562,-0.0542,1.01855,-0.01451,-0.00453,-1.00135,-40.22,21.98,48.89
gyro_yaw_cw,8750,-0.01074,-0.02856,1.01318,0.01611,-0.00985,-0.73863,-39.02,23.02,50.08
gyro_yaw_cw,8751,0.00488,-0.00659,1.01245,0.03715,-0.01518,-0.52637,-39.47,23.92,49.19
gyro_yaw_cw,8752,-0.02295,-0.07373,1.02173,0.00453,-0.01105,-0.48097,-39.17,24.37,49.93
gyro_yaw_cw,8753,-0.02686,-0.07104,1.01953,0.00719,-0.01052,-0.4586,-39.17,24.37,49.93
gyro_yaw_cw,8754,-0.00464,-0.01563,1.01221,0.02943,-0.01425,-0.6092,-38.87,26.16,49.63
gyro_yaw_cw,8755,-0.00635,0.01904,1.0105,-0.0036,-0.00879,-0.7855,-39.77,26.46,49.78
gyro_yaw_cw,8756,-0.01001,0.03296,1.01465,0.00652,-0.03329,-1.13198,-38.42,25.86,49.93
gyro_yaw_cw,8757,-0.04858,0.05371,1.01172,0.04155,-0.0261,-1.61507,-38.42,25.86,49.93
gyro_yaw_cw,8758,-0.0293,-0.03711,1.02295,0.01398,-0.01625,-1.82573,-38.27,26.01,49.33
gyro_yaw_cw,8759,-0.04028,0.02222,1.02539,0.03382,-0.0281,-1.66527,-38.27,27.51,50.08
gyro_yaw_cw,8760,0.01221,0.03223,1.02856,0.04381,-0.04314,-1.71055,-37.52,27.51,49.04
gyro_yaw_cw,8761,-0.09912,0.20215,0.97339,0.08429,-0.00399,-2.14744,-38.12,28.11,50.68
gyro_yaw_cw,8762,-0.12451,0.125,1.02368,-0.02903,-0.02357,-2.45623,-38.12,28.11,50.68
gyro_yaw_cw,8763,-0.04321,0.05884,1.01367,-0.0036,-0.0253,-3.14093,-36.63,29.6,47.39
gyro_yaw_cw,8764,-0.03931,0.0459,0.99072,0.04381,-0.01119,-3.86771,-36.93,30.35,49.93
gyro_yaw_cw,8765,-0.04932,-0.01685,1.00732,0.06272,-0.03795,-4.36332,-35.73,30.2,47.99
gyro_yaw_cw,8766,0.05908,-0.1604,1.01685,0.03302,-0.00666,-4.36332,-35.73,30.2,47.99
gyro_yaw_cw,8767,0.08398,-0.15527,1.14551,-0.04075,-0.06272,-4.36332,-32.59,35.73,49.19
gyro_yaw_cw,8768,0.05469,-0.15625,0.9856,0.07071,-0.06192,-4.36332,-31.99,35.88,49.04
gyro_yaw_cw,8769,0.05347,-0.23584,0.97046,0.09614,-0.01931,-4.16239,-29.45,37.82,49.04
gyro_yaw_cw,8770,0.10303,-0.11401,1.01099,0.02037,-0.0273,-3.43827,-29.6,39.47,48.14
gyro_yaw_cw,8771,-0.01099,-0.1272,0.93726,0.00812,-0.0036,-2.29911,-29.6,39.47,48.14
gyro_yaw_cw,8772,0.0354,0.22681,0.95825,0.42584,-0.16978,-2.02507,-28.11,42.16,48.89
gyro_yaw_cw,8773,0.00342,0.0127,0.96558,0.13049,-0.06152,-2.45397,-26.01,41.41,48.89
gyro_yaw_cw,8774,0.0459,-0.04272,1.01709,-0.24168,-0.00253,-2.34598,-25.41,41.26,49.04
gyro_yaw_cw,8775,-0.09619,0.0354,1.05859,-0.13555,-0.0281,-2.31549,-25.41,41.26,49.04
gyro_yaw_cw,8776,-0.02979,-0.05469,1.177,-0.03169,-0.01039,-2.94932,-23.77,42.61,49.93
gyro_yaw_cw,8777,-0.11328,0.07397,1.01245,-0.18203,-0.02943,-3.61591,-23.02,43.65,47.39
gyro_yaw_cw,8778,-0.05933,-0.02539,0.97949,0.00679,0.01318,-4.08822,-23.62,44.7,48.74
gyro_yaw_cw,8779,-0.01392,0.04077,1.03687,-0.00932,-0.00346,-3.9729,-20.63,44.7,50.53
gyro_yaw_cw,8780,-0.10034,0.06738,1.01392,-0.05353,-0.0269,-4.36332,-20.63,44.7,50.53
gyro_yaw_cw,8781,-0.14038,-0.04346,0.98755,-0.06165,-0.03475,-4.36332,-17.04,47.39,47.54
gyro_yaw_cw,8782,0.21777,0.08862,1.04492,-0.02463,-0.03449,-3.91218,-17.19,48.74,48.44
gyro_yaw_cw,8783,-0.03369,0.05762,1.05151,0.00786,-0.00107,-3.72523,-14.2,47.09,48.44
gyro_yaw_cw,8784,-0.19946,-0.13623,0.99048,0.04221,-0.01691,-3.67103,-14.2,47.09,48.44
gyro_yaw_cw,8785,0.16431,-0.01099,1.07568,0.01198,-0.02037,-3.65026,-11.36,48.29,49.19
gyro_yaw_cw,8786,0.18115,-0.18359,1.04248,0.07084,-0.03049,-3.27316,-10.02,48.89,47.54
gyro_yaw_cw,8787,0.0542,-0.12549,1.04077,0.15606,-0.03475,-2.60164,-8.97,49.19,46.94
gyro_yaw_cw,8788,0.10938,0.02271,0.99902,0.20187,-0.03249,-2.25996,-6.13,50.23,48.14
gyro_yaw_cw,8789,0.17139,-0.12378,0.85962,-0.23729,0.06418,-1.36207,-6.13,50.23,48.14
gyro_yaw_cw,8790,0.02734,-0.19531,1.02637,-0.26925,0.03755,0.83956,-5.23,47.69,49.04
gyro_yaw_cw,8791,0.04272,-0.18872,1.03687,0.00053,-0.00386,2.84239,-3.89,49.48,48.44
gyro_yaw_cw,8792,-0.09937,0.44385,1.06616,0.16418,-0.002,1.7449,-7.62,49.48,48.44
gyro_yaw_cw,8793,-0.04517,0.00684,0.98291,0.22477,-0.09627,-2.69272,-7.62,49.48,48.44
gyro_yaw_cw,8794,-0.06348,-0.06567,0.97607,0.14181,-0.05579,-3.62909,-6.73,50.83,48.29
gyro_yaw_cw,8795,0.20361,-0.10352,1.01514,-0.04101,-0.08362,-3.16543,-6.28,49.19,49.33
gyro_yaw_ccw,10786,-0.00879,-0.02515,1.04004,-0.01758,-0.00972,0.00519,-37.67,-10.17,14.65
gyro_yaw_ccw,10787,-0.01392,-0.02222,1.00146,-0.01132,-0.00226,0.00812,-37.08,-10.47,14.5
gyro_yaw_ccw,10788,-0.01318,-0.01489,1.00659,-0.00706,0.0,0.00746,-37.38,-10.91,14.35
gyro_yaw_ccw,10789,-0.0166,-0.00635,1.02954,-0.00999,-0.00852,0.00772,-37.08,-10.47,13.75
gyro_yaw_ccw,10790,-0.0127,-0.0144,1.00732,-0.00839,-0.01185,0.00493,-37.52,-10.76,14.5
gyro_yaw_ccw,10791,-0.01392,-0.01318,1.01074,-0.00546,-0.01491,0.00652,-37.52,-10.76,14.5
gyro_yaw_ccw,10792,-0.01904,-0.00928,1.01929,-0.01332,-0.01012,0.00439,-38.57,-10.47,13.01
gyro_yaw_ccw,10793,-0.01953,-0.01685,1.00732,-0.00719,-0.00692,0.00945,-37.38,-10.91,12.86
gyro_yaw_ccw,10794,-0.01025,-0.01318,1.02881,-0.00173,-0.00652,0.00306,-37.38,-9.87,13.6
gyro_yaw_ccw,10795,-0.00708,-0.02686,1.01782,-0.00959,-0.00905,0.00639,-37.38,-9.87,13.6
gyro_yaw_ccw,10796,-0.01221,-0.02124,1.01245,-0.00346,-0.00293,0.00719,-37.08,-10.76,12.71
gyro_yaw_ccw,10797,-0.01514,-0.01733,1.01904,0.00866,-0.01158,0.00826,-37.82,-10.47,12.71
gyro_yaw_ccw,10798,-0.01172,-0.01318,1.01416,0.00719,-0.01611,0.00666,-37.52,-10.47,12.71
gyro_yaw_ccw,10799,-0.0105,-0.01123,1.01685,0.02663,-0.00852,0.00626,-37.82,-11.51,12.71
gyro_yaw_ccw,10800,-0.0127,-0.00684,1.01831,0.01784,-0.01052,0.00972,-37.82,-11.51,12.71
gyro_yaw_ccw,10801,-0.02026,-0.0166,1.00854,0.01531,-0.01904,0.00746,-38.12,-9.42,13.9
gyro_yaw_ccw,10802,-0.00537,-0.01221,1.01147,0.01039,-0.00999,0.00945,-36.48,-10.02,14.2
gyro_yaw_ccw,10803,-0.01709,-0.01025,1.00854,0.00453,-0.01425,0.00399,-38.12,-9.87,13.9
gyro_yaw_ccw,10804,-0.0061,-0.01221,1.01392,-0.00226,-0.01478,0.00666,-38.12,-9.87,13.9
gyro_yaw_ccw,10805,-0.01709,-0.01392,1.01367,-0.00706,-0.01092,0.00879,-37.82,-10.47,12.71
gyro_yaw_ccw,10806,-0.00781,-0.00879,1.01025,-0.01438,-0.00772,0.00732,-38.27,-12.26,13.75
gyro_yaw_ccw,10807,-0.01147,-0.01074,1.01538,-0.01252,-0.01092,0.00493,-36.78,-10.47,14.5
gyro_yaw_ccw,10808,-0.01636,-0.00903,1.01172,-0.01105,-0.00732,0.01092,-35.73,-10.02,14.2
gyro_yaw_ccw,10809,-0.01001,-0.01318,1.01489,-0.01079,-0.01052,0.00786,-35.73,-10.02,14.2
gyro_yaw_ccw,10810,-0.00586,-0.01343,1.01245,-0.00852,-0.00573,0.00466,-37.52,-11.96,14.8
gyro_yaw_ccw,10811,-0.01099,-0.0166,1.01343,-0.00266,-0.01265,0.00945,-36.93,-10.61,12.56
gyro_yaw_ccw,10812,-0.01294,-0.01587,1.01221,0.00373,-0.00666,0.00732,-36.48,-10.47,14.2
gyro_yaw_ccw,10813,-0.0127,-0.00977,1.00977,0.00639,-0.01145,0.00706,-36.48,-10.47,14.2
gyro_yaw_ccw,10814,-0.01343,-0.01245,1.01465,-0.00053,-0.01172,0.00972,-37.38,-10.91,13.31
gyro_yaw_ccw,10815,-0.00879,-0.01587,1.01196,-0.00053,-0.00839,0.00972,-39.02,-9.57,14.5
gyro_yaw_ccw,10816,-0.01099,-0.01196,1.01221,-0.00852,-0.01305,0.00905,-39.02,-9.27,13.75
gyro_yaw_ccw,10817,-0.01709,-0.01245,1.01514,-0.00972,-0.01052,0.00812,-36.93,-11.36,13.6
gyro_yaw_ccw,10818,-0.0105,-0.00708,1.01367,-0.00746,-0.00732,0.00666,-36.93,-11.36,13.6
gyro_yaw_ccw,10819,-0.0105,-0.01636,1.01318,-0.01278,-0.00639,0.01212,-36.18,-12.11,13.9
gyro_yaw_ccw,10820,-0.0083,-0.01758,1.01636,-0.00999,-0.00652,0.00146,-37.38,-9.42,13.9
gyro_yaw_ccw,10821,-0.01489,-0.0127,1.01147,-0.01039,-0.01238,0.00493,-37.38,-9.42,13.9
gyro_yaw_ccw,10822,-0.00928,-0.01123,1.01587,-0.00399,-0.01012,0.00826,-37.38,-9.42,13.9
gyro_yaw_ccw,10823,-0.01367,-0.01978,1.021,-0.04168,0.02543,0.00839,-37.38,-10.61,12.11
gyro_yaw_ccw,10824,-0.00366,-0.00439,1.02661,-0.01731,0.0221,0.01132,-37.38,-11.36,13.6
gyro_yaw_ccw,10825,0.18823,0.43018,0.83057,-0.05633,-0.01771,0.49455,-38.57,-11.21,12.71
gyro_yaw_ccw,10826,0.09619,0.29419,0.8728,0.22291,-0.10613,-0.3534,-37.08,-11.21,14.2
gyro_yaw_ccw,10827,-0.23999,-0.36621,1.03418,0.02237,-0.03143,0.30826,-37.08,-11.21,14.2
gyro_yaw_ccw,10828,-0.02368,0.00049,0.99243,0.04434,-0.04288,0.80068,-36.93,-10.91,13.31
gyro_yaw_ccw,10829,-0.05835,0.02539,1.03101,0.00945,-0.03103,0.92412,-36.63,-10.61,13.9
gyro_yaw_ccw,10830,-0.06934,0.01611,0.99902,0.02716,-0.03688,0.83024,-37.67,-10.91,13.31
gyro_yaw_ccw,10831,-0.12988,-0.03906,0.99634,-0.12051,-0.00133,1.04782,-37.67,-10.91,13.31
gyro_yaw_ccw,10832,-0.09229,0.06128,1.03101,-0.17177,-0.00613,1.41853,-37.38,-11.66,13.6
gyro_yaw_ccw,10833,-0.07202,0.0061,1.02319,-0.36459,-0.0486,1.76794,-36.48,-13.01,13.75
gyro_yaw_ccw,10834,-0.00586,-0.06982,1.02466,-0.12211,0.02144,2.40364,-35.28,-12.71,13.01
gyro_yaw_ccw,10835,0.12329,-0.02173,1.02466,-0.0273,-0.00333,2.66489,-35.28,-13.45,13.01
gyro_yaw_ccw,10836,0.00659,-0.06323,1.01514,-0.00386,0.01678,3.00032,-35.28,-13.45,13.01
gyro_yaw_ccw,10837,0.00903,-0.04004,1.00659,-0.01012,0.02676,3.32469,-34.83,-14.05,13.31
gyro_yaw_ccw,10838,-0.0127,-0.01025,1.00562,0.01917,-0.00173,3.39194,-33.49,-16.89,13.75
gyro_yaw_ccw,10839,-0.02808,-0.01318,1.0144,-0.00293,-0.0012,3.27289,-34.24,-16.44,14.2
gyro_yaw_ccw,10840,-0.02661,-0.01416,0.99951,0.0233,0.01252,3.00671,-34.24,-16.44,14.2
gyro_yaw_ccw,10841,-0.02466,-0.04907,1.01221,0.02836,0.04221,3.07502,-31.39,-18.99,13.9
gyro_yaw_ccw,10842,-0.02295,-0.07935,1.0293,0.03782,0.03941,3.37316,-30.8,-19.73,14.35
gyro_yaw_ccw,10843,-0.02563,0.00757,1.01733,-0.02637,0.01292,3.63162,-28.11,-20.48,12.86
gyro_yaw_ccw,10844,-0.05298,-0.01147,1.00269,0.03822,0.03835,3.83322,-28.4,-21.83,13.01
gyro_yaw_ccw,10845,-0.01758,-0.0437,1.00513,0.02637,0.02756,3.91671,-28.4,-21.83,13.01
gyro_yaw_ccw,10846,0.03125,-0.02417,0.99561,-0.02304,0.04115,3.97024,-26.46,-23.77,13.45
gyro_yaw_ccw,10847,-0.02271,-0.04883,1.02759,0.03023,-0.0036,3.82164,-25.12,-23.32,12.71
gyro_yaw_ccw,10848,-0.052,-0.06909,1.00342,0.03742,-0.01731,3.81951,-23.62,-26.76,14.2
gyro_yaw_ccw,10849,-0.02856,-0.01929,1.00391,-0.04794,-0.06312,3.98662,-23.62,-26.76,14.2
gyro_yaw_ccw,10850,0.05005,0.06421,1.02539,-0.14035,-0.26206,3.71631,-21.98,-25.86,12.86
gyro_yaw_ccw,10851,0.00928,0.03809,1.01025,0.0036,-0.27471,3.15398,-18.39,-27.51,13.45
gyro_yaw_ccw,10852,-0.15356,-0.06079,1.00391,-0.01744,-0.35393,2.84439,-18.69,-26.91,12.56
gyro_yaw_ccw,10853,-0.06958,-0.03076,1.03638,-0.01052,-0.27977,2.86117,-18.84,-29.45,12.41
gyro_yaw_ccw,10854,0.10449,-0.02661,1.02319,-0.00506,-0.1293,2.80551,-17.19,-28.55,11.51
gyro_yaw_ccw,10855,0.06079,-0.03418,1.02734,-0.00892,-0.16352,2.59925,-16.59,-29.75,12.41
gyro_yaw_ccw,10856,0.2124,0.02979,1.00317,-0.03808,-0.20613,2.29298,-15.85,-28.26,12.41
gyro_yaw_ccw,10857,0.14624,-0.05933,1.01904,-0.00759,-0.14421,2.35104,-14.95,-30.05,13.9
gyro_yaw_ccw,10858,0.09448,-0.04736,1.00391,-0.02996,-0.20773,2.22068,-14.95,-30.05,13.9
gyro_yaw_ccw,10859,0.0686,0.06738,1.02539,-0.00107,-0.1988,2.10017,-12.41,-30.35,11.81
gyro_yaw_ccw,10860,0.13062,-0.04639,0.91699,0.05593,-0.00613,1.671,-10.76,-31.69,13.45
gyro_yaw_ccw,10861,0.02002,0.04272,1.01074,0.01664,-0.05779,1.5734,-10.17,-30.8,12.86
gyro_yaw_ccw,10862,0.0105,0.01782,1.00854,0.01345,-0.02357,1.37113,-10.17,-31.1,12.56
gyro_yaw_ccw,10863,0.03369,0.01123,1.01563,0.02623,0.00453,1.26234,-10.32,-29.75,11.96
gyro_yaw_ccw,10864,0.06958,0.01172,1.01807,0.0281,-0.01931,1.27486,-8.97,-31.69,11.96
gyro_yaw_ccw,10865,0.03955,0.00464,1.01831,0.03182,0.00133,1.3132,-6.13,-30.05,11.81
gyro_yaw_ccw,10866,0.02222,-0.0166,1.01392,0.03089,0.0036,1.45755,-7.77,-30.95,12.71
gyro_yaw_ccw,10867,0.02515,-0.02661,1.01392,0.03609,-0.01425,1.56447,-7.77,-30.95,12.71
gyro_yaw_ccw,10868,0.00586,-0.0498,1.01587,0.01571,-0.04647,1.56221,-6.13,-30.05,13.9
gyro_yaw_ccw,10869,-0.00952,-0.0708,1.00854,0.01664,-0.04474,1.46674,-5.38,-30.05,12.56
gyro_yaw_ccw,10870,0.01196,-0.021,1.01074,0.01891,-0.02344,1.38005,-5.98,-31.69,12.41
gyro_yaw_ccw,10871,0.0459,-0.01025,1.00952,0.02064,0.02463,1.36367,-5.98,-31.69,12.41
gyro_yaw_ccw,10872,0.08691,-0.02734,0.95752,0.03182,0.06432,1.4658,-4.49,-32.44,12.41
gyro_yaw_ccw,10873,-0.02466,0.00024,1.03027,0.03902,0.05606,1.49337,-2.69,-30.65,13.01
gyro_yaw_ccw,10874,0.03149,0.00562,1.02905,-0.00506,-0.04647,1.30135,-3.29,-30.8,12.86
gyro_yaw_ccw,10875,0.03784,0.01758,1.01563,-0.00573,-0.04807,1.58165,-1.64,-31.69,13.01
gyro_yaw_ccw,10876,-0.0564,-0.01367,1.01978,0.03888,0.07497,1.47699,-1.64,-31.69,13.01
gyro_yaw_ccw,10877,-0.05225,-0.02905,1.00513,0.0273,0.08083,1.48964,-0.45,-31.39,11.66
gyro_yaw_ccw,10878,0.00293,-0.03052,1.00073,0.0526,0.15912,1.59417,0.15,-30.95,11.21
gyro_yaw_ccw,10879,-0.02734,-0.02832,1.02197,0.10493,0.62784,1.70655,0.45,-30.95,11.96
gyro_yaw_ccw,10880,-0.02856,-0.05713,1.02637,0.09055,0.7361,1.54796,0.45,-30.95,11.96
gyro_yaw_ccw,10881,-0.01392,-0.00122,1.04883,0.21132,0.58163,1.2935,0.3,-32.74,11.81
gyro_yaw_ccw,10882,0.04883,0.01733,1.02075,0.16338,0.06538,0.8586,1.2,-30.65,11.21
gyro_yaw_ccw,10883,-0.0752,0.10425,1.02344,-0.0474,0.01878,0.66193,1.79,-30.35,12.56
gyro_yaw_ccw,10884,0.22998,-0.37695,1.02417,0.00479,0.01265,0.92039,1.79,-30.35,14.35
gyro_yaw_ccw,10885,-0.00537,-0.18262,1.01782,-0.02969,0.01185,1.17885,1.79,-30.35,14.35
gyro_yaw_ccw,10886,-0.0249,-0.28833,1.03003,-0.01611,0.01625,1.6176,2.09,-31.84,12.11
gyro_yaw_ccw,10887,0.00854,-0.1814,1.04248,-0.07257,0.01638,2.37887,3.44,-31.69,12.71
gyro_yaw_ccw,10888,0.05298,0.00635,1.00879,-0.06112,0.01904,2.68819,4.63,-30.05,12.11
gyro_yaw_ccw,10889,0.01904,0.10449,1.01245,-0.05872,0.00413,2.39831,4.63,-30.05,12.11
gyro_yaw_ccw,10890,-0.02856,0.29712,1.00293,-0.00546,0.01225,1.56767,5.38,-31.1,11.51
gyro_yaw_ccw,10891,-0.10059,0.09839,0.88745,0.08642,0.00453,0.3518,6.28,-30.2,13.75
gyro_yaw_ccw,10892,0.02441,0.104,1.00024,0.01092,-0.00093,0.60361,5.83,-28.55,11.81
gyro_yaw_ccw,10893,-0.00684,-0.0752,1.01025,-0.03489,-0.0016,0.63263,7.92,-31.54,10.32
gyro_yaw_ccw,10894,0.0022,-0.02783,1.00635,-0.03396,0.00812,0.74582,7.92,-31.54,10.32
gyro_yaw_ccw,10895,-0.00977,-0.09692,1.03662,-0.06285,0.0036,0.92851,7.92,-31.1,12.86
gyro_yaw_ccw,10896,-0.04858,-0.03296,1.00171,-0.05752,0.00905,1.15901,7.47,-30.2,12.41
gyro_yaw_ccw,10897,-0.02466,0.01172,1.01343,-0.04035,-0.00013,1.4662,8.97,-28.26,11.66
gyro_yaw_ccw,10898,-0.03052,0.02295,1.02637,-0.06099,-0.00133,1.63225,8.97,-28.26,11.66
gyro_yaw_ccw,10899,-0.04102,0.05005,0.97144,-0.0534,0.01252,1.87886,9.12,-29.3,12.11
gyro_yaw_ccw,10900,-0.00635,0.05811,1.01172,-0.01411,-0.00866,2.13479,9.72,-30.65,13.01
gyro_yaw_ccw,10901,-0.10938,0.12451,0.9917,-0.049,0.00493,2.24225,9.72,-29.45,11.21
gyro_yaw_ccw,10902,0.0127,0.05762,1.00562,-0.00972,0.01398,2.07287,12.41,-28.11,10.76
gyro_yaw_ccw,10903,0.03101,-0.05054,1.0022,0.01598,-0.00399,1.71907,12.41,-28.11,10.76
gyro_yaw_ccw,10904,0.07397,-0.177,1.01465,-0.02397,0.00306,1.47552,12.26,-27.96,10.91
gyro_yaw_ccw,10905,0.03052,-0.04468,1.01099,-0.0285,0.0008,1.4453,13.45,-25.56,11.66
gyro_yaw_ccw,10906,-0.00806,-0.03125,1.01025,-0.01039,-0.00213,1.46434,13.45,-27.66,10.76
gyro_yaw_ccw,10907,-0.0127,-0.02173,1.02246,-0.01332,-0.01172,1.44769,13.45,-27.66,10.76
gyro_yaw_ccw,10908,-0.04785,-0.03613,1.01611,-0.00852,-0.01651,1.81534,14.95,-26.16,12.11
gyro_yaw_ccw,10909,-0.03296,-0.0061,1.01563,-0.01824,-0.00546,2.15836,16.0,-26.61,11.06
gyro_yaw_ccw,10910,0.04321,0.00024,1.02563,-0.0269,-0.0012,1.92733,15.55,-26.46,12.41
gyro_yaw_ccw,10911,0.05884,0.11377,1.02319,-0.01225,-0.01052,1.50948,15.55,-26.46,12.41
gyro_yaw_ccw,10912,0.04272,0.05737,1.03149,-0.01119,-0.00093,0.89815,15.55,-26.46,12.41
gyro_yaw_ccw,10913,-0.00024,0.02734,1.02954,0.01039,-0.00706,0.63942,17.94,-25.12,12.56
gyro_yaw_ccw,10914,-0.07104,0.08203,1.01025,0.01145,-0.00639,0.77258,18.39,-25.56,12.71
gyro_yaw_ccw,10915,-0.0376,-0.44727,1.00879,0.03302,-0.01198,1.21161,18.39,-25.56,12.71
gyro_yaw_ccw,10916,-0.04224,-0.05957,1.01855,-0.02943,-0.00386,1.58844,19.14,-25.56,12.71
gyro_yaw_ccw,10917,-0.02344,-0.13208,1.01904,-0.04687,0.0012,1.65609,21.08,-23.32,10.47
gyro_yaw_ccw,10918,0.01245,-0.02539,1.02563,-0.06911,0.00186,1.8959,20.33,-23.02,11.96
gyro_yaw_ccw,10919,-0.01514,-0.07129,1.01904,-0.07164,0.0012,1.46887,20.63,-23.32,11.66
gyro_yaw_ccw,10920,-0.10156,-0.14893,1.01196,-0.07856,-0.0036,2.34092,20.63,-23.32,11.66
gyro_yaw_ccw,10921,0.05273,-0.05615,1.02783,-0.05846,0.00559,2.68766,21.23,-22.42,11.81
gyro_yaw_ccw,10922,-0.02148,-0.2605,0.99658,-0.03396,0.00533,3.38261,22.28,-21.68,11.06
gyro_yaw_ccw,10923,0.08398,-0.07715,1.04321,-0.047,0.01691,4.36319,23.77,-21.23,11.81
gyro_yaw_ccw,10924,0.06641,0.08545,1.01025,-0.04794,0.0,4.36319,23.77,-21.23,11.81
gyro_yaw_ccw,10925,0.04346,0.23633,1.01001,-0.04634,0.01558,4.28037,25.56,-17.79,11.06
gyro_yaw_ccw,10926,-0.02026,0.1272,1.01709,-0.04008,0.00812,3.67436,26.46,-16.44,10.17
gyro_yaw_ccw,10927,0.00415,0.00488,1.03271,-0.02903,0.00999,3.20125,28.11,-15.1,11.81
gyro_yaw_ccw,10928,-0.0083,-0.01831,1.01611,-0.0731,0.00759,2.79166,28.11,-13.31,10.76
gyro_yaw_ccw,10929,-0.04663,-0.06372,1.00757,-0.07071,0.01372,2.56995,28.11,-13.31,10.76
gyro_yaw_ccw,10930,-0.05322,-0.11865,0.98804,-0.02996,0.00879,2.91203,29.45,-12.26,10.47
gyro_yaw_ccw,10931,-0.0498,-0.13794,1.02295,-0.03449,0.00067,3.6749,29.75,-12.26,9.87
gyro_yaw_ccw,10932,-0.021,-0.21021,1.01221,-0.02823,-0.01052,4.36319,31.39,-9.12,11.06
gyro_yaw_ccw,10933,0.13745,-0.11694,1.03369,-0.00772,-0.02317,4.36319,31.39,-9.12,11.06
gyro_yaw_ccw,10934,0.16846,0.17676,1.03491,-0.01678,0.00786,4.36319,32.14,-5.68,10.32
gyro_yaw_ccw,10935,0.01099,0.17871,1.02197,-0.0036,-0.00133,4.36319,33.49,-4.34,10.17
gyro_yaw_ccw,10936,0.03369,0.09082,1.0415,0.01438,-0.02317,3.94148,33.19,-2.84,10.91
gyro_yaw_ccw,10937,0.02563,0.0437,1.03613,0.02197,-0.02517,3.02948,33.64,-1.05,11.06
gyro_yaw_ccw,10938,0.02393,-0.00464,1.04419,0.03622,-0.01784,2.44864,33.64,-1.05,11.06
gyro_yaw_ccw,10939,-0.00562,-0.052,1.01025,-0.00666,-0.00639,2.00296,34.38,1.79,10.02
gyro_yaw_ccw,10940,0.00244,-0.04297,1.01782,-0.0004,0.00652,1.78845,34.09,1.5,11.81
gyro_yaw_ccw,10941,-0.01807,-0.14307,0.9978,0.00493,0.01265,2.13026,33.64,1.5,10.76
gyro_yaw_ccw,10942,-0.00977,-0.10376,1.0332,-0.00679,-0.00386,2.7067,33.64,1.5,10.76
gyro_yaw_ccw,10943,-0.03369,-0.12085,0.99268,-0.01771,0.00746,3.00671,34.24,4.34,10.91
gyro_yaw_ccw,10944,0.0127,-0.08057,1.00806,-0.01358,0.00519,3.35998,34.09,4.93,10.32
gyro_yaw_ccw,10945,0.04687,0.32104,0.97827,0.02437,-0.01105,2.53932,35.43,8.67,11.06
gyro_yaw_ccw,10946,0.14844,-0.19238,1.00537,-0.00945,0.00945,2.82588,35.88,9.12,10.76
gyro_yaw_ccw,10947,0.06738,0.19043,1.00439,-0.00959,0.00399,2.64732,35.88,9.12,10.76
gyro_yaw_ccw,10948,0.01245,0.01782,1.01685,0.02836,-0.01491,1.99204,34.53,10.76,10.91
gyro_yaw_ccw,10949,0.0,-0.01489,1.01025,0.05073,-0.00919,1.7943,34.98,11.51,10.47
gyro_yaw_ccw,10950,0.01172,-0.0105,1.00806,0.08589,-0.00453,1.84451,35.43,12.86,12.11
gyro_yaw_ccw,10951,0.03003,-0.02539,1.02539,0.07483,-0.01212,1.73199,35.43,12.86,12.11
gyro_yaw_ccw,10952,0.04248,0.00879,1.02002,0.13715,-0.01931,1.65995,35.13,13.31,11.51
gyro_yaw_ccw,10953,0.02759,0.02222,1.0127,0.13236,-0.01691,1.56727,34.98,13.45,11.96
gyro_yaw_ccw,10954,0.05884,0.10645,1.01465,0.03103,-0.01265,1.17286,35.13,14.35,12.86
gyro_yaw_ccw,10955,0.12012,0.32349,0.99658,-0.01491,-0.00799,0.50773,34.83,15.1,12.11
gyro_yaw_ccw,10956,-0.04517,0.19458,0.93823,-0.04155,-0.00453,0.4305,34.83,15.1,12.11
gyro_yaw_ccw,10957,-0.05713,0.00659,0.98315,-0.05047,0.01119,0.56259,34.09,15.55,11.51
gyro_yaw_ccw,10958,0.05762,-0.04883,1.00244,0.04607,-0.01105,0.08735,33.64,14.35,11.06
gyro_yaw_ccw,10959,-0.02295,-0.25562,0.97729,0.06285,0.00053,0.5823,34.09,15.1,11.81
gyro_yaw_ccw,10960,-0.0481,-0.23096,1.04346,0.02011,0.00439,1.55595,34.09,15.1,11.81
gyro_yaw_ccw,10961,0.0835,-0.01953,1.05518,-0.06405,0.01491,2.01908,34.24,15.7,10.91
gyro_yaw_ccw,10962,0.07153,0.07886,1.01416,-0.01398,0.00639,1.90949,34.83,16.3,11.06
gyro_yaw_ccw,10963,-0.13623,-0.04565,0.96582,-0.01079,0.01585,2.33146,33.19,17.94,11.66
gyro_yaw_ccw,10964,-0.03662,-0.06567,1.05542,0.01664,0.04661,4.36319,34.09,17.49,10.76
gyro_yaw_ccw,10965,0.03979,-0.02441,1.02783,0.00905,0.0494,4.36319,34.09,17.49,10.76
gyro_yaw_ccw,10966,-0.95264,0.47168,1.03027,-0.01345,0.01731,4.36319,34.09,21.98,12.56
gyro_yaw_ccw,10967,-0.04785,-0.35767,1.05615,0.04434,0.02264,2.69099,32.14,22.42,11.06
gyro_yaw_ccw,10968,-0.02002,-0.03442,1.03345,0.00306,0.01198,2.10976,29.6,26.16,11.81
gyro_yaw_ccw,10969,-0.02319,-0.09375,1.01099,0.04061,0.02117,2.74705,29.6,26.16,11.81
gyro_yaw_ccw,10970,-0.02612,-0.10693,1.02441,0.00466,0.03276,3.4464,30.8,25.86,11.81
gyro_yaw_ccw,10971,0.11572,-0.15381,1.04688,0.04754,0.03595,3.84694,29.45,27.96,12.71
gyro_yaw_ccw,10972,0.10791,-0.07935,1.04541,-0.03542,0.05233,4.36319,29.3,28.55,10.76
gyro_yaw_ccw,10973,0.13965,-0.12329,1.06055,-0.05553,0.0498,4.36319,27.96,30.95,10.17
gyro_yaw_ccw,10974,0.07642,-0.02197,1.0127,-0.01611,0.04234,4.36319,27.96,30.95,10.17
gyro_yaw_ccw,10975,0.11523,-0.00635,1.05566,-0.06445,0.03356,3.94734,26.31,32.29,10.02
gyro_yaw_ccw,10976,0.02954,0.03711,0.99536,-0.00506,0.05153,3.65266,24.37,33.19,12.41
gyro_yaw_ccw,10977,-0.05396,0.09326,1.03345,-0.05992,0.03702,3.33055,23.17,35.13,11.21
gyro_yaw_ccw,10978,0.08179,0.1062,1.0293,-0.03409,0.03515,2.94705,23.17,35.13,11.21
gyro_yaw_ccw,10979,-0.21484,-0.05054,1.0481,-0.15433,0.04434,2.5569,23.47,34.53,11.81
gyro_yaw_ccw,10980,-0.03955,0.06006,1.00806,-0.03316,0.01691,2.4838,22.87,37.08,11.96
gyro_yaw_ccw,10981,-0.09497,0.02588,1.0022,-0.053,0.0273,2.23106,21.08,37.38,12.41
gyro_yaw_ccw,10982,-0.03174,-0.01245,1.00244,-0.03662,0.01198,1.97873,20.78,39.17,12.56
gyro_yaw_ccw,10983,-0.06567,-0.01416,1.01538,-0.03356,0.01292,2.49991,20.78,39.17,12.56
gyro_yaw_ccw,10984,-0.04614,-0.03491,1.00781,-0.02637,0.01398,2.80298,19.58,39.77,11.21
gyro_yaw_ccw,10985,-0.0271,-0.06396,1.021,-0.02384,0.02783,2.99246,17.19,40.66,12.11
gyro_yaw_ccw,10986,0.35864,-0.06274,1.04907,0.04421,0.00786,3.11417,18.09,40.81,12.41
gyro_yaw_ccw,10987,0.04004,0.0791,0.99805,-0.02623,-0.0036,-0.00826,18.09,40.81,12.41
gyro_yaw_ccw,10988,-0.05103,-0.08032,1.02563,-0.04008,-0.00213,0.04274,15.85,40.51,11.21
gyro_yaw_ccw,10989,0.02612,-0.01245,1.01758,0.00839,0.00399,0.26965,16.44,41.11,11.51
gyro_yaw_ccw,10990,-0.03076,-0.07544,1.02661,-0.01372,-0.01092,-0.11145,15.7,42.16,12.11
gyro_yaw_ccw,10991,-0.01123,-0.0105,1.00049,-0.00533,-0.01119,0.0498,16.59,42.01,12.71
gyro_yaw_ccw,10992,-0.19116,-0.19507,1.01904,0.06112,-0.00093,2.10603,15.7,42.91,13.6
gyro_yaw_ccw,10993,0.04614,0.06934,0.99268,-0.03981,0.01851,1.99378,15.4,41.86,11.81
gyro_yaw_ccw,10994,-0.00806,0.00562,0.99414,-0.0474,0.02357,1.84996,16.0,42.61,11.06
gyro_yaw_ccw,10995,0.04956,0.02319,1.01099,-0.03702,0.01451,1.85596,14.65,42.61,11.81
gyro_yaw_ccw,10996,-0.00586,-0.00488,1.02148,-0.03902,0.01052,1.76221,14.65,42.61,11.81
gyro_yaw_ccw,10997,-0.00806,-0.01929,1.01245,-0.03023,0.00959,1.73931,12.41,42.16,11.51
gyro_yaw_ccw,10998,0.03101,0.00781,0.9856,0.01957,0.00626,1.89817,12.56,42.76,12.41
gyro_yaw_ccw,10999,0.00049,-0.05029,1.03467,-0.00133,0.00186,1.75795,11.51,43.5,12.41
gyro_yaw_ccw,11000,-0.00488,-0.02222,1.01587,-0.00373,0.00599,1.63824,11.51,43.5,12.41
gyro_yaw_ccw,11001,-0.01196,-0.0332,1.02344,0.0036,0.00173,1.47899,10.91,43.35,11.81
gyro_yaw_ccw,11002,-0.00659,-0.00732,1.0022,-0.02224,0.00892,1.4176,9.72,43.95,11.66
gyro_yaw_ccw,11003,-0.02393,-0.03809,1.0271,-0.02663,0.00626,1.31227,9.42,44.1,13.6
gyro_yaw_ccw,11004,-0.00659,-0.00049,0.99951,-0.02637,0.00759,1.33784,9.42,42.16,12.56
gyro_yaw_ccw,11005,-0.00879,-0.05127,1.02954,-0.0249,0.00546,1.33145,9.42,42.16,12.56
gyro_yaw_ccw,11006,0.0354,0.03882,1.0166,-0.01105,-0.00999,1.29549,9.87,44.85,12.56
gyro_yaw_ccw,11007,0.04907,0.17041,1.02441,0.05832,-0.03462,1.14396,7.92,44.85,11.51
gyro_yaw_ccw,11008,0.00342,0.0105,1.0332,0.05233,-0.03249,0.89496,7.33,46.05,11.06
gyro_yaw_ccw,11009,-0.01587,-0.03198,1.02344,0.05832,-0.01385,1.23677,7.33,46.05,11.06
gyro_yaw_ccw,11010,0.07202,-0.0498,1.06152,-0.01704,0.0016,1.45542,6.88,45.6,13.31
gyro_yaw_ccw,11011,0.12524,-0.04907,1.03711,0.04328,-0.00479,1.63039,5.38,44.4,11.51
gyro_yaw_ccw,11012,0.04248,-0.04419,1.01123,0.06072,-0.01465,1.7995,6.58,44.85,12.56
gyro_yaw_ccw,11013,-0.03882,-0.03638,1.03271,-0.0478,0.02037,1.82653,4.34,44.1,11.81
gyro_yaw_ccw,11014,-0.14111,-0.05884,1.02954,-0.10573,0.01079,1.56075,4.34,44.1,11.81
gyro_yaw_ccw,11015,0.00024,0.00244,1.02246,-0.09747,0.00027,1.75436,4.19,43.95,12.41
gyro_yaw_ccw,11016,-0.09595,-0.13867,1.06982,-0.23156,0.02051,1.77114,2.24,44.7,11.96
gyro_yaw_ccw,11017,-0.0105,-0.08765,1.02979,-0.11145,0.00613,1.82893,2.54,44.4,11.06
gyro_yaw_ccw,11018,0.00977,-0.05127,1.02563,-0.03222,0.01278,1.96927,2.54,44.4,11.06
gyro_yaw_ccw,11019,-0.01953,-0.17871,1.03662,-0.01651,0.01851,2.14451,0.6,44.4,12.86
gyro_yaw_ccw,11020,-0.03979,-0.09229,1.01196,0.07217,0.0,2.46782,-1.2,44.25,11.96
gyro_yaw_ccw,11021,-0.04834,-0.10864,1.02051,0.06738,0.01132,2.60857,0.6,43.65,11.06
gyro_yaw_ccw,11022,-0.03223,-0.03809,1.01611,0.03662,0.0225,2.70111,-2.69,45.0,12.41
gyro_yaw_ccw,11023,-0.02588,-0.01538,1.00171,0.00306,0.00972,2.65464,-2.69,45.0,12.41
gyro_yaw_ccw,11024,0.00366,-0.0144,1.01294,0.01917,0.01531,2.5818,-3.89,44.1,12.86
gyro_yaw_ccw,11025,-0.01953,0.00024,1.01001,-0.03955,-0.00945,2.59805,-4.63,44.85,12.86
gyro_yaw_ccw,11026,-0.02246,-0.01343,1.00439,-0.06911,-0.05832,2.72135,-4.49,44.25,12.71
gyro_yaw_ccw,11027,0.00464,-0.0376,1.01147,-0.09241,-0.13209,2.97435,-4.49,44.25,12.71
gyro_yaw_ccw,11028,0.01587,-0.02881,1.01245,-0.10693,-0.10133,3.04279,-7.33,44.1,11.06
gyro_yaw_ccw,11029,0.02222,-0.02808,1.00757,-0.04607,-0.11425,3.15585,-6.73,43.5,12.71
gyro_yaw_ccw,11030,0.03052,-0.11499,1.02905,-0.02583,-0.09561,3.33468,-10.32,44.25,13.01
gyro_yaw_ccw,11031,-0.00781,-0.06812,1.03027,0.00213,-0.10559,3.45359,-11.66,43.35,12.86
gyro_yaw_ccw,11032,0.02563,-0.06763,1.00659,-0.0028,-0.02597,3.46917,-11.66,43.35,12.86
gyro_yaw_ccw,11033,-0.0188,-0.02295,1.0083,0.02543,0.01132,3.2685,-15.4,42.61,12.11
gyro_yaw_ccw,11034,0.00366,0.04346,1.01172,-0.01491,-0.11318,2.80551,-15.7,41.41,12.11
gyro_yaw_ccw,11035,-0.00659,-0.01758,1.0188,-0.01225,-0.12077,2.60777,-16.3,41.56,12.71
gyro_yaw_ccw,11036,0.01416,0.00488,1.01221,-0.00759,-0.12011,2.45117,-16.3,41.56,12.71
gyro_yaw_ccw,11037,0.02173,-0.01465,1.01318,-0.00905,-0.047,2.30097,-18.69,40.66,13.9
gyro_yaw_ccw,11038,0.02026,-0.01074,1.01758,0.00213,-0.00732,2.18712,-19.14,40.07,13.75
gyro_yaw_ccw,11039,-0.04224,-0.00244,1.01001,0.01651,0.01571,2.09657,-18.99,40.22,12.11
gyro_yaw_ccw,11040,-0.0127,-0.05298,1.01318,0.02144,-0.01212,2.17447,-19.14,38.12,12.41
gyro_yaw_ccw,11041,-0.01392,-0.06714,1.01538,0.01625,-0.03542,2.29644,-19.14,38.12,12.41
gyro_yaw_ccw,11042,0.06201,0.04297,1.01855,0.04115,0.25473,2.04544,-21.98,38.72,13.9
gyro_yaw_ccw,11043,-0.01001,0.15112,1.06616,0.06458,0.58337,1.59071,-21.68,38.57,13.01
gyro_yaw_ccw,11044,-0.07129,0.23901,1.04272,0.17657,0.28562,1.06806,-21.68,37.08,13.75
gyro_yaw_ccw,11045,-0.29126,-0.67627,1.14746,-0.14594,-0.0277,1.4935,-21.68,37.08,13.75
gyro_yaw_ccw,11046,-0.05029,0.06641,1.04248,-0.11771,-0.04474,1.67113,-23.02,38.42,12.86
gyro_yaw_ccw,11047,-0.06006,0.00854,1.0,-0.01758,-0.08655,1.2441,-23.77,37.67,14.65
gyro_yaw_ccw,11048,-0.00098,0.11377,0.9978,-0.03888,0.01039,1.16114,-26.01,36.03,12.11
gyro_yaw_ccw,11049,0.03027,-0.0354,1.01318,-0.03662,0.0253,0.97685,-24.07,35.28,12.11
gyro_yaw_ccw,11050,0.03198,-0.07813,1.02271,0.03755,-0.04953,0.87578,-24.07,35.28,12.11
gyro_yaw_ccw,11051,0.01904,-0.0293,1.0127,0.0221,-0.07883,1.3401,-25.71,35.88,13.01
gyro_yaw_ccw,11052,-0.07056,-0.06763,0.9978,0.06298,0.0984,1.25701,-25.56,34.98,12.86
gyro_yaw_ccw,11053,-0.03491,-0.05493,1.01807,-0.03742,-0.0249,1.51454,-26.01,35.73,13.6
gyro_yaw_ccw,11054,0.0918,-0.03906,1.11719,-0.31479,-0.0739,1.673,-26.01,35.73,13.6
gyro_yaw_ccw,11055,-0.08838,-0.05713,1.0188,0.01878,-0.05926,1.55116,-25.12,34.38,14.2
gyro_yaw_ccw,11056,0.08447,0.06323,0.99487,-0.0237,-0.049,1.74011,-27.36,34.53,12.11
gyro_yaw_ccw,11057,0.02417,0.01416,1.01563,-0.01105,-0.06418,1.59896,-27.66,33.19,13.01
gyro_yaw_ccw,11058,-0.04443,-0.04785,1.01099,-0.02983,-0.02637,1.49044,-29.45,33.64,13.01
gyro_yaw_ccw,11059,-0.02881,-0.01343,1.01538,-0.01931,-0.14528,1.48285,-29.45,33.64,13.01
gyro_yaw_ccw,11060,-0.09546,-0.80542,1.01318,-0.01225,0.04021,0.98137,-29.6,31.84,13.9
gyro_yaw_ccw,11061,0.03906,-0.05688,1.02319,-0.01451,-0.16978,1.68085,-29.45,31.69,13.45
gyro_yaw_ccw,11062,0.0376,-0.02734,1.01978,-0.01771,-0.10253,1.61814,-30.95,32.44,12.71
gyro_yaw_ccw,11063,0.06787,0.22046,1.01538,-0.03129,-0.15566,1.49563,-30.95,32.44,12.71
gyro_yaw_ccw,11064,-0.2439,-0.23853,1.00635,-0.0245,-0.01984,1.64037,-30.2,30.2,11.96
gyro_yaw_ccw,11065,-0.02759,-0.20728,1.03296,0.00613,-0.08149,1.96701,-31.25,29.75,13.75
gyro_yaw_ccw,11066,0.07153,-0.05518,1.0061,0.0032,-0.05113,2.40191,-31.25,29.75,12.71
gyro_yaw_ccw,11067,0.07324,0.01294,0.99927,0.04248,0.06645,2.64465,-31.99,29.0,12.41
gyro_yaw_ccw,11068,-0.04614,-0.12524,1.01978,0.03688,0.22051,2.75264,-31.99,29.0,12.41
gyro_yaw_ccw,11069,0.04199,0.01587,1.00684,0.02037,0.10253,2.84798,-31.69,27.51,12.71
gyro_yaw_ccw,11070,0.03735,-0.02466,1.01758,0.02716,0.1249,2.87195,-33.49,24.52,14.2
gyro_yaw_ccw,11071,0.04297,0.1521,1.00854,-0.00852,0.17683,2.49671,-33.64,24.37,13.6
gyro_yaw_ccw,11072,-0.01172,0.00269,1.00928,-0.02823,-0.02543,2.2063,-33.64,24.37,13.6
gyro_yaw_ccw,11073,0.02686,0.01514,1.01563,-0.02197,-0.00333,2.02014,-37.08,23.77,13.75
gyro_yaw_ccw,11074,-0.02197,-0.05078,1.0127,-0.01718,0.00613,1.94424,-35.13,21.68,12.86
gyro_yaw_ccw,11075,0.00195,-0.03125,1.01831,0.00053,0.01345,2.01295,-34.98,22.13,13.01
gyro_yaw_ccw,11076,0.01147,-0.02124,1.01465,0.00306,0.05739,1.95955,-36.03,21.83,13.75
gyro_yaw_ccw,11077,-0.00244,-0.1123,1.00903,0.00519,0.14514,1.8995,-36.03,21.83,13.75
gyro_yaw_ccw,11078,0.04663,-0.04272,1.01709,-0.0008,0.04434,1.98232,-37.38,21.23,14.35
gyro_yaw_ccw,11079,-0.00269,-0.02271,0.99658,-0.00213,0.01278,1.90696,-36.48,19.58,13.75
gyro_yaw_ccw,11080,-0.06494,0.01611,1.00732,-0.00652,0.01984,1.77753,-36.48,18.39,12.71
gyro_yaw_ccw,11081,-0.01978,0.01831,1.01831,0.00812,0.0249,1.66754,-36.48,18.39,12.71
gyro_yaw_ccw,11082,-0.02661,0.07739,0.99854,-0.01531,0.00626,1.48112,-38.87,16.74,12.56
gyro_yaw_ccw,11083,-0.04639,0.04663,1.0144,-0.01931,-0.00093,1.21853,-37.52,17.64,13.01
gyro_yaw_ccw,11084,-0.01587,0.04541,1.02368,-0.01771,0.0004,1.00561,-37.82,16.89,12.71
gyro_yaw_ccw,11085,-0.0144,0.00732,1.01782,-0.01851,0.01132,0.77884,-36.18,16.74,14.35
gyro_roll_pos,12797,-0.01123,0.08496,1.01245,0.04687,-0.02716,-0.00786,28.85,-11.66,24.37
gyro_roll_pos,12798,-0.00586,0.09424,1.00439,0.098,-0.04194,-0.01278,28.7,-10.47,24.97
gyro_roll_pos,12799,-0.00317,0.10303,1.00195,0.0992,-0.01145,-0.00706,30.2,-11.51,24.97
gyro_roll_pos,12800,-0.01245,0.09619,1.0188,0.16418,-0.00373,0.0008,29.15,-11.96,26.01
gyro_roll_pos,12801,-0.00342,0.10327,1.02197,0.26538,-0.05073,-0.00985,29.15,-11.96,26.01
gyro_roll_pos,12802,0.0022,0.10864,1.0354,0.49388,-0.10653,-0.00919,27.96,-10.47,25.71
gyro_roll_pos,12803,-0.00684,0.11084,1.01294,0.70414,-0.08416,0.01731,28.11,-11.66,26.16
gyro_roll_pos,12804,-0.0144,0.09302,1.03662,0.87139,-0.09188,0.00146,30.2,-12.71,25.27
gyro_roll_pos,12805,-0.01123,0.06738,1.07593,1.09962,-0.25992,0.07111,28.11,-12.11,25.86
gyro_roll_pos,12806,0.01636,0.08667,1.07642,1.62573,-0.43942,0.05579,28.11,-12.11,25.86
gyro_roll_pos,12807,0.02783,0.06714,1.10645,2.46875,-0.56193,-0.04581,29.45,-11.21,27.51
gyro_roll_pos,12808,-0.02856,0.11499,1.10791,3.63082,-0.68643,-0.353,29.3,-11.36,26.91
gyro_roll_pos,12809,0.02075,0.20435,1.08325,4.36319,-0.71213,-0.50587,28.4,-11.96,29.3
gyro_roll_pos,12810,0.03223,0.25977,0.98218,4.36319,0.11878,-0.56206,28.4,-11.96,29.3
gyro_roll_pos,12811,-0.11206,0.38965,0.99146,4.36319,0.0016,-0.63809,29.75,-12.26,30.35
gyro_roll_pos,12812,0.00977,0.29517,1.01489,3.84574,-0.50613,-0.62571,28.11,-13.6,31.25
gyro_roll_pos,12813,-0.08301,0.34204,0.91309,3.78395,0.02357,-0.80894,29.6,-9.87,33.04
gyro_roll_pos,12814,-0.06177,0.3252,0.92285,3.8781,-0.23662,-0.64182,28.85,-12.11,33.04
gyro_roll_pos,12815,-0.00732,0.45459,0.95557,3.83935,-0.18083,-0.67085,27.21,-12.26,33.49
gyro_roll_pos,12816,-0.0144,0.4856,0.95557,3.58861,-0.09095,-0.56392,28.55,-13.6,33.79
gyro_roll_pos,12817,-0.00244,0.4856,0.96924,3.46304,-0.31159,-0.47125,27.36,-11.66,34.83
gyro_roll_pos,12818,-0.01904,0.55176,0.91089,3.699,-0.26845,-0.34355,27.66,-11.96,35.73
gyro_roll_pos,12819,0.02075,0.61865,0.84253,4.14148,-0.38509,-0.30933,27.66,-11.96,35.73
gyro_roll_pos,12820,0.02661,0.66138,0.79077,4.36319,-0.46539,-0.2249,26.16,-10.47,37.23
gyro_roll_pos,12821,0.02905,0.70923,0.73193,4.36319,-0.49961,-0.12663,27.36,-12.11,37.38
gyro_roll_pos,12822,0.00195,0.67554,0.67773,4.36319,-0.41159,-0.26698,25.71,-10.02,39.02
gyro_roll_pos,12823,0.0249,0.6958,0.69629,4.36319,-0.2819,-0.40001,25.71,-10.02,39.02
gyro_roll_pos,12824,0.00195,0.73437,0.73511,4.36319,-0.14181,-0.49242,26.01,-9.87,40.96
gyro_roll_pos,12825,-0.01855,0.72974,0.66895,4.36319,-0.28363,-0.54661,26.01,-9.42,40.51
gyro_roll_pos,12826,-0.01904,0.78882,0.6145,4.36319,-0.09507,-0.14514,26.01,-7.18,42.31
gyro_roll_pos,12827,0.01587,0.86377,0.521,4.26026,-0.32331,-0.00732,24.67,-7.33,42.91
gyro_roll_pos,12828,0.03174,0.87329,0.40942,3.62736,-0.46312,0.05832,24.67,-7.33,42.91
gyro_roll_pos,12829,0.08154,0.92041,0.32275,3.38275,-0.27337,0.0787,26.01,-5.98,43.8
gyro_roll_pos,12830,0.06055,0.90967,0.28906,3.37889,-0.11199,0.11385,24.67,-7.03,43.95
gyro_roll_pos,12831,0.06128,0.91772,0.30005,3.33574,0.09388,0.21678,24.82,-4.19,45.3
gyro_roll_pos,12832,0.00464,0.87891,0.32544,3.74014,0.22078,0.34581,24.82,-4.19,45.3
gyro_roll_pos,12833,-0.03613,0.87012,0.34644,4.15866,0.26871,0.53569,24.82,-2.54,45.3
gyro_roll_pos,12834,-0.03296,0.92212,0.31372,4.36319,0.20653,0.56432,25.56,-1.79,46.05
gyro_roll_pos,12835,-0.01929,0.93823,0.25659,4.36319,0.11332,0.46139,23.92,-2.39,45.45
gyro_roll_pos,12836,-0.01953,0.93896,0.18848,4.36319,0.05393,0.34341,25.41,-0.45,47.24
gyro_roll_pos,12837,0.01953,0.99316,0.1106,4.36319,-0.10067,0.36991,25.41,-0.45,47.24
gyro_roll_pos,12838,0.08472,1.03296,-0.03076,4.36319,0.03902,0.55141,26.31,4.19,47.09
gyro_roll_pos,12839,0.10889,0.97339,-0.125,4.36319,0.28509,0.58523,24.67,2.39,45.45
gyro_roll_pos,12840,0.07202,0.84302,-0.13525,4.36319,0.50014,0.51,25.71,4.34,46.94
gyro_roll_pos,12841,0.07349,0.85522,-0.08984,4.36319,0.82065,0.4562,25.71,4.34,46.94
gyro_roll_pos,12842,0.04663,0.81494,-0.07275,4.36319,0.92691,0.3582,27.06,6.73,47.09
gyro_roll_pos,12843,0.00635,0.89893,-0.10059,4.36319,0.8847,0.13396,26.16,7.77,46.2
gyro_roll_pos,12844,0.0376,1.03564,-0.08276,4.3287,0.68843,-0.02064,26.46,8.52,45.45
gyro_roll_pos,12845,0.01001,1.01196,-0.16968,3.80113,0.72185,-0.07364,26.31,8.37,44.1
gyro_roll_pos,12846,-0.0769,0.93823,-0.24341,3.95786,0.14141,0.00999,26.31,8.37,44.1
gyro_roll_pos,12847,0.2063,0.87476,-0.5,3.54387,0.78457,-0.54901,25.56,8.37,43.8
gyro_roll_pos,12848,0.10913,0.89307,-0.45972,3.17009,1.73132,-0.85288,26.31,10.61,44.85
gyro_roll_pos,12849,0.14453,0.85107,-0.46143,3.02948,1.57712,-0.63263,26.46,9.27,43.65
gyro_roll_pos,12850,0.09155,0.82617,-0.42139,2.76623,1.20069,-0.53956,26.46,9.27,43.65
gyro_roll_pos,12851,0.09009,0.88135,-0.38403,2.5063,0.5345,-0.33929,26.46,11.51,42.91
gyro_roll_pos,12852,0.08057,0.82251,-0.40991,2.46462,0.75434,-0.33849,26.91,11.96,41.41
gyro_roll_pos,12853,0.052,0.91113,-0.36328,2.5051,0.11505,-0.14448,26.46,11.96,41.41
gyro_roll_pos,12854,0.09106,0.87158,-0.48218,1.99031,-0.02051,-0.16325,26.46,10.47,40.81
gyro_roll_pos,12855,0.07104,0.83301,-0.54272,1.83026,-0.05965,-0.26791,26.46,10.47,40.81
gyro_roll_pos,12856,0.07227,0.81348,-0.61035,1.9738,-0.11571,-0.15366,27.36,12.86,39.47
gyro_roll_pos,12857,0.10278,0.81812,-0.60767,2.1517,-0.05553,-0.06698,26.91,12.26,41.11
gyro_roll_pos,12858,0.07446,0.69141,-0.64282,2.30204,-0.01145,-0.02157,25.71,12.71,40.81
gyro_roll_pos,12859,0.09155,0.82251,-0.6438,2.57195,-0.0221,0.04661,25.71,12.71,40.81
gyro_roll_pos,12860,0.14209,0.91846,-0.70532,2.55437,0.29122,0.20999,27.06,14.05,39.17
gyro_roll_pos,12861,0.02954,0.80396,-0.67822,3.00018,1.20348,0.30453,26.46,13.75,39.62
gyro_roll_pos,12862,0.05078,0.81299,-0.58276,3.12722,1.02558,0.42637,26.91,14.2,40.07
gyro_roll_pos,12863,0.01147,0.7749,-0.60913,3.14866,0.80388,0.39774,28.7,13.75,39.32
gyro_roll_pos,12864,0.09009,0.79468,-0.53174,3.1934,0.81639,0.20426,28.7,13.75,39.32
gyro_roll_pos,12865,0.08911,0.71802,-0.65137,3.32482,0.69602,-0.04461,26.46,14.95,36.48
gyro_roll_pos,12866,0.00977,0.63623,-0.79687,3.32669,0.42597,-0.15553,27.36,14.35,36.93
gyro_roll_pos,12867,0.06396,0.54639,-0.85889,3.31457,0.15966,-0.02197,28.4,14.65,35.73
gyro_roll_pos,12868,0.10303,0.40527,-0.81543,3.48768,-0.1293,0.27803,28.4,14.65,35.73
gyro_roll_pos,12869,0.15015,0.52637,-0.70435,3.71444,-0.13063,0.57005,27.96,16.44,35.73
gyro_roll_pos,12870,0.1897,0.53638,-0.68091,4.01378,0.21785,0.46286,25.27,16.74,35.88
gyro_roll_pos,12871,0.14404,0.51001,-0.81201,3.98902,0.34861,0.2795,26.76,17.49,35.58
gyro_roll_pos,12872,0.08984,0.57349,-0.8999,4.17384,0.06285,0.25353,26.76,17.49,35.58
gyro_roll_pos,12873,0.10962,0.60767,-0.88037,4.16292,-0.26552,0.16671,28.11,17.04,34.53
gyro_roll_pos,12874,0.12183,0.47314,-0.89478,4.09821,-0.53809,0.14354,26.76,17.49,33.34
gyro_roll_pos,12875,0.12866,0.271,-0.91602,4.19408,-0.48696,0.13689,26.46,17.64,33.19
gyro_roll_pos,12876,0.11353,0.16504,-0.93726,4.36319,-0.2795,0.22091,27.96,17.94,31.69
gyro_roll_pos,12877,0.07349,0.18677,-0.94897,4.36319,-0.20813,0.29947,27.96,17.94,31.69
gyro_roll_pos,12878,0.0686,0.21509,-0.93994,4.36319,-0.2249,0.3578,26.91,19.58,33.19
gyro_roll_pos,12879,0.08496,0.20752,-0.9292,4.21006,-0.10639,0.45487,27.96,17.64,31.1
gyro_roll_pos,12880,0.09912,0.21118,-0.94604,4.30766,-0.16125,0.41812,27.36,19.29,31.99
gyro_roll_pos,12881,0.09302,0.20825,-0.91968,4.36319,-0.1044,0.36871,27.36,19.29,31.99
gyro_roll_pos,12882,0.09717,0.07227,-0.91162,4.36319,0.03236,0.38097,26.16,17.94,29.3
gyro_roll_pos,12883,0.09277,-0.03589,-0.91504,4.36319,0.13875,0.51878,26.76,20.48,27.66
gyro_roll_pos,12884,0.04565,-0.11597,-0.99365,4.36319,-0.06045,0.66819,26.16,19.58,28.11
gyro_roll_pos,12885,0.05566,-0.23535,-1.00146,4.36319,-0.43343,0.80414,27.21,20.63,27.81
gyro_roll_pos,12886,-0.26318,-0.23901,-1.16138,4.36319,-0.68776,0.73623,27.21,20.63,27.81
gyro_roll_pos,12887,-0.01172,-0.13086,-1.09326,4.36319,-1.94477,-1.08058,25.41,20.33,26.31
gyro_roll_pos,12888,0.28784,-0.14771,-0.87842,4.36319,-2.34758,-1.45835,26.01,17.49,25.86
gyro_roll_pos,12889,0.41846,-0.21069,-0.75879,4.36319,-1.63997,-0.82625,25.71,19.14,25.71
gyro_roll_pos,12890,0.01294,-0.20923,-0.9248,4.36319,-0.84249,-0.43649,25.71,19.14,25.71
gyro_roll_pos,12891,0.03613,-0.2168,-0.87695,4.36319,-1.49297,-0.77365,26.76,16.3,24.82
gyro_roll_pos,12892,0.05298,-0.32617,-0.68457,4.36319,-1.15022,-1.71055,26.91,15.7,23.17
gyro_roll_pos,12893,-0.06348,-0.72754,-0.81006,4.36319,-0.30733,-1.89151,27.06,15.85,25.12
gyro_roll_pos,12894,-0.15503,-0.80127,-0.73096,4.36319,-0.54115,-0.9843,27.21,16.15,24.52
gyro_roll_pos,12895,-0.02026,-0.75879,-0.60132,3.67956,-0.41692,-0.25899,27.21,16.15,24.52
gyro_roll_pos,12896,0.00757,-0.68628,-0.66699,3.22988,0.04301,0.11638,28.4,13.01,22.42
gyro_roll_pos,12897,0.04028,-0.70166,-0.66235,3.16743,0.08908,0.13476,28.4,13.75,23.17
gyro_roll_pos,12898,0.03784,-0.68823,-0.66089,3.51098,-0.06152,-0.01398,28.85,14.05,23.02
gyro_roll_pos,12899,0.05347,-0.77124,-0.63818,3.54919,-0.13595,-0.11651,28.85,14.05,23.02
gyro_roll_pos,12900,0.03223,-0.77734,-0.65234,3.53535,-0.16325,-0.08669,26.31,13.31,22.28
gyro_roll_pos,12901,0.05469,-0.77148,-0.63257,3.53348,-0.19121,-0.10519,28.7,11.96,21.68
gyro_roll_pos,12902,0.0498,-0.75806,-0.58569,3.68115,-0.30254,-0.28176,28.11,12.86,22.28
gyro_roll_pos,12903,-0.01587,-0.77661,-0.51489,3.7231,-0.29748,-0.40587,27.81,11.66,21.83
gyro_roll_pos,12904,0.00537,-0.8396,-0.44824,3.56105,-0.22544,-0.35726,27.81,11.66,21.83
gyro_roll_pos,12905,0.02759,-0.91943,-0.36987,3.4195,-0.10799,-0.27724,29.45,11.51,22.42
gyro_roll_pos,12906,0.02783,-1.00562,-0.37451,3.39766,0.13529,-0.10679,28.55,11.36,23.62
gyro_roll_pos,12907,0.02612,-1.01172,-0.42456,3.55465,0.24608,0.14341,29.15,10.47,23.47
gyro_roll_pos,12908,0.06152,-0.97095,-0.37915,3.87277,0.1542,0.153,29.15,10.47,23.47
gyro_roll_pos,12909,0.04907,-0.99341,-0.36914,4.08076,0.1012,0.14514,29.3,11.66,22.57
gyro_roll_pos,12910,0.0332,-0.98193,-0.32959,4.05679,0.16405,0.17777,28.4,10.47,22.72
gyro_roll_pos,12911,0.02783,-0.94824,-0.29858,3.84813,0.18655,0.22131,27.96,12.26,21.38
gyro_roll_pos,12912,0.02002,-0.93457,-0.26221,3.79008,0.17657,0.19694,27.81,10.17,21.08
gyro_roll_pos,12913,0.00586,-0.90039,-0.19873,3.84374,0.08163,0.0518,27.81,10.17,21.08
gyro_roll_pos,12914,-0.0022,-0.96289,-0.0791,3.72203,0.08336,-0.0727,27.96,10.76,22.42
gyro_roll_pos,12915,0.0083,-1.11572,0.01196,3.39566,0.28949,0.01531,28.85,9.42,21.08
gyro_roll_pos,12916,0.02563,-1.10547,0.01172,3.41577,0.47684,0.16618,28.55,10.61,21.83
gyro_roll_pos,12917,0.02905,-1.06885,-0.00391,3.54054,0.43995,0.1542,28.55,10.61,21.83
gyro_roll_pos,12918,0.02905,-1.03369,-0.0332,3.52203,0.43809,0.07377,28.11,9.87,21.08
gyro_roll_pos,12919,0.02295,-1.07495,0.02148,3.33494,0.34847,0.05766,29.15,9.57,21.38
gyro_roll_pos,12920,0.03101,-0.98853,0.06104,3.29566,0.21984,-0.02756,27.36,9.12,19.29
gyro_roll_pos,12921,0.00415,-0.94849,0.08179,3.22562,0.11531,-0.14594,27.81,7.92,21.08
gyro_roll_pos,12922,-0.0022,-0.98413,0.17285,3.1171,0.03422,-0.2313,29.3,8.67,19.73
gyro_roll_pos,12923,-0.03247,-0.94849,0.29395,3.28221,0.2305,-0.33955,27.81,8.67,20.03
gyro_roll_pos,12924,0.01074,-1.03613,0.32642,3.41457,0.41745,-0.41958,29.75,7.77,20.18
gyro_roll_pos,12925,0.00122,-1.0896,0.35815,3.34706,0.62558,-0.27257,28.55,9.12,20.48
gyro_roll_pos,12926,0.03638,-1.14307,0.34521,3.22069,0.82811,-0.07337,28.55,9.12,20.48
gyro_roll_pos,12927,0.0459,-1.10498,0.32422,3.41244,0.96113,0.06139,29.15,7.03,19.58
gyro_roll_pos,12928,0.04443,-1.04077,0.30078,3.86704,0.9397,-0.0016,29.15,7.33,19.58
gyro_roll_pos,12929,0.04687,-0.98682,0.30762,4.08942,0.863,-0.16698,29.45,6.58,18.39
gyro_roll_pos,12930,0.03833,-0.93384,0.33057,3.71151,0.8385,-0.13622,29.45,6.58,18.39
gyro_roll_pos,12931,-0.02783,-0.90308,0.36328,3.05505,0.86473,-0.07563,29.15,3.59,16.59
gyro_roll_pos,12932,-0.02222,-0.84106,0.45361,2.75264,0.59468,-0.0767,29.6,4.93,18.99
gyro_roll_pos,12933,-0.0271,-0.83667,0.56396,2.63174,0.58683,-0.12157,29.15,5.08,18.09
gyro_roll_pos,12934,0.00342,-0.80249,0.64038,2.70231,0.62278,-0.33396,29.15,4.63,17.79
gyro_roll_pos,12935,0.00537,-0.88501,0.65454,2.67155,0.79629,-0.33849,29.15,4.63,17.79
gyro_roll_pos,12936,0.01831,-0.89185,0.6123,2.86969,0.9594,-0.3016,28.55,2.99,17.49
gyro_roll_pos,12937,0.05176,-0.88599,0.53955,3.20312,1.0116,-0.34009,28.11,2.99,18.24
gyro_roll_pos,12938,0.03296,-0.90942,0.58984,3.45159,1.02399,-0.34049,29.15,3.89,15.55
gyro_roll_pos,12939,-0.01001,-0.79272,0.54395,3.3392,1.02918,-0.23942,29.15,3.89,15.55
gyro_roll_pos,12940,-0.03711,-0.73462,0.57104,3.18421,0.82678,-0.27777,28.11,2.24,15.1
gyro_roll_pos,12941,-0.06421,-0.72339,0.73364,2.88713,0.80987,-0.4779,28.55,1.05,15.1
gyro_roll_pos,12942,-0.18408,-0.67725,0.53076,2.8384,1.3204,-0.29588,27.81,0.75,16.44
gyro_roll_pos,12943,0.01978,-0.68677,0.72314,2.63759,0.51053,-0.09947,26.16,0.9,15.55
gyro_roll_pos,12944,-0.0354,-0.63867,0.83008,2.63999,0.9132,-0.27724,26.16,0.9,15.55
gyro_roll_pos,12945,0.06323,-0.73608,1.00049,2.89952,0.91812,-0.79056,27.06,-1.79,13.9
gyro_roll_pos,12946,-0.09839,-0.72314,0.69165,2.80764,1.97234,-0.55447,27.66,-0.15,13.75
gyro_roll_pos,12947,-0.04932,-0.60718,0.68921,2.92468,1.15075,-0.84649,27.81,-2.24,15.4
gyro_roll_pos,12948,0.03564,-0.58496,0.84302,3.03214,2.01947,-0.94502,27.81,-2.24,15.4
gyro_roll_pos,12949,0.021,-0.52441,0.70996,2.6625,2.12001,-1.07259,27.36,-4.19,13.31
gyro_roll_pos,12950,-0.09741,-0.65942,0.70239,2.34065,1.56234,-0.81293,25.12,-3.59,13.01
gyro_roll_pos,12951,0.03198,-0.75806,0.84058,2.29112,1.62706,-0.51865,24.52,-3.74,13.31
gyro_roll_pos,12952,0.07031,-0.72705,0.81201,1.95942,1.91854,0.32757,25.12,-3.89,12.41
gyro_roll_pos,12953,-0.19067,-0.60742,0.70483,1.99604,1.2879,0.70161,25.12,-3.89,12.41
gyro_roll_pos,12954,-0.03076,-0.49731,0.95605,2.079,0.97512,0.85048,25.71,-5.83,11.96
gyro_roll_pos,12955,-0.0752,-0.47607,0.95361,1.81494,1.24982,0.62438,24.07,-5.98,12.56
gyro_roll_pos,12956,-0.04175,-0.18311,0.33911,2.177,0.75794,0.10493,24.07,-5.68,12.56
gyro_roll_pos,12957,-0.1499,-0.36841,1.07007,3.3195,-0.9369,-0.86007,24.07,-5.68,12.56
gyro_roll_pos,12958,-0.10059,-0.41089,0.86694,3.47875,-0.52118,-0.98524,23.92,-7.33,12.71
gyro_roll_pos,12959,-0.11694,-0.27075,0.85986,3.97557,-0.8365,-1.05048,25.27,-7.18,12.86
gyro_roll_pos,12960,-0.12451,-0.36987,0.87915,4.04028,-0.96127,-0.85887,25.12,-8.52,12.71
gyro_roll_pos,12961,-0.18091,-0.29126,0.86938,3.52443,-0.95155,-0.36539,26.01,-10.61,13.6
gyro_roll_pos,12962,-0.05225,-0.30615,1.03345,2.72867,-0.75913,-0.1012,26.01,-10.61,13.6
gyro_roll_pos,12963,-0.1543,-0.32373,0.9436,2.37727,-0.50627,-0.08709,25.12,-10.47,15.25
gyro_roll_pos,12964,-0.11426,-0.32861,0.96851,2.05037,-0.19841,-0.06738,25.12,-11.96,14.5
gyro_roll_pos,12965,-0.05151,-0.26611,1.02905,1.47925,0.206,0.21838,25.71,-10.76,14.8
gyro_roll_pos,12966,-0.0752,-0.32935,0.99463,1.1883,0.93211,0.28283,25.71,-10.76,14.8
gyro_roll_pos,12967,-0.1189,-0.21118,0.95215,1.72826,1.31866,-0.00892,25.27,-11.66,13.6
gyro_roll_pos,12968,-0.1499,-0.1272,0.88647,1.97021,1.13624,-0.16978,25.41,-11.51,14.2
gyro_roll_pos,12969,-0.13159,-0.16333,0.87769,1.90256,0.68483,-0.12184,26.46,-11.21,14.2
gyro_roll_pos,12970,-0.1958,-0.15674,0.95605,2.03186,0.4811,-0.18296,26.76,-13.31,13.9
gyro_roll_pos,12971,-0.18994,-0.12061,1.15259,2.17181,-0.88497,-0.10266,25.71,-12.71,14.5
gyro_roll_pos,12972,-0.15137,-0.15894,1.33984,1.96235,-1.10162,-0.16032,24.67,-11.96,14.5
gyro_roll_pos,12973,-0.11401,0.01294,1.26538,1.71321,-1.03038,0.01292,25.41,-13.45,13.45
gyro_roll_pos,12974,-0.05859,0.00952,1.1272,1.84131,-0.55327,-0.06724,25.56,-12.56,13.9
gyro_roll_pos,12975,-0.05151,-0.01025,1.04858,2.02414,-0.21372,0.01878,25.56,-12.56,13.9
gyro_roll_pos,12976,-0.0647,0.0144,0.99927,1.88112,0.40813,0.05739,26.46,-13.01,13.75
gyro_roll_pos,12977,-0.09106,-0.00903,1.04468,2.19524,0.61865,-0.1008,25.71,-13.75,15.55
gyro_roll_pos,12978,0.04077,0.08081,0.97778,2.01455,0.96872,-0.1253,27.06,-14.8,14.65
gyro_roll_pos,12979,-0.20947,0.09937,0.95215,2.2039,1.02465,-0.15899,27.06,-14.8,14.65
gyro_roll_pos,12980,-0.09595,0.16797,1.13184,2.24385,0.11172,-0.06671,26.31,-14.8,14.65
gyro_roll_pos,12981,-0.07568,0.1936,1.19336,2.19431,-0.04687,0.02397,25.56,-15.1,13.9
gyro_roll_pos,12982,-0.11035,0.13135,1.15332,2.19405,-0.32011,0.13902,26.01,-14.8,16.15
gyro_roll_pos,12983,-0.1123,0.19189,1.12891,2.14345,-0.43183,0.22983,25.41,-16.44,14.2
gyro_roll_pos,12984,-0.12158,0.13989,1.14917,1.98951,-0.44701,0.29002,25.41,-16.44,14.2
gyro_roll_pos,12985,-0.13477,0.11401,1.10156,1.98592,-0.59788,0.32863,26.76,-16.3,15.4
gyro_roll_pos,12986,-0.13159,0.14038,1.05737,1.75795,-0.59602,0.4076,26.91,-16.89,15.25
gyro_roll_pos,12987,-0.09009,0.19775,0.96045,1.83585,-0.72531,0.33955,27.06,-16.3,16.44
gyro_roll_pos,12988,-0.08081,0.18115,0.81665,1.78285,-0.53103,0.22064,27.06,-16.3,16.44
gyro_roll_pos,12989,-0.06909,0.20312,0.90796,1.5409,-0.42837,0.31039,26.01,-15.85,17.94
gyro_roll_pos,12990,-0.07349,0.23145,0.85645,1.95742,-0.44794,0.16898,26.31,-17.49,19.73
gyro_roll_pos,12991,-0.04517,0.30615,0.86938,2.05197,-0.45101,0.22903,28.85,-18.54,19.73
gyro_roll_pos,12992,-0.04102,0.28857,0.896,2.11189,-0.35314,0.27178,26.01,-17.49,18.99
gyro_roll_pos,12993,-0.05444,0.31689,0.93188,1.96541,-0.30666,0.25819,26.01,-17.49,18.99
gyro_roll_pos,12994,-0.05664,0.24292,0.90112,1.78325,-0.25327,0.24714,27.36,-18.24,20.78
gyro_roll_pos,12995,-0.07544,0.24951,1.02319,1.26913,0.09374,0.14221,26.76,-17.79,20.48
gyro_roll_pos,12996,-0.07373,0.39917,1.00806,1.02931,0.27391,0.13955,28.11,-19.29,20.78
gyro_roll_pos,12997,-0.13379,0.31616,1.04736,0.91014,0.18695,0.07324,28.11,-19.29,20.78
gyro_roll_pos,12998,-0.05566,0.36621,1.01221,0.75394,0.48057,-0.03955,27.21,-19.14,20.93
gyro_roll_pos,12999,-0.08569,0.38135,0.979,0.64209,0.56193,-0.03129,27.21,-17.94,21.38
gyro_roll_pos,13000,-0.08203,0.41211,0.94971,0.52611,0.29854,0.07164,27.36,-17.79,20.03
gyro_roll_pos,13001,-0.05322,0.40796,0.92114,0.38589,0.23622,0.13369,26.46,-17.64,20.18
gyro_roll_pos,13002,-0.05298,0.42334,0.86426,0.33356,0.32917,0.18349,26.46,-17.64,20.18
gyro_roll_pos,13003,-0.04346,0.43677,0.85278,0.41093,0.36698,0.26991,27.96,-17.94,19.88
gyro_roll_pos,13004,-0.00146,0.44409,0.88599,0.56126,0.52344,0.39095,28.11,-16.74,20.48
gyro_roll_pos,13005,-0.05762,0.40967,0.90234,0.49974,0.46219,0.2546,28.11,-17.04,19.29
gyro_roll_pos,13006,-0.09204,0.42212,0.95386,0.50014,0.39508,0.14181,28.11,-17.04,19.29
gyro_roll_pos,13007,-0.07593,0.40967,0.9541,0.41652,0.3309,0.06165,26.31,-17.49,20.48
gyro_roll_pos,13008,-0.09497,0.39795,0.93091,0.29534,0.25114,0.03089,26.31,-17.64,19.58
gyro_roll_pos,13009,-0.08862,0.4021,0.90894,0.05499,0.26112,0.0024,26.76,-17.79,20.78
gyro_roll_pos,13010,-0.09619,0.39111,0.90771,-0.1233,0.27977,0.01864,26.76,-17.79,20.78
gyro_roll_pos,13011,-0.09741,0.39307,0.92578,-0.2779,0.31692,0.08069,26.76,-17.79,20.78
gyro_roll_pos,13012,-0.09229,0.3667,0.90015,-0.38895,0.39761,0.16365,26.31,-17.79,18.84
gyro_roll_pos,13013,-0.28662,0.28564,0.41724,-0.17976,0.35114,0.17564,26.31,-19.29,19.73
gyro_roll_pos,13014,-0.06396,0.45044,0.86255,0.21944,-0.18096,0.15007,26.31,-19.29,19.73
gyro_roll_pos,13015,-0.09766,0.45142,0.84302,0.39441,-0.17191,0.1024,26.31,-19.29,19.73
gyro_roll_pos,13016,-0.08105,0.31616,0.81836,0.44009,-0.08549,0.11398,28.4,-16.15,19.88
gyro_roll_pos,13017,-0.06543,0.38892,0.9375,1.02838,-0.2542,0.57804,27.96,-16.89,19.14
gyro_roll_pos,13018,-0.15845,0.47388,0.93042,0.95807,-0.39681,0.64808,29.15,-16.89,18.39
gyro_roll_pos,13019,-0.13843,0.60693,1.10278,0.44901,0.09441,0.46113,29.15,-16.89,18.39
gyro_roll_pos,13020,-0.08643,0.44751,0.91528,-0.0494,0.08882,0.08669,29.3,-15.85,19.73
gyro_roll_pos,13021,-0.09766,0.45288,0.91431,-0.11145,-0.08469,0.16219,28.11,-17.49,19.29
gyro_roll_pos,13022,-0.09351,0.44238,0.92383,-0.24821,-0.09028,0.13409,26.76,-18.24,20.03
gyro_roll_pos,13023,-0.08057,0.42969,0.896,-0.34381,-0.05127,0.12211,26.76,-18.24,20.03
gyro_roll_pos,13024,-0.073,0.44409,0.88647,-0.38017,-0.01678,0.06898,26.76,-16.74,19.29
gyro_roll_pos,13025,-0.0918,0.44678,0.85864,-0.23915,0.03941,-0.00985,28.7,-18.39,20.93
gyro_roll_pos,13026,-0.07422,0.43115,0.85791,-0.11838,0.03782,-0.04621,25.71,-17.64,19.14
gyro_roll_pos,13027,-0.08374,0.4314,0.88843,-0.13875,0.06179,-0.04381,25.71,-17.64,19.14
gyro_roll_pos,13028,-0.08276,0.42505,0.91602,-0.149,0.05886,-0.03209,28.4,-17.19,20.18
gyro_roll_pos,13029,-0.07764,0.43188,0.92798,-0.15939,0.03595,-0.01052,27.96,-17.64,19.58
gyro_roll_pos,13030,-0.07788,0.42065,0.9209,-0.11385,0.04075,-0.01238,27.06,-18.24,20.03
gyro_roll_pos,13031,-0.08545,0.42139,0.91699,-0.08682,0.03422,-0.01718,28.7,-16.89,19.14
gyro_roll_pos,13032,-0.08325,0.41577,0.91211,-0.11119,0.06072,-0.00772,28.7,-16.89,19.14
gyro_roll_pos,13033,-0.0752,0.41748,0.91626,-0.11358,0.08336,0.01758,28.7,-16.89,18.09
gyro_roll_pos,13034,-0.07471,0.39795,0.89429,-0.07763,0.07989,0.0249,27.66,-17.64,19.58
gyro_roll_pos,13035,-0.07764,0.42432,0.91602,-0.07444,0.06298,0.01252,29.3,-17.04,19.29
gyro_roll_pos,13036,-0.08472,0.41138,0.8877,-0.08456,0.05832,0.02623,29.3,-17.04,19.29
gyro_roll_pos,13037,-0.08008,0.41724,0.89258,-0.07084,0.04847,0.03462,28.7,-16.89,20.93
gyro_roll_pos,13038,-0.07666,0.42407,0.91162,-0.03316,0.05819,0.03782,27.36,-17.04,19.29
gyro_roll_pos,13039,-0.08154,0.41675,0.90063,-0.02583,0.05459,0.0498,27.81,-17.79,19.29
gyro_roll_pos,13040,-0.08887,0.42969,0.91064,-0.02317,0.06045,0.07377,28.55,-16.3,19.73
gyro_roll_pos,13041,-0.09521,0.42334,0.90259,-0.00759,0.05832,0.05206,28.55,-16.3,19.73
gyro_roll_pos,13042,-0.09082,0.41772,0.91406,-0.01704,0.05127,0.06991,28.4,-17.19,17.79
gyro_roll_pos,13043,-0.08838,0.41162,0.91626,-0.04341,0.04341,0.08069,27.06,-16.74,17.94
gyro_roll_pos,13044,-0.08496,0.4043,0.91968,-0.06498,0.04248,0.08815,28.4,-16.15,19.88
gyro_roll_pos,13045,-0.0769,0.40137,0.91919,-0.09001,0.00533,0.0755,28.4,-16.15,19.88
gyro_roll_pos,13046,-0.07886,0.39648,0.91821,-0.05047,0.01971,0.03928,28.11,-16.74,19.29
gyro_roll_pos,13047,-0.08618,0.41162,0.91138,-0.01092,0.02676,-0.00919,27.96,-16.44,19.14
gyro_roll_pos,13048,-0.00684,0.4873,0.72534,-0.18176,-0.07017,-0.15553,28.11,-17.04,18.24
gyro_roll_pos,13049,-0.14111,0.40186,0.93115,-0.38083,-0.12943,-0.18655,27.06,-15.55,18.99
gyro_roll_pos,13050,-0.09399,0.40845,0.95264,-0.18136,-0.03063,-0.06298,27.06,-15.55,18.99
gyro_roll_pos,13051,-0.1106,0.43433,0.9353,-0.01838,0.03462,0.00786,26.91,-16.89,17.79
gyro_roll_pos,13052,-0.09619,0.42236,0.90527,0.04328,0.03742,0.04061,28.85,-17.04,17.94
gyro_roll_pos,13053,-0.08398,0.41675,0.89722,0.02131,0.03276,0.07843,28.4,-17.64,19.58
gyro_roll_pos,13054,-0.09521,0.40503,0.89722,-0.11531,-0.01238,0.03209,28.4,-17.64,19.58
gyro_roll_pos,13055,-0.09375,0.40576,0.9314,-0.14607,-0.00919,0.05167,28.55,-15.85,18.69
gyro_roll_pos,13056,-0.09302,0.40088,0.93384,-0.07097,0.01185,0.08802,29.3,-18.24,19.29
gyro_roll_pos,13057,-0.08325,0.38916,0.91455,-0.05939,-0.00652,0.05326,26.31,-17.79,18.99
gyro_roll_pos,13058,-0.0918,0.40259,0.91162,-0.06285,0.0,0.03622,29.6,-16.74,17.94
gyro_roll_pos,13059,-0.08789,0.39844,0.91455,-0.05167,0.01505,0.00373,29.6,-16.74,17.94
gyro_roll_pos,13060,-0.08936,0.40381,0.91235,-0.0277,0.01558,-0.01864,28.4,-16.44,19.14
gyro_roll_pos,13061,-0.09326,0.40674,0.91602,-0.03276,0.00679,-0.01172,27.81,-17.49,19.29
gyro_roll_pos,13062,-0.09082,0.39722,0.91797,-0.03728,0.01345,0.00812,27.81,-17.49,18.69
gyro_roll_pos,13063,-0.08716,0.40112,0.91626,-0.00706,0.03515,0.06245,27.81,-17.49,18.69
gyro_roll_pos,13064,-0.09106,0.40283,0.91309,0.02037,0.05513,0.0791,27.66,-16.44,18.84
gyro_roll_pos,13065,-0.09033,0.40796,0.91577,0.02543,0.05792,0.09854,28.55,-17.79,18.69
gyro_roll_pos,13066,-0.09912,0.40308,0.92505,-0.00652,0.02756,0.12197,28.55,-15.55,18.24
gyro_roll_pos,13067,-0.08374,0.39941,0.93042,-0.04421,-0.01238,0.10027,27.96,-16.44,19.58
gyro_roll_pos,13068,-0.08838,0.39502,0.92041,-0.06831,-0.02743,0.06019,27.66,-16.89,18.39
gyro_roll_pos,13069,-0.08325,0.39868,0.91797,-0.05579,-0.00506,0.02357,28.7,-16.89,19.88
gyro_roll_pos,13070,-0.08008,0.40796,0.90601,-0.0498,0.0036,0.00226,28.55,-14.8,19.29
gyro_roll_pos,13071,-0.06396,0.40894,0.88379,-0.09947,0.01092,-0.03822,29.15,-16.15,18.39
gyro_roll_pos,13072,-0.10571,0.39819,0.91479,-0.31638,-0.08442,-0.13795,29.15,-16.15,18.39
gyro_roll_pos,13073,-0.10156,0.38599,0.96411,-0.28762,-0.03782,-0.06218,27.06,-16.3,17.19
gyro_roll_pos,13074,-0.11011,0.41528,0.92749,-0.11678,0.02357,0.00879,28.4,-17.19,18.84
gyro_roll_pos,13075,-0.09424,0.40283,0.91382,-0.03808,0.03329,0.05486,28.11,-17.79,18.24
gyro_roll_pos,13076,-0.09082,0.39185,0.91187,-0.02051,0.02863,0.09827,28.11,-17.79,18.24
gyro_roll_pos,13077,-0.09644,0.38965,0.92749,-0.02943,0.01265,0.11571,28.4,-15.7,18.39
gyro_roll_pos,13078,-0.09497,0.39038,0.92798,-0.04075,0.01638,0.11784,28.55,-16.3,17.94
gyro_roll_pos,13079,-0.08838,0.3894,0.92407,-0.05273,0.01411,0.12197,29.15,-16.89,18.84
gyro_roll_pos,13080,-0.08594,0.38818,0.91797,-0.04487,0.01558,0.11065,27.81,-15.55,18.99
gyro_roll_pos,13081,-0.07666,0.39136,0.91333,-0.05593,0.02237,0.06631,27.81,-15.55,18.99
gyro_roll_pos,13082,0.09375,0.36255,1.0415,-0.28163,-0.03768,0.04634,28.4,-16.44,18.39
gyro_roll_pos,13083,-0.11499,0.37842,0.94067,-0.26046,-0.1032,-0.02783,26.91,-16.89,18.84
gyro_roll_pos,13084,-0.09644,0.40088,0.91577,-0.19747,0.03502,0.00027,27.21,-16.15,18.09
gyro_roll_pos,13085,-0.08911,0.3877,0.94189,-0.12437,-0.00213,-0.0237,27.21,-16.15,18.09
gyro_roll_pos,13086,-0.08862,0.38672,0.93018,-0.06605,0.047,-0.0012,27.81,-16.74,19.73
gyro_roll_pos,13087,-0.09399,0.38232,0.93188,-0.06085,0.06232,0.02423,28.4,-15.4,18.39
gyro_roll_pos,13088,-0.07959,0.36572,0.92969,-0.08242,0.06738,0.04341,27.81,-16.3,17.94
gyro_roll_pos,13089,-0.09375,0.36572,0.91064,-0.12836,0.12037,0.1004,27.81,-16.3,18.24
gyro_roll_pos,13090,-0.08398,0.35278,0.87793,-0.15939,0.04408,0.12304,27.81,-16.3,18.24
gyro_roll_pos,13091,-0.08765,0.38477,0.90576,-0.16046,0.01039,0.13342,27.36,-17.79,18.69
gyro_roll_pos,13092,-0.08862,0.39185,0.89819,-0.15087,0.00666,0.12823,28.7,-17.64,17.79
gyro_roll_pos,13093,-0.10474,0.40112,0.91797,-0.14261,-0.02117,0.08948,29.45,-15.7,18.39
gyro_roll_pos,13094,-0.09668,0.38428,0.92798,-0.13635,-0.02304,0.05593,29.45,-15.7,18.39
gyro_roll_pos,13095,-0.09082,0.39282,0.9292,-0.13223,-0.01864,0.05739,27.96,-16.89,17.79
gyro_pitch_pos,15695,-0.41284,-0.10181,0.95972,0.14541,-0.15899,0.00386,7.33,34.24,39.47
gyro_pitch_pos,15696,-0.41504,-0.10352,0.94946,0.1795,-0.21944,-0.0008,7.92,33.04,39.92
gyro_pitch_pos,15697,-0.41382,-0.09937,0.9314,0.21452,-0.26179,-0.00346,7.92,33.04,39.92
gyro_pitch_pos,15698,-0.43262,-0.0957,0.91992,0.23263,-0.30307,-0.00226,8.67,31.54,40.22
gyro_pitch_pos,15699,-0.46045,-0.09985,0.9082,0.23715,-0.37724,0.02929,9.12,33.04,38.72
gyro_pitch_pos,15700,-0.46362,-0.09229,0.91309,0.23849,-0.46738,0.0494,7.47,33.19,39.62
gyro_pitch_pos,15701,-0.47021,-0.09448,0.92627,0.25087,-0.59082,0.09001,7.47,33.19,39.62
gyro_pitch_pos,15702,-0.47119,-0.09766,0.92383,0.26485,-0.70188,0.11518,8.37,33.04,39.47
gyro_pitch_pos,15703,-0.44238,-0.10913,0.93359,0.28283,-0.72718,0.13622,7.62,33.49,39.17
gyro_pitch_pos,15704,-0.43311,-0.11157,0.93872,0.28935,-0.72638,0.14687,7.47,33.19,38.57
gyro_pitch_pos,15705,-0.43726,-0.125,0.96729,0.29002,-0.72451,0.15193,7.77,33.64,39.02
gyro_pitch_pos,15706,-0.43335,-0.13892,1.04443,0.34302,-0.80734,0.15193,7.77,33.64,39.02
gyro_pitch_pos,15707,-0.43506,-0.14038,1.10791,0.48816,-1.02958,0.13595,7.03,33.94,39.32
gyro_pitch_pos,15708,-0.43213,-0.16187,1.11938,0.69628,-1.29257,0.12637,8.22,33.94,39.02
gyro_pitch_pos,15709,-0.45508,-0.16431,1.06201,0.87485,-1.49217,0.15473,6.28,34.83,38.27
gyro_pitch_pos,15710,-0.42505,-0.14063,0.98608,0.95075,-1.57992,0.18469,6.28,34.83,38.27
gyro_pitch_pos,15711,-0.38062,-0.12402,0.94678,0.92505,-1.58684,0.22823,7.92,33.04,39.17
gyro_pitch_pos,15712,-0.35547,-0.0979,0.91113,0.84489,-1.60815,0.26245,5.98,34.38,39.32
gyro_pitch_pos,15713,-0.30542,-0.07153,0.89307,0.73064,-1.53305,0.30373,5.83,34.24,39.47
gyro_pitch_pos,15714,-0.25391,-0.03223,0.8999,0.59162,-1.3164,0.30586,5.98,33.64,37.23
gyro_pitch_pos,15715,-0.20361,-0.00146,0.93164,0.5301,-1.1405,0.3048,5.98,33.64,37.23
gyro_pitch_pos,15716,-0.15894,0.02393,0.97266,0.41692,-0.97964,0.27657,5.08,34.98,39.17
gyro_pitch_pos,15717,-0.10278,0.05762,0.97461,0.39588,-0.87991,0.21984,4.63,34.24,39.17
gyro_pitch_pos,15718,-0.03198,0.09473,0.99731,0.41625,-0.88843,0.13396,3.74,33.19,39.62
gyro_pitch_pos,15719,-0.03149,0.11865,1.03149,0.4036,-0.9863,0.00533,3.74,33.19,39.62
gyro_pitch_pos,15720,-0.02051,0.12769,0.99536,0.53356,-1.1618,-0.1546,3.59,35.28,39.47
gyro_pitch_pos,15721,-0.03564,0.14844,0.95581,0.49508,-1.25235,-0.27724,5.23,33.19,38.57
gyro_pitch_pos,15722,-0.03931,0.1792,0.89648,0.47671,-1.27446,-0.34648,5.08,34.53,38.72
gyro_pitch_pos,15723,-0.07861,0.18408,0.8877,0.33383,-1.23438,-0.3763,3.44,33.19,37.52
gyro_pitch_pos,15724,-0.05029,0.20654,0.84229,0.19295,-1.05008,-0.39548,3.44,33.19,37.52
gyro_pitch_pos,15725,-0.05737,0.20605,0.8645,0.02916,-0.80467,-0.38975,3.89,32.29,38.72
gyro_pitch_pos,15726,-0.02563,0.18799,0.92969,-0.13808,-0.57511,-0.41199,3.59,34.53,38.72
gyro_pitch_pos,15727,-0.02344,0.16821,1.00293,-0.18522,-0.43849,-0.45527,4.49,34.38,38.57
gyro_pitch_pos,15728,-0.02466,0.14966,1.07031,-0.17896,-0.38949,-0.5036,4.49,34.38,38.57
gyro_pitch_pos,15729,-0.05103,0.11694,1.11743,-0.06898,-0.38057,-0.56126,3.59,34.24,39.92
gyro_pitch_pos,15730,-0.05713,0.0979,1.13477,0.03555,-0.44661,-0.59668,5.68,35.13,39.32
gyro_pitch_pos,15731,-0.08643,0.06836,1.12256,0.11012,-0.57032,-0.61479,6.28,33.64,39.62
gyro_pitch_pos,15732,-0.09546,0.05005,1.073,0.18962,-0.71759,-0.60747,6.28,33.64,39.62
gyro_pitch_pos,15733,-0.12598,0.02686,1.00562,0.20187,-0.74728,-0.56406,6.13,33.79,38.12
gyro_pitch_pos,15734,-0.14233,0.0271,0.97656,0.102,-0.69828,-0.51692,4.93,33.19,40.07
gyro_pitch_pos,15735,-0.12598,0.02271,0.94653,0.03049,-0.55793,-0.45167,5.98,33.64,40.07
gyro_pitch_pos,15736,-0.09912,0.00781,0.94946,-0.08522,-0.44342,-0.39974,6.88,34.24,38.42
gyro_pitch_pos,15737,-0.06641,-0.00635,0.94873,-0.14647,-0.36871,-0.38882,6.88,34.24,38.42
gyro_pitch_pos,15738,-0.05249,-0.00952,0.97559,-0.22877,-0.27644,-0.39242,6.88,33.49,38.12
gyro_pitch_pos,15739,-0.05859,-0.01587,1.01123,-0.23383,-0.29548,-0.39242,6.88,32.74,38.42
gyro_pitch_pos,15740,-0.04932,-0.03052,1.04199,-0.22038,-0.31079,-0.39841,7.77,32.44,39.02
gyro_pitch_pos,15741,-0.06519,-0.02197,1.0647,-0.17603,-0.42904,-0.41772,7.77,32.44,39.02
gyro_pitch_pos,15742,-0.19727,0.0437,1.56909,0.85368,-1.31414,-0.26818,6.73,33.19,41.11
gyro_pitch_pos,15743,-0.07202,0.18213,0.80981,1.12945,-1.90882,-0.45993,7.33,33.79,39.17
gyro_pitch_pos,15744,-0.08276,-0.02637,1.1228,0.60494,-1.80656,-0.30946,6.13,32.29,40.22
gyro_pitch_pos,15745,-0.06543,-0.28052,0.81665,0.36832,-1.49936,-0.52771,6.88,33.79,40.22
gyro_pitch_pos,15746,-0.00562,0.01294,0.90405,0.33995,-1.49204,-0.25407,6.88,33.79,40.22
gyro_pitch_pos,15747,-0.00586,-0.00806,0.90503,0.2546,-1.20748,-0.17377,5.83,32.29,39.92
gyro_pitch_pos,15748,0.03809,0.04785,0.90552,0.08442,-1.07845,-0.06019,7.47,34.38,38.57
gyro_pitch_pos,15749,0.05615,0.06348,0.96973,-0.17004,-1.21959,0.01411,5.23,32.14,39.62
gyro_pitch_pos,15750,0.10474,0.05933,0.92554,-0.34847,-1.40828,0.10333,5.23,32.14,39.62
gyro_pitch_pos,15751,0.16699,0.08301,1.11743,-0.54781,-1.50202,0.04288,7.62,32.29,39.47
gyro_pitch_pos,15752,0.35767,0.07471,1.19873,-0.0486,-1.85636,0.52185,6.73,32.14,40.36
gyro_pitch_pos,15753,0.25293,0.11255,1.18628,0.36059,-1.77753,0.18655,5.83,32.29,39.17
gyro_pitch_pos,15754,0.21973,-0.06543,1.13843,0.16991,-1.98885,0.66539,5.68,33.94,40.81
gyro_pitch_pos,15755,0.19019,0.05981,1.00024,0.24594,-2.43479,0.85314,5.68,33.94,40.81
gyro_pitch_pos,15756,0.229,0.04956,1.06665,0.19428,-3.25318,0.8349,5.08,33.79,39.47
gyro_pitch_pos,15757,0.22852,0.05054,1.13281,0.16951,-3.62256,0.92425,4.49,32.14,39.62
gyro_pitch_pos,15758,-0.03589,-0.13525,0.5166,-0.27897,-4.36332,1.25515,2.84,33.49,40.22
gyro_pitch_pos,15759,0.19629,0.15552,0.99902,-0.01691,-4.36332,0.80854,2.84,33.49,40.22
gyro_pitch_pos,15760,0.48413,-0.073,1.04297,-0.14674,-4.36332,0.76126,0.6,33.49,42.01
gyro_pitch_pos,15761,0.58154,0.13257,1.14258,0.24847,-4.36332,0.81346,0.45,32.89,41.11
gyro_pitch_pos,15762,0.57178,0.19409,1.22461,-0.00799,-4.36332,0.8333,0.3,32.29,42.01
gyro_pitch_pos,15763,0.62598,0.10107,1.21313,-0.50826,-4.36332,1.09243,0.3,32.29,42.01
gyro_pitch_pos,15764,0.69678,-0.00049,1.02661,-0.65634,-4.36332,1.3192,-1.05,33.04,42.01
gyro_pitch_pos,15765,0.52637,0.06958,1.01855,-0.15526,-4.36332,1.31187,-3.29,32.74,41.71
gyro_pitch_pos,15766,0.48315,0.09839,1.00488,0.01012,-4.36332,0.88603,-3.59,32.74,42.31
gyro_pitch_pos,15767,0.48828,0.09497,0.80762,0.18429,-4.36332,0.49255,-4.19,32.89,43.21
gyro_pitch_pos,15768,0.72681,0.00806,0.67505,0.20187,-4.36332,0.24288,-4.19,32.89,43.21
gyro_pitch_pos,15769,0.84326,-0.05615,0.64429,0.3815,-4.36332,0.23116,-6.28,33.19,43.65
gyro_pitch_pos,15770,0.8728,0.02393,0.6687,0.43729,-4.36332,0.42358,-6.88,32.74,42.01
gyro_pitch_pos,15771,0.88013,0.00171,0.62109,0.34315,-4.36332,0.43769,-7.77,32.44,41.86
gyro_pitch_pos,15772,0.88916,0.05713,0.58521,0.26112,-4.36332,0.35314,-7.77,32.44,41.86
gyro_pitch_pos,15773,0.91333,0.10986,0.5979,-0.0506,-4.36332,0.31252,-9.72,32.89,41.11
gyro_pitch_pos,15774,1.02637,0.10083,0.57373,-0.73929,-4.36332,1.30522,-9.27,33.64,40.07
gyro_pitch_pos,15775,0.99976,0.06958,0.57568,-1.06779,-4.36332,1.56634,-10.91,33.04,39.17
gyro_pitch_pos,15776,0.9563,0.05396,0.62793,-1.41853,-4.36332,1.41321,-13.16,31.84,39.47
gyro_pitch_pos,15777,0.85937,-0.13135,0.53564,-1.31227,-4.36332,1.18191,-13.16,31.84,39.47
gyro_pitch_pos,15778,0.72827,-0.09204,0.39893,-0.93131,-4.36332,1.09309,-14.05,31.39,38.57
gyro_pitch_pos,15779,0.61157,-0.00317,0.21704,-0.95781,-4.36332,0.98537,-16.74,31.54,38.72
gyro_pitch_pos,15780,0.7312,-0.06592,0.08179,-1.16407,-4.36332,0.62531,-15.7,30.05,37.38
gyro_pitch_pos,15781,0.84521,-0.05688,0.0105,-1.0662,-4.36332,0.13555,-15.7,30.05,37.38
gyro_pitch_pos,15782,0.96851,-0.18066,0.19019,-0.64369,-4.36332,-0.65434,-18.84,30.95,35.73
gyro_pitch_pos,15783,0.92969,-0.09082,0.11157,-0.03915,-4.36332,-1.08018,-18.39,30.2,35.43
gyro_pitch_pos,15784,0.87158,-0.06787,-0.0769,0.00932,-4.36332,-0.82558,-18.84,29.45,34.68
gyro_pitch_pos,15785,0.9729,-0.13843,-0.06348,-0.31585,-4.36332,-0.41945,-17.34,29.75,34.24
gyro_pitch_pos,15786,0.9541,-0.08398,-0.17529,-0.49974,-4.36332,-0.01332,-17.34,29.75,34.24
gyro_pitch_pos,15787,0.91406,-0.03882,-0.28198,-0.59229,-4.2568,0.11745,-18.84,30.65,32.89
gyro_pitch_pos,15788,0.91528,-0.06641,-0.36133,-0.47671,-4.36332,-0.09095,-19.43,30.05,31.25
gyro_pitch_pos,15789,0.9021,-0.10132,-0.48242,-0.11811,-4.36332,-0.21931,-19.58,31.69,30.35
gyro_pitch_pos,15790,0.99219,-0.18457,-0.48901,0.29335,-4.36332,-0.22371,-19.58,31.69,30.35
gyro_pitch_pos,15791,0.85767,-0.04736,-0.38062,0.44302,-4.36332,0.2004,-18.99,30.35,30.2
gyro_pitch_pos,15792,0.81299,0.01685,-0.34961,0.26685,-4.36332,0.5791,-18.99,30.8,27.96
gyro_pitch_pos,15793,0.66943,0.01758,-0.25098,-0.03009,-4.36332,0.52757,-18.69,30.05,27.21
gyro_pitch_pos,15794,0.60742,0.06763,-0.29712,0.08962,-4.36332,0.17244,-18.69,30.05,27.21
gyro_pitch_pos,15795,0.63257,0.06763,-0.28882,-0.26632,-4.36332,-0.34887,-18.09,29.75,24.97
gyro_pitch_pos,15796,0.73926,0.01904,-0.49487,-0.41013,-4.36332,-0.8333,-19.73,30.05,24.37
gyro_pitch_pos,15797,0.59741,-0.16821,-0.75537,-0.42677,-4.32457,-0.70401,-17.64,30.65,23.47
gyro_pitch_pos,15798,0.57837,-0.15063,-0.97607,-0.48003,-4.36332,-0.16911,-17.94,30.35,24.37
gyro_pitch_pos,15799,0.50513,-0.15381,-0.88477,-0.13569,-4.36332,0.09534,-17.94,30.35,24.37
gyro_pitch_pos,15800,0.57568,-0.03564,-0.86426,0.76033,-4.36332,-0.19907,-17.49,30.05,21.83
gyro_pitch_pos,15801,0.49146,-0.00757,-0.56519,1.25688,-4.36332,-0.6594,-17.34,30.65,20.63
gyro_pitch_pos,15802,0.63525,0.0354,-0.45874,1.35462,-3.68581,-0.66992,-16.74,29.6,19.29
gyro_pitch_pos,15803,0.59839,-0.14063,-0.61914,1.09389,-2.92016,-0.46738,-16.74,29.6,19.29
gyro_pitch_pos,15804,0.46094,-0.19238,-0.77002,1.27632,-2.52641,0.06538,-14.2,30.35,19.29
gyro_pitch_pos,15805,0.39331,-0.18726,-0.93115,1.57047,-2.16928,0.33729,-13.9,30.8,17.94
gyro_pitch_pos,15806,-0.13477,0.26074,-0.68945,1.70456,-2.16582,-0.07603,-14.05,30.2,18.09
gyro_pitch_pos,15807,-0.34619,0.16357,-1.19165,1.53718,-1.24716,-2.64652,-14.95,31.1,16.15
gyro_pitch_pos,15808,-0.35474,-0.04761,-1.24829,0.96247,-2.39258,-4.23496,-14.95,31.1,16.15
gyro_pitch_pos,15809,-0.07959,0.0061,-1.29248,1.0883,-3.03614,-4.36332,-13.16,30.05,16.44
gyro_pitch_pos,15810,0.22339,-0.58813,-1.22168,2.42388,-3.67809,-4.23842,-9.42,30.8,15.7
gyro_pitch_pos,15811,0.479,-0.11719,-0.82764,1.97926,-4.36332,-2.76702,-8.37,30.8,14.65
gyro_pitch_pos,15812,0.59814,0.01367,-0.54956,1.61534,-3.61111,-2.79033,-8.37,30.8,14.65
gyro_pitch_pos,15813,1.06274,-0.39282,-0.6853,1.065,-3.35851,-2.38513,-5.38,29.6,13.31
gyro_pitch_pos,15814,0.81299,-0.32544,-1.06909,1.71774,-1.98099,-0.97738,-4.19,29.45,13.75
gyro_pitch_pos,15815,0.47729,-0.20068,-0.92163,1.88019,-2.09098,0.76539,-2.99,30.65,13.01
gyro_pitch_pos,15816,0.13599,-0.06763,-0.64966,1.89284,-1.71454,0.7365,-3.29,30.05,12.11
gyro_pitch_pos,15817,-0.21558,-0.11475,-0.50977,1.37126,-1.36021,0.06511,-3.29,30.05,12.11
gyro_pitch_pos,15818,-0.25049,-0.3501,-0.81519,1.39829,-0.90934,-0.67325,-2.84,28.85,11.51
gyro_pitch_pos,15819,-0.19727,-0.50342,-1.01758,1.60429,-0.96686,-1.01813,-2.54,29.6,11.06
gyro_pitch_pos,15820,0.17432,-0.55371,-1.00464,1.80416,-1.09989,-0.86792,-1.64,29.75,10.47
gyro_pitch_pos,15821,0.17065,-0.30542,-0.86816,2.03186,-0.85687,-0.31958,-1.64,29.75,10.47
gyro_pitch_pos,15822,0.21045,-0.17993,-0.86841,1.94504,-0.68377,-0.00186,0.15,27.96,9.87
gyro_pitch_pos,15823,0.15308,-0.02686,-0.87427,2.44611,-0.62438,-0.1261,-0.15,28.26,8.67
gyro_pitch_pos,15824,0.04858,-0.46606,-0.81567,1.60868,-0.63463,0.56898,0.3,27.36,8.52
gyro_pitch_pos,15825,-0.0752,-0.48096,-0.97729,1.42626,-0.53743,1.0899,0.3,27.36,8.52
gyro_pitch_pos,15826,-0.09253,-0.42187,-0.93799,2.2296,-0.24807,0.73916,0.45,28.26,6.88
gyro_pitch_pos,15827,0.0249,-0.70972,-1.18823,2.54558,-0.48003,1.08124,0.0,27.36,6.73
gyro_pitch_pos,15828,0.12646,-0.51978,-1.12939,2.85344,-1.65515,2.01175,-0.15,26.76,6.58
gyro_pitch_pos,15829,0.10229,-0.17114,-0.93481,2.69592,-2.95717,2.65064,-0.15,25.27,7.33
gyro_pitch_pos,15830,0.30151,-0.25098,-0.20508,1.01999,-2.77821,0.43729,-0.15,25.27,7.33
gyro_pitch_pos,15831,0.19507,-0.87183,-0.85962,1.62466,-0.17883,0.77698,-0.9,25.27,5.08
gyro_pitch_pos,15832,-0.36987,-0.43896,-1.17896,0.50494,-1.42772,1.97154,-0.15,25.27,6.28
gyro_pitch_pos,15833,-0.3728,-0.36646,-1.10352,1.04742,-2.39818,1.22971,1.79,26.16,5.68
gyro_pitch_pos,15834,-0.13306,-0.59497,-0.91089,1.47299,-3.07009,1.1112,1.79,26.16,5.68
gyro_pitch_pos,15835,0.01953,-0.56274,-0.80835,1.81255,-3.06956,1.5718,0.15,24.52,5.53
gyro_pitch_pos,15836,-0.14185,-0.50439,-0.5769,2.02134,-2.40137,1.1634,1.2,24.52,5.08
gyro_pitch_pos,15837,-0.00781,-0.6394,-0.70386,2.65384,-1.0622,0.93251,1.94,24.07,5.08
gyro_pitch_pos,15838,-0.38281,-0.39478,-1.00586,2.72242,-0.90135,1.22239,1.35,23.47,4.19
gyro_pitch_pos,15839,-0.43042,-0.62378,-0.76855,1.567,-1.94824,0.93916,1.35,23.47,4.19
gyro_pitch_pos,15840,-0.23804,-0.71216,-0.71606,1.4425,-2.19764,0.9369,2.09,21.98,3.89
gyro_pitch_pos,15841,-0.25903,-0.87231,-0.88721,1.96741,-2.23919,1.29576,1.94,21.38,2.99
gyro_pitch_pos,15842,-0.4248,-0.59473,-0.62183,2.6071,-2.23279,1.32399,2.84,23.17,1.79
gyro_pitch_pos,15843,-0.46753,-0.57593,-0.53906,1.66314,-1.96967,0.97472,2.84,23.17,1.79
gyro_pitch_pos,15844,-0.31689,-0.70898,-0.68652,1.06313,-1.91282,1.01799,3.59,20.03,1.35
gyro_pitch_pos,15845,-0.31909,-0.61743,-0.80371,0.96713,-2.02547,1.0859,2.84,19.73,1.79
gyro_pitch_pos,15846,-0.29687,-0.65942,-0.79004,0.96233,-1.99351,1.04955,4.93,21.08,2.99
gyro_pitch_pos,15847,-0.29321,-0.60156,-0.55933,0.85914,-1.68352,0.93064,4.34,20.03,2.09
gyro_pitch_pos,15848,-0.33765,-0.64258,-0.52319,0.30293,-1.19896,0.78763,4.34,20.03,2.09
gyro_pitch_pos,15849,-0.45972,-0.70142,-0.64893,-0.27004,-0.88936,0.96473,4.63,21.23,1.05
gyro_pitch_pos,15850,-0.38208,-0.75684,-0.87598,0.6112,-0.61945,0.99549,5.23,18.84,0.45
gyro_pitch_pos,15851,-0.63403,-0.47461,-0.72534,0.72638,-0.88963,0.74662,4.49,19.58,1.5
gyro_pitch_pos,15852,-0.4021,-0.59961,-0.60352,0.69695,-0.94928,0.17191,4.49,19.58,1.5
gyro_pitch_pos,15853,-0.42676,-0.66089,-0.6626,0.4269,-0.73104,0.28469,5.68,21.38,2.24
gyro_pitch_pos,15854,-0.48828,-0.66016,-0.64941,0.41532,-0.59455,0.2032,5.68,18.84,0.45
gyro_pitch_pos,15855,-0.46118,-0.75952,-0.6665,-0.1514,-0.64994,0.02517,5.68,20.33,3.29
gyro_pitch_pos,15856,-0.47339,-0.82861,-0.74048,-0.11385,-0.76366,0.16418,5.68,20.33,3.29
gyro_pitch_pos,15857,-0.45166,-0.66089,-0.7002,-0.57378,-0.82651,0.14474,6.28,19.88,2.24
gyro_pitch_pos,15858,-0.40967,-0.69775,-0.84399,-0.41852,-0.8835,0.12131,6.13,20.03,3.59
gyro_pitch_pos,15859,-0.96851,-0.98364,-1.09424,0.27124,-1.20628,0.21039,6.73,19.58,2.69
gyro_pitch_pos,15860,-0.60156,-0.71606,-1.08203,1.73012,-2.36009,0.05446,6.73,19.58,2.69
gyro_pitch_pos,15861,-0.63672,-0.49097,-0.71948,2.24038,-2.50071,0.04088,6.73,19.58,2.69
gyro_pitch_pos,15862,-0.57275,-0.52881,-0.70874,3.26743,-2.03106,-0.10852,7.03,19.14,1.94
gyro_pitch_pos,15863,-0.54614,-0.61694,-0.61108,3.91112,-1.8256,-0.16805,8.97,17.64,1.5
gyro_pitch_pos,15864,-0.4436,-0.56104,-0.59839,4.25427,-1.42612,0.06485,8.97,17.64,1.5
gyro_pitch_pos,15865,-0.26099,-0.25195,-0.54126,4.36319,-1.0642,0.09974,8.97,17.64,1.5
gyro_pitch_pos,15866,-0.27002,-0.30469,-0.41748,4.36319,-0.60973,0.03888,11.36,14.05,0.6
gyro_pitch_pos,15867,-0.70581,-0.26221,-0.26636,4.36319,-0.68816,-0.52837,9.27,12.26,-0.9
gyro_pitch_pos,15868,-0.60571,-0.23633,0.05127,4.18729,-2.18952,-3.66198,10.17,10.61,-2.84
gyro_pitch_pos,15869,-0.61035,-0.62183,0.25928,1.10548,-1.93705,-4.36332,10.17,10.61,-2.84
gyro_pitch_pos,15870,-0.45752,-0.94263,0.11987,-0.45007,-1.46367,-4.36332,10.91,7.92,-1.05
gyro_pitch_pos,15871,-0.38452,-1.29517,-0.36157,0.37311,-0.86646,-4.36332,13.6,7.03,0.15
gyro_pitch_pos,15872,-0.25928,-1.29346,-0.44287,1.85782,-0.99855,-3.91485,12.56,7.03,-0.9
gyro_pitch_pos,15873,-0.09717,-1.06152,-0.3335,3.39087,-1.21627,-2.97329,12.56,7.03,-0.9
gyro_pitch_pos,15874,-0.03442,-0.93848,-0.19238,3.84268,-1.05634,-2.09538,13.01,3.59,-0.9
gyro_pitch_pos,15875,-0.13574,-0.90405,-0.23779,4.11032,-0.58789,-1.70256,12.41,2.24,-0.3
gyro_pitch_pos,15876,-0.1189,-0.89038,-0.19849,4.36319,-0.3791,-1.74823,13.31,0.45,-0.45
gyro_pitch_pos,15877,-0.2832,-0.93848,-0.15967,4.36319,0.07563,-1.78711,13.16,1.05,-1.35
gyro_pitch_pos,15878,-0.29419,-0.8606,-0.1416,4.36319,0.32744,-1.84424,13.16,1.05,-1.35
gyro_pitch_pos,15879,-0.3269,-0.87524,-0.15991,4.36319,0.81799,-1.66607,12.26,-6.28,-0.15
gyro_pitch_pos,15880,-0.19653,-0.77075,-0.03442,4.36319,1.35129,-1.18697,13.01,-9.27,0.45
gyro_pitch_pos,15881,0.27563,0.54053,1.99994,4.36319,2.92841,0.08203,11.81,-11.96,-0.15
gyro_pitch_pos,15882,-0.66675,-1.55688,0.03638,-2.16808,4.36319,3.13454,11.81,-11.96,-0.15
gyro_pitch_pos,15883,-0.59839,-1.09985,0.21533,0.84902,1.77926,4.36319,10.61,-11.66,0.0
gyro_pitch_pos,15884,-0.45654,-0.98267,0.23926,1.23384,-0.28549,4.36319,9.87,-12.86,-0.6
gyro_pitch_pos,15885,-0.34717,-0.85547,0.35889,1.36167,-0.14701,4.36319,10.91,-12.56,-1.79
gyro_pitch_pos,15886,-0.3772,-0.85791,0.32446,0.95181,0.81586,4.36319,11.81,-10.02,-2.69
gyro_pitch_pos,15887,-0.50122,-0.64355,0.32959,0.14781,1.31414,4.36319,12.26,-10.02,-0.45
gyro_pitch_pos,15888,-0.69385,-0.70508,0.20044,-0.25207,0.44901,4.36319,13.16,-7.92,-1.05
gyro_pitch_pos,15889,-0.56055,-1.10693,0.14038,0.10546,-0.64542,4.36319,14.8,-8.07,-1.5
gyro_pitch_pos,15890,-0.84473,-1.41406,0.03247,0.20946,-0.21518,-0.21438,13.9,-5.98,-1.35
gyro_pitch_pos,15891,-0.88208,-0.88232,0.39453,-0.8622,-0.10679,0.40933,13.9,-5.98,-1.35
gyro_pitch_pos,15892,-0.729,-0.7522,0.33765,-0.4064,0.02317,1.31081,13.01,-7.33,0.15
gyro_pitch_pos,15893,-0.67285,-0.7959,0.16602,-0.05686,0.34475,1.34902,13.6,-7.77,-1.94
gyro_pitch_pos,15894,-0.64819,-0.77148,0.1001,-0.05659,-0.02397,1.36926,14.2,-6.43,-1.35
gyro_pitch_pos,15895,-0.64185,-0.69116,0.15454,-0.00146,-0.30546,1.42466,14.2,-6.43,-1.35
gyro_pitch_pos,15896,-0.56226,-0.58545,0.23901,-0.51106,-0.46792,1.53997,14.65,-6.73,-1.79
gyro_pitch_pos,15897,-0.51514,-0.65332,0.40479,-0.57697,-0.2028,1.3927,13.45,-5.68,-1.79
gyro_pitch_pos,15898,-0.74731,-0.59204,0.22754,-0.71786,-0.28363,1.70083,14.8,-4.63,-2.69
gyro_pitch_pos,15899,-1.09985,-0.63745,0.0376,-0.9634,-1.81401,2.20763,14.05,-3.89,-2.99
gyro_pitch_pos,15900,-0.98413,-0.65527,0.20117,-0.32011,-2.42587,1.73052,14.05,-3.89,-2.99
gyro_pitch_pos,15901,-0.73608,-0.52271,0.37964,1.07006,-1.87313,0.72704,15.85,-3.14,-1.2
gyro_pitch_pos,15902,-0.63623,-0.50684,0.32349,1.70802,-0.66526,0.31652,15.7,-5.68,0.6
gyro_pitch_pos,15903,-0.44995,-0.63745,0.50317,0.64382,-0.15686,0.55008,17.94,-4.93,0.3
gyro_pitch_pos,15904,-0.05518,-1.09595,0.48975,-1.56674,0.34208,1.22452,17.94,-4.93,0.3
gyro_pitch_pos,15905,-0.24268,-0.8313,0.34937,-1.52426,1.45262,1.30708,17.19,-4.19,-1.79
gyro_pitch_pos,15906,-1.00513,-0.85278,0.1355,-1.66727,1.53771,0.24062,16.59,-3.59,-2.99
gyro_pitch_pos,15907,-1.27954,-0.80542,-0.0083,-0.99149,0.19255,0.46672,16.0,-4.19,-1.35
gyro_pitch_pos,15908,-1.00391,-0.7356,0.21802,-0.31638,-1.51241,0.86073,16.44,-3.29,-2.09
gyro_pitch_pos,15909,-0.72607,-0.80249,0.27734,0.19135,-2.08286,0.96273,16.44,-3.29,-2.09
gyro_pitch_pos,15910,-0.71533,-0.63892,0.23999,0.6104,-2.19205,1.34623,16.59,-4.34,-2.69
gyro_pitch_pos,15911,-0.74341,-0.33179,0.16626,1.39203,-2.54505,1.21493,17.64,-3.59,-0.9
gyro_pitch_pos,15912,-0.78442,0.06616,0.13184,1.96501,-2.81922,-0.09987,19.14,-4.34,0.15
gyro_pitch_pos,15913,-0.64868,0.14868,0.16992,1.50548,-3.13201,-2.29751,19.14,-4.34,0.15
gyro_pitch_pos,15914,-0.85205,-0.04126,0.35937,1.69923,-3.25585,-3.91005,21.23,-5.98,1.05
gyro_pitch_pos,15915,-1.57007,-0.54126,0.698,-0.20426,-1.98499,-4.02617,20.03,-5.68,1.79
gyro_pitch_pos,15916,-0.62549,-1.28784,0.58276,-1.64783,-0.27417,-3.67157,22.72,-7.18,2.84
gyro_pitch_pos,15917,0.15552,-1.96826,0.4917,-0.89922,-0.18536,-0.23143,21.68,-8.07,1.5
gyro_pitch_pos,15918,-0.67676,-0.55835,0.57202,-0.91133,-0.95541,3.13201,21.68,-8.07,1.5
gyro_pitch_pos,15919,-0.5564,-0.29199,0.41309,-1.23824,-1.16766,3.12282,20.63,-7.33,1.94
gyro_pitch_pos,15920,-0.59253,-0.62451,0.43896,-1.9011,-1.73492,3.29593,21.23,-5.98,2.39
gyro_pitch_pos,15921,-0.54883,-0.61523,0.37476,-1.53877,-1.81281,3.03014,21.98,-4.49,2.09
gyro_pitch_pos,15922,-0.51782,-0.51196,0.39258,-1.39709,-1.8967,2.87848,21.98,-4.49,2.09
gyro_pitch_pos,15923,-0.53516,-0.62622,0.33887,-1.07712,-1.88712,2.84372,23.02,-2.24,3.59
gyro_pitch_pos,15924,-0.71973,-0.56812,0.42212,-0.98351,-1.77247,2.8364,25.12,-1.2,1.94
gyro_pitch_pos,15925,-0.65991,-0.40161,0.46973,-0.94529,-1.88405,3.07782,23.77,-1.5,3.89
gyro_pitch_pos,15926,-0.59985,-0.39771,0.53711,-1.15302,-2.00709,3.35518,24.82,0.0,4.19
gyro_pitch_pos,15927,-0.65552,-0.38647,0.51709,-1.22785,-2.14997,3.60153,25.27,0.0,4.93
gyro_pitch_pos,15928,-0.72876,-0.4353,0.52222,-1.05954,-2.42108,3.40592,27.21,2.39,6.58
gyro_pitch_pos,15929,-0.76221,-0.39868,0.57715,-0.99695,-2.65304,3.47889,27.21,3.59,6.28
gyro_pitch_pos,15930,-0.8147,-0.48047,0.51489,-0.763,-3.06383,3.64187,27.36,5.23,7.47
gyro_pitch_pos,15931,-0.83398,-0.55859,0.44043,-0.51479,-3.36504,3.4223,27.36,5.23,7.47
gyro_pitch_pos,15932,-0.93896,-0.34521,0.4668,0.03435,-3.49926,3.18834,28.4,6.58,8.37
gyro_pitch_pos,15933,-0.54736,-0.24438,0.59961,-0.11665,-3.26197,3.26557,29.15,6.28,10.47
gyro_pitch_pos,15934,-0.56519,-0.44897,0.50977,-0.47657,-2.70417,3.26916,30.05,7.92,10.32
gyro_pitch_pos,15935,-0.75854,-0.2644,0.63721,-0.06698,-2.51709,2.93294,30.05,7.92,10.32
gyro_pitch_pos,15936,-0.75854,-0.27271,0.7373,-0.61519,-2.36782,2.83254,30.05,10.17,14.65
gyro_pitch_pos,15937,-0.8667,-0.27393,0.82544,-0.39002,-2.79392,2.40164,29.75,11.21,14.8
gyro_pitch_pos,15938,-0.93237,-0.29785,0.8877,-0.61,-3.43215,2.22401,29.6,10.61,15.1
gyro_pitch_pos,15939,-0.74512,-0.26685,0.77173,-0.30187,-4.31725,1.88525,29.75,13.01,17.04
gyro_pitch_pos,15940,-0.77808,-0.20264,0.71045,-0.27604,-4.36332,1.79058,29.75,13.01,17.04
gyro_pitch_pos,15941,-0.69727,-0.2478,0.65942,-0.33995,-4.21312,1.80602,29.15,13.01,18.39
gyro_pitch_pos,15942,-0.64233,-0.35034,0.67383,-0.42744,-3.42536,1.83159,30.05,12.86,20.78
gyro_pitch_pos,15943,-0.71924,-0.21777,0.75195,0.00599,-3.48714,1.34556,30.5,13.01,21.98
gyro_pitch_pos,15944,-0.60107,-0.23145,0.89771,-0.09294,-3.45558,1.04649,30.5,13.01,21.98
gyro_pitch_pos,15945,-0.70923,-0.20166,0.97363,0.11944,-4.07623,0.92611,30.8,12.86,25.86
gyro_pitch_pos,15946,-0.74976,-0.21289,0.82471,-0.37111,-3.54001,1.12132,30.2,16.15,25.71
gyro_pitch_pos,15947,-0.51001,-0.29785,1.09204,0.3582,-4.36332,0.7634,31.25,16.89,25.27
gyro_pitch_pos,15948,-0.45068,-0.0166,0.69238,-0.5088,-4.20966,1.28191,30.8,15.55,27.66
gyro_pitch_pos,15949,-0.17773,-0.10107,0.84424,-0.08682,-2.89526,1.5192,30.8,15.55,27.66
gyro_pitch_pos,15950,-0.35376,-0.23413,0.9231,-0.29348,-2.46129,1.23264,30.05,15.85,30.8
gyro_pitch_pos,15951,-0.38403,-0.28418,1.06274,-0.23662,-2.47235,0.90241,30.95,17.94,29.6
gyro_pitch_pos,15952,-0.49365,-0.26196,1.18628,-0.67844,-2.54891,0.62438,30.2,15.7,30.65
gyro_pitch_pos,15953,-0.51465,-0.20703,1.36694,-0.83064,-3.00924,0.23609,30.2,15.7,30.65
gyro_pitch_pos,15954,-0.53003,-0.22485,1.36938,-1.10268,-3.6745,-0.0988,29.45,14.95,33.19
gyro_pitch_pos,15955,-0.32104,-0.34253,0.9292,-1.07405,-4.36039,0.23622,29.45,14.65,34.98
gyro_pitch_pos,15956,0.22949,-0.1145,0.61475,-0.41386,-4.14415,0.99163,28.7,16.15,37.23
gyro_pitch_pos,15957,0.22876,-0.13721,0.71826,-0.66393,-2.67155,1.01986,27.81,16.3,37.38
gyro_pitch_pos,15958,-0.1438,-0.39209,0.77173,-0.61492,-1.9975,1.05168,27.81,16.3,37.38
gyro_pitch_pos,15959,-0.31006,-0.36499,1.11963,-0.29481,-2.13865,0.80414,27.21,15.4,40.36
gyro_pitch_pos,15960,-0.31934,-0.27417,1.14819,-0.54901,-2.49591,0.47937,26.46,14.95,39.32
gyro_pitch_pos,15961,-0.11865,-0.1814,1.22754,-0.72971,-2.95717,0.0281,26.01,14.35,40.22
gyro_pitch_pos,15962,-0.10938,-0.18677,1.21021,-1.00095,-3.19899,0.03356,26.01,14.35,40.22
gyro_pitch_pos,15963,-0.0127,-0.30347,1.03491,-0.93623,-3.51045,0.16871,25.56,14.8,43.06
gyro_pitch_pos,15964,0.1145,-0.24561,0.85376,-0.83983,-3.51617,0.46539,25.27,16.3,42.31
gyro_pitch_pos,15965,0.0542,-0.39185,0.78296,-0.75154,-2.81057,0.32064,24.52,15.1,44.85
gyro_pitch_pos,15966,-0.00659,-0.38135,0.86768,-0.56832,-2.37621,0.19215,24.52,15.1,44.85
gyro_pitch_pos,15967,0.03223,-0.37329,1.04712,-0.60094,-2.332,0.02091,23.62,13.45,46.2
gyro_pitch_pos,15968,0.0498,-0.23511,1.14209,-0.52171,-2.5589,-0.09468,22.87,14.95,46.2
gyro_pitch_pos,15969,0.05322,-0.2981,1.12012,-0.6606,-2.74545,-0.01718,22.42,13.75,45.45
gyro_pitch_pos,15970,0.07666,-0.23828,1.00122,-0.6064,-2.98234,-0.07097,22.72,14.8,48.14
gyro_pitch_pos,15971,0.13428,-0.40967,0.91064,-0.7373,-2.94586,0.00732,22.72,14.8,48.14
gyro_pitch_pos,15972,0.29932,-0.41406,0.7085,-0.27457,-2.96769,0.25779,20.33,13.75,51.58
gyro_pitch_pos,15973,0.35669,-0.39917,0.73608,-0.31292,-2.22907,0.28256,19.43,13.6,49.19
gyro_pitch_pos,15974,0.1604,-0.44775,0.76123,-0.14221,-1.84437,0.25473,18.99,12.56,51.43
gyro_pitch_pos,15975,0.04517,-0.36328,0.84595,0.0755,-1.60029,0.04421,18.99,12.56,51.43
gyro_pitch_pos,15976,0.11572,-0.33252,1.02612,0.0474,-1.58072,0.09734,18.84,12.71,52.62
gyro_pitch_pos,15977,0.18506,-0.34131,1.01343,-0.17577,-1.64916,0.12051,17.64,13.01,51.58
gyro_pitch_pos,15978,0.15796,-0.37744,0.9834,-0.11611,-1.64597,0.13036,18.39,13.01,51.88
gyro_pitch_pos,15979,0.20361,-0.40454,0.92456,-0.00413,-1.70336,0.02557,17.49,12.86,52.77
gyro_pitch_pos,15980,0.19434,-0.39062,0.88062,-0.06405,-1.65063,-0.13782,17.49,12.86,52.77
gyro_pitch_pos,15981,0.32178,-0.34399,0.84814,-0.10892,-1.40322,-0.13888,16.3,13.01,52.92
gyro_pitch_pos,15982,0.25293,-0.36768,0.81104,-0.01172,-1.02106,-0.19801,14.8,13.75,53.67
gyro_pitch_pos,15983,0.19922,-0.43921,0.89795,0.0225,-0.81253,-0.13516,16.59,11.21,54.12
gyro_pitch_pos,15984,0.17627,-0.36206,0.89966,0.09228,-0.70121,-0.17097,16.59,11.21,54.12
gyro_pitch_pos,15985,0.22144,-0.31714,0.96997,0.01358,-0.81027,-0.18549,15.85,13.01,54.12
gyro_pitch_pos,15986,0.28198,-0.28931,0.95435,-0.04487,-0.71319,-0.11065,15.55,11.51,53.37
gyro_pitch_pos,15987,0.2915,-0.26367,0.96094,0.06685,-0.64222,0.08003,15.1,13.45,54.72
gyro_pitch_pos,15988,0.26782,-0.34229,0.97412,0.11731,-0.58669,0.12037,15.1,12.26,52.62
gyro_pitch_pos,15989,0.27319,-0.31372,0.94019,0.23209,-0.52424,0.03063,15.1,12.26,52.62
gyro_pitch_pos,15990,0.27539,-0.40308,0.89307,0.22197,-0.32397,-0.0755,15.1,13.01,54.42
gyro_pitch_pos,15991,0.29419,-0.31787,0.92749,0.27484,-0.17004,-0.19721,15.7,11.66,53.52
gyro_pitch_pos,15992,0.34888,-0.32764,0.94727,0.25833,-0.06685,-0.26259,15.4,13.31,53.82
gyro_pitch_pos,15993,0.28564,-0.29736,0.99829,0.23795,0.0257,-0.32357,15.4,13.31,53.82
mag_north,17148,0.02588,-0.03271,0.99585,-0.00959,-0.01731,0.0032,32.89,17.49,17.49
mag_north,17149,0.02051,-0.03296,1.00977,-0.00213,-0.01372,0.00453,34.38,20.03,17.49
mag_north,17150,0.02295,-0.03101,1.03369,-0.00519,-0.00692,0.00732,32.14,18.54,16.15
mag_north,17151,0.01831,-0.03076,1.00146,-0.00333,-0.01025,0.00786,33.49,19.88,16.59
mag_north,17152,0.01904,-0.03125,1.01318,-0.00186,-0.00985,0.00892,33.64,18.24,15.7
mag_north,17153,0.01953,-0.03174,1.01685,-0.00546,-0.00919,0.01158,33.64,18.24,15.7
mag_north,17154,0.0127,-0.02979,1.00684,-0.00639,-0.01079,0.00413,33.64,18.24,17.19
mag_north,17155,0.01953,-0.02905,1.02148,0.00027,-0.00786,0.00679,33.49,16.89,16.3
mag_north,17156,0.01294,-0.03516,1.01489,-0.00652,-0.00799,0.0016,32.59,19.29,16.89
mag_north,17157,0.01831,-0.02686,1.01025,0.00453,-0.00945,0.00519,32.59,19.29,16.89
mag_north,17158,0.02173,-0.02539,1.01172,-0.00386,-0.01265,0.00879,33.64,18.54,16.89
mag_north,17159,0.02563,-0.03174,1.01514,-0.00932,-0.01305,0.00533,35.28,19.58,17.04
mag_north,17160,0.01904,-0.02612,1.01904,-0.00413,-0.00959,0.00839,34.38,19.29,16.15
mag_north,17161,0.01709,-0.02881,1.02222,-0.00599,-0.00839,0.00466,34.38,19.29,16.15
mag_north,17162,0.02002,-0.02661,1.01538,-0.00852,-0.01039,0.0012,33.34,18.54,16.89
mag_north,17163,0.01807,-0.02905,1.01587,-0.00373,-0.00666,0.00879,33.49,19.58,17.34
mag_north,17164,0.01636,-0.03345,1.0166,-0.00706,-0.01105,0.00493,34.24,18.39,17.04
mag_north,17165,0.02246,-0.03198,1.01489,-0.0016,-0.00666,0.0032,32.89,18.24,16.44
mag_north,17166,0.01318,-0.02783,1.01685,-0.002,-0.01039,0.00826,32.89,18.24,16.44
mag_north,17167,0.01563,-0.03174,1.01782,-0.0028,-0.01065,0.00786,33.64,18.99,18.24
mag_north,17168,0.01978,-0.03027,1.01416,-0.00506,-0.00812,0.00479,33.19,19.14,15.55
mag_north,17169,0.02051,-0.03149,1.01392,-0.002,-0.0036,0.00586,33.49,19.14,15.55
mag_north,17170,0.0188,-0.02905,1.01172,-0.00519,-0.00453,0.00999,33.49,19.14,15.55
mag_north,17171,0.02002,-0.02832,1.01025,-0.00599,-0.01465,0.01092,34.24,17.64,16.59
mag_north,17172,0.021,-0.03027,1.01196,-0.00253,-0.01784,0.00866,34.24,17.64,16.3
mag_north,17173,0.0144,-0.0271,1.0105,-0.00133,-0.01252,0.00719,34.38,18.24,16.89
mag_north,17174,0.02002,-0.03076,1.01392,-0.0016,-0.00905,0.00719,32.74,18.84,17.04
mag_north,17175,0.01855,-0.03467,1.01978,0.00173,-0.01145,0.00546,32.74,18.84,17.04
mag_north,17176,0.01636,-0.03369,1.01685,-0.0036,-0.00772,0.00879,32.74,19.14,17.34
mag_north,17177,0.01221,-0.03271,1.01953,-0.00546,-0.00639,0.00186,33.34,17.04,16.89
mag_north,17178,0.02051,-0.02759,1.01782,-0.0032,-0.00852,0.00519,33.34,17.79,17.94
mag_north,17179,0.01807,-0.03271,1.01538,-0.00346,-0.00599,0.00639,33.34,17.79,17.94
mag_north,17180,0.0166,-0.02759,1.01538,-0.00146,-0.00892,0.00639,33.49,18.39,16.0
mag_north,17181,0.01587,-0.02979,1.0144,-0.00719,-0.00599,0.00573,32.59,18.99,18.24
mag_north,17182,0.01563,-0.02832,1.01392,0.00013,-0.01238,0.00599,31.99,16.89,17.79
mag_north,17183,0.01953,-0.02637,1.01416,-0.00399,-0.00919,0.00399,31.99,16.89,17.79
mag_north,17184,0.01758,-0.0293,1.01538,-0.0008,-0.00852,0.00719,33.79,18.84,17.34
mag_north,17185,0.02002,-0.0293,1.01147,-0.00533,-0.00573,0.00613,34.53,18.84,17.34
mag_north,17186,0.02197,-0.03198,1.00952,0.00306,-0.00879,0.00453,32.89,18.24,16.89
mag_north,17187,0.01392,-0.03516,1.01172,-0.0024,-0.01052,0.00586,34.09,18.24,16.89
mag_north,17188,0.01758,-0.02832,1.01733,-0.00732,-0.00866,0.00186,34.09,18.24,16.89
mag_north,17189,0.01904,-0.02881,1.01416,0.00146,-0.00839,0.00493,32.74,18.39,16.59
mag_north,17190,0.01782,-0.02588,1.01343,-0.00293,-0.00852,0.00799,33.64,18.24,16.89
mag_north,17191,0.02368,-0.03052,1.01538,-0.00519,-0.00812,0.00652,33.49,17.19,17.34
mag_north,17192,0.02222,-0.02979,1.01758,-0.00466,-0.00852,0.00519,33.49,17.19,17.34
mag_north,17193,0.01465,-0.0332,1.01538,-0.00772,-0.00666,0.00493,32.74,18.39,16.59
mag_north,17194,0.01611,-0.02905,1.01294,-0.00546,-0.01212,0.00213,33.79,17.64,17.34
mag_north,17195,0.01831,-0.03174,1.01074,-0.0036,-0.00626,0.00226,34.09,17.49,17.49
mag_north,17196,0.01221,-0.03442,1.01367,-0.0032,-0.00985,0.01012,33.19,19.58,16.0
mag_north,17197,0.02051,-0.03369,1.01196,0.00466,-0.00786,0.00839,33.19,19.58,16.0
mag_north,17198,0.01636,-0.03418,1.01294,-0.00067,-0.01265,0.00333,34.09,18.99,15.7
mag_north,17199,0.01904,-0.03101,1.00903,-0.00439,-0.01039,0.00586,33.49,17.19,15.55
mag_north,17200,0.01782,-0.03491,1.01807,-0.00093,-0.00639,0.00346,32.89,17.79,18.69
mag_north,17201,0.02075,-0.03076,1.01416,-0.00493,-0.01012,0.00479,32.89,17.79,18.69
mag_north,17202,0.0166,-0.02954,1.01587,-0.00826,-0.00999,0.00626,33.34,18.24,17.49
mag_north,17203,0.01514,-0.03052,1.01782,-0.00373,-0.00573,0.00759,34.38,17.79,16.89
mag_north,17204,0.01807,-0.03052,1.01538,-0.00146,-0.01158,0.00613,32.74,18.84,17.34
mag_north,17205,0.0144,-0.02783,1.00952,0.00053,-0.00692,0.00839,33.64,19.73,17.19
mag_north,17206,0.0188,-0.03418,1.01001,-0.00226,-0.00652,0.00812,33.64,19.73,17.19
mag_north,17207,0.02222,-0.02759,1.01123,-0.00306,-0.01065,0.00466,34.09,18.24,17.19
mag_north,17208,0.0188,-0.02979,1.01489,-0.00746,-0.00826,0.00812,33.49,18.84,17.04
mag_north,17209,0.01807,-0.03638,1.0166,-0.00759,-0.00759,0.00093,34.24,18.84,17.04
mag_north,17210,0.02051,-0.02979,1.01733,-0.00333,-0.01398,0.00413,34.24,18.84,17.04
mag_north,17211,0.0166,-0.02905,1.01709,-0.00306,-0.01105,0.00479,33.49,18.84,17.34
mag_north,17212,0.01904,-0.03076,1.01147,-0.0036,-0.00506,0.00985,34.09,17.04,16.44
mag_north,17213,0.021,-0.02979,1.01587,-0.00133,-0.00479,0.00333,32.89,19.29,15.7
mag_north,17214,0.01904,-0.03125,1.0127,0.00027,-0.00826,0.00519,32.89,19.29,15.7
mag_north,17215,0.02002,-0.02832,1.01343,-0.00253,-0.0036,0.01265,34.24,18.39,17.04
mag_north,17216,0.02344,-0.03149,1.01831,-0.00613,-0.00732,0.01225,33.64,18.54,17.49
mag_north,17217,0.02197,-0.02612,1.01001,0.00146,-0.00599,0.00786,34.83,17.04,15.1
mag_north,17218,0.0166,-0.03101,1.01147,-0.00053,-0.00799,0.00652,33.64,17.49,17.49
mag_north,17219,0.02222,-0.02954,1.00928,-0.00919,-0.00506,0.00599,33.64,17.49,17.49
mag_north,17220,0.02075,-0.03198,1.00879,-0.00253,0.00146,0.00839,32.74,18.39,16.3
mag_north,17221,0.01611,-0.03174,1.01709,-0.00013,-0.00533,0.00985,34.09,17.04,18.24
mag_north,17222,0.01807,-0.0332,1.01123,-0.00213,-0.00666,0.00812,33.64,18.24,17.19
mag_north,17223,0.02026,-0.03101,1.01611,-0.00333,-0.00719,0.01305,33.64,18.24,17.19
mag_north,17224,0.02002,-0.03027,1.01465,0.00373,-0.00772,0.00839,31.84,17.79,18.69
mag_north,17225,0.01929,-0.03052,1.01416,-0.00706,-0.00586,0.00439,33.79,17.94,17.04
mag_north,17226,0.01587,-0.03052,1.01343,-0.00626,-0.00573,0.00652,34.38,18.99,17.19
mag_north,17227,0.01929,-0.02905,1.01489,-0.00186,-0.00772,0.00786,34.38,17.04,16.15
mag_north,17228,0.01733,-0.03296,1.01343,-0.00639,-0.00985,0.00226,34.38,17.04,16.15
mag_north,17229,0.01758,-0.03003,1.01099,-0.00453,-0.00999,0.00945,32.89,17.79,16.44
mag_north,17230,0.0144,-0.02808,1.01929,-0.00559,-0.01372,0.00133,32.89,17.79,17.19
mag_north,17231,0.01782,-0.03052,1.01855,-0.00666,-0.00639,0.00985,33.64,19.29,17.19
mag_north,17232,0.02075,-0.02637,1.0188,-0.00333,-0.00439,0.00399,33.64,19.29,17.19
mag_north,17233,0.02124,-0.02783,1.01489,-0.00133,-0.00732,0.00559,32.59,18.54,17.49
mag_north,17234,0.01489,-0.02905,1.01514,-0.0028,-0.00972,0.00692,33.79,17.19,16.0
mag_north,17235,0.01196,-0.0293,1.01172,-0.00386,-0.00852,0.00439,32.14,18.54,16.89
mag_north,17236,0.01978,-0.03516,1.01611,-0.00826,-0.01145,0.00639,32.14,18.54,16.89
mag_north,17237,0.02124,-0.03101,1.01685,-0.0036,-0.00759,0.00905,34.09,19.29,16.89
mag_north,17238,0.01978,-0.02759,1.01099,-0.00107,-0.00905,0.00772,33.34,16.74,17.49
mag_north,17239,0.02051,-0.03271,1.01318,-0.0032,-0.01172,0.00439,33.19,18.39,16.3
mag_north,17240,0.0166,-0.03052,1.01489,-0.00266,-0.00533,0.00812,34.09,17.04,17.49
mag_north,17241,0.02197,-0.02856,1.01611,-0.0032,-0.00546,0.00879,34.09,17.04,17.49
mag_north,17242,0.02051,-0.02319,1.01807,-0.00107,-0.01012,0.00732,33.49,17.19,17.04
mag_north,17243,0.02075,-0.02979,1.01196,-0.00706,-0.00786,0.00386,34.09,19.73,17.94
mag_north,17244,0.02026,-0.02954,1.01318,-0.00706,-0.00639,0.00746,32.74,18.39,17.04
mag_north,17245,0.02588,-0.03027,1.00928,-0.00493,-0.00146,0.00373,32.74,18.39,17.04
mag_north,17246,0.02075,-0.03223,1.01758,-0.00093,-0.00919,0.00746,33.34,17.04,15.7
mag_north,17247,0.01782,-0.02686,1.01465,-0.00386,-0.00826,0.00599,33.64,18.54,16.89
mag_north,17248,0.01807,-0.02759,1.01196,0.0008,-0.00639,0.00413,33.64,19.29,16.44
mag_north,17249,0.02148,-0.02661,1.01294,-0.00266,-0.00852,0.00945,34.09,17.49,17.19
mag_north,17250,0.01904,-0.03442,1.01123,-0.00173,-0.00573,0.00226,34.09,17.49,17.19
mag_north,17251,0.02075,-0.03589,1.01343,-0.00386,-0.00333,0.00746,34.53,17.94,16.3
mag_north,17252,0.01953,-0.03247,1.0144,-0.00146,-0.00826,0.00706,33.64,19.29,17.19
mag_north,17253,0.02026,-0.02954,1.01147,-0.00293,-0.00493,0.00399,33.34,18.24,17.49
mag_north,17254,0.0144,-0.03027,1.01611,-0.00866,-0.00133,0.00373,33.34,18.24,17.49
mag_north,17255,0.02051,-0.02954,1.01318,0.00186,-0.00679,0.002,33.34,18.99,17.94
mag_north,17256,0.01123,-0.03198,1.01343,-0.00226,-0.00453,0.00812,32.44,17.19,17.34
mag_north,17257,0.02002,-0.0293,1.0166,-0.00666,-0.00533,0.00652,33.79,18.84,16.0
mag_north,17258,0.02026,-0.02734,1.01367,-0.00253,0.00067,0.00719,34.09,17.79,16.89
mag_north,17259,0.01294,-0.02905,1.0188,-0.00333,-0.00293,0.01039,34.09,17.79,16.89
mag_north,17260,0.02344,-0.02856,1.01514,0.00093,-0.00959,0.00306,32.89,18.24,17.19
mag_north,17261,0.0166,-0.02979,1.01636,-0.00639,-0.0016,0.00493,33.64,18.54,16.15
mag_north,17262,0.01782,-0.03027,1.0166,-0.00386,-0.0032,0.00812,34.53,19.14,16.3
mag_north,17263,0.01709,-0.03418,1.01489,0.0012,-0.00413,0.00892,34.53,19.14,16.3
mag_north,17264,0.02368,-0.03394,1.01758,0.00346,-0.00346,0.00652,32.74,17.94,17.04
mag_north,17265,0.02515,-0.02905,1.01611,-0.0004,-0.00706,0.00399,34.09,18.54,17.19
mag_north,17266,0.02173,-0.03076,1.01782,-0.00107,-0.00999,0.00866,33.64,18.24,18.69
mag_north,17267,0.01782,-0.03149,1.01318,-0.0012,-0.00306,0.00613,33.64,18.24,18.69
mag_north,17268,0.0144,-0.02344,1.01685,-0.0016,-0.01358,0.00439,32.59,19.73,16.89
mag_north,17269,0.01929,-0.03247,1.01489,-0.0008,-0.00919,0.00399,33.49,18.84,17.04
mag_north,17270,0.01782,-0.0332,1.0166,-0.00293,-0.01079,0.00852,33.49,17.64,17.04
mag_north,17271,0.02246,-0.02783,1.01343,-0.00213,-0.01025,0.00679,33.19,17.94,16.3
mag_north,17272,0.01953,-0.02734,1.01099,-0.00852,-0.00573,0.0028,33.19,17.94,16.3
mag_north,17273,0.02002,-0.02515,1.01563,-0.00666,-0.00826,0.0016,32.89,18.24,15.7
mag_north,17274,0.0188,-0.03491,1.01587,-0.0016,-0.00373,0.00266,33.64,18.24,16.44
mag_north,17275,0.01489,-0.03101,1.0166,-0.00386,-0.00533,0.00439,33.49,20.33,17.04
mag_north,17276,0.01343,-0.03223,1.01294,-0.00493,-0.00799,0.00453,33.49,20.33,17.04
mag_north,17277,0.01514,-0.02856,1.01514,0.0,-0.0024,0.00919,33.49,17.64,17.04
mag_north,17278,0.01636,-0.02417,1.01807,-0.00253,-0.0036,0.00639,32.89,18.24,16.15
mag_north,17279,0.02026,-0.03247,1.01465,-0.00333,-0.00706,0.00559,32.44,16.89,17.79
mag_north,17280,0.02295,-0.03271,1.01685,0.00027,-0.00826,0.00466,32.74,19.14,16.0
mag_north,17281,0.01147,-0.02734,1.0166,-0.002,-0.01079,0.00599,32.74,19.14,16.0
mag_north,17282,0.02051,-0.02612,1.01636,-0.0032,-0.00826,0.00346,34.98,18.39,17.79
mag_north,17283,0.01636,-0.02686,1.01465,-0.00413,-0.01039,0.00413,32.89,18.99,16.44
mag_north,17284,0.01001,-0.02881,1.0127,-0.00226,-0.01252,0.00799,32.59,18.99,17.49
mag_north,17285,0.01611,-0.02905,1.02002,-0.00506,-0.01092,0.00599,32.59,18.99,17.49
mag_north,17286,0.02148,-0.03052,1.01221,-0.00293,-0.00559,0.00426,33.79,17.64,18.09
mag_north,17287,0.01636,-0.03418,1.01538,-0.00133,-0.00386,0.00852,32.74,17.64,16.0
mag_north,17288,0.02344,-0.0293,1.01245,0.0012,-0.00945,0.00426,32.89,18.24,16.44
mag_north,17289,0.01782,-0.02954,1.01392,-0.0028,-0.00506,0.00573,32.14,17.79,17.49
mag_north,17290,0.01636,-0.03149,1.01465,0.0004,-0.0012,0.00826,33.49,18.84,16.3
mag_north,17291,0.01709,-0.02954,1.01929,-0.00652,-0.00399,0.01025,33.34,18.54,16.15
mag_north,17292,0.01904,-0.03564,1.0166,-0.00053,-0.01132,0.00559,32.74,17.94,18.39
mag_north,17293,0.01904,-0.03223,1.01416,-0.00107,-0.01105,0.00652,33.79,18.39,17.79
mag_north,17294,0.02075,-0.0249,1.01367,-0.00133,-0.00479,0.00373,33.79,18.39,17.79
mag_north,17295,0.01758,-0.02881,1.01343,0.00013,-0.00879,0.00999,33.19,17.64,16.0
mag_north,17296,0.02173,-0.02979,1.01489,-0.00107,-0.0036,0.00732,33.34,18.54,17.19
mag_east,18760,0.00806,-0.01611,0.99976,-0.00786,-0.01079,0.03049,17.19,-30.05,15.7
mag_east,18761,-0.00098,-0.01733,1.01758,-0.00133,-0.00972,0.03795,18.24,-29.6,16.44
mag_east,18762,0.0,-0.01563,1.02051,-0.00399,-0.00546,0.02344,17.49,-32.74,16.15
mag_east,18763,0.00146,-0.01709,1.00269,-0.00067,-0.01185,0.0281,17.49,-32.74,16.15
mag_east,18764,-0.00244,-0.01611,1.01416,-0.00453,-0.00799,0.04181,17.94,-31.1,17.19
mag_east,18765,0.00195,-0.0166,1.01685,-0.00626,-0.00706,0.02983,17.64,-31.39,17.04
mag_east,18766,-0.00269,-0.01587,1.01733,-0.00772,-0.00546,0.02304,17.19,-31.1,15.7
mag_east,18767,-0.0022,-0.01367,1.01758,-0.00666,-0.00692,0.01824,17.19,-31.1,15.7
mag_east,18768,-0.00024,-0.01978,0.99854,0.00053,-0.00746,0.01598,19.43,-31.84,17.19
mag_east,18769,-0.00024,-0.0166,1.01245,-0.00799,-0.00613,0.01012,17.19,-32.74,16.44
mag_east,18770,0.00391,-0.01294,1.01196,-0.00266,-0.00692,0.01145,17.49,-30.35,16.44
mag_east,18771,0.00317,-0.01733,1.01514,-0.00679,-0.01145,0.01345,17.34,-32.14,16.0
mag_east,18772,0.00269,-0.01538,1.01514,-0.00413,-0.00506,0.00626,17.34,-32.14,16.0
mag_east,18773,-0.00464,-0.01636,1.01514,-0.00639,-0.01318,0.00999,17.64,-32.44,15.55
mag_east,18774,0.00049,-0.01929,1.01855,-0.00812,-0.00546,0.00905,19.43,-31.54,16.44
mag_east,18775,-0.00439,-0.0144,1.01587,-0.00932,-0.00826,0.00839,17.19,-31.84,16.89
mag_east,18776,-0.00146,-0.01733,1.01563,0.0016,-0.00892,0.01358,17.19,-31.84,16.89
mag_east,18777,0.00146,-0.01733,1.01685,-0.00559,-0.00533,0.00892,17.34,-32.14,14.2
mag_east,18778,-0.0022,-0.01733,1.01099,-0.00386,-0.01238,0.00666,17.34,-30.65,16.0
mag_east,18779,0.0061,-0.01831,1.01172,-0.0012,-0.00905,0.00786,17.49,-31.84,16.44
mag_east,18780,0.00049,-0.01685,1.01099,-0.00067,-0.00959,0.01398,17.49,-31.84,16.44
mag_east,18781,0.00146,-0.01953,1.01611,-0.00253,-0.00639,0.01398,18.24,-31.1,15.4
mag_east,18782,0.00317,-0.01709,1.01953,-0.00573,-0.00945,0.01092,19.43,-31.1,16.44
mag_east,18783,0.00146,-0.0188,1.02197,-0.00493,-0.00732,0.01398,18.39,-31.39,15.25
mag_east,18784,-0.00073,-0.02686,1.01538,-0.00466,-0.00306,0.01558,18.69,-31.1,15.7
mag_east,18785,-0.00049,-0.01709,1.01367,-0.00067,-0.00985,0.01505,18.69,-31.1,15.7
mag_east,18786,-0.00244,-0.01929,1.01147,-0.00226,-0.00546,0.01491,17.34,-31.39,15.25
mag_east,18787,-0.00708,-0.01587,1.01196,-0.00905,-0.00905,0.00772,17.49,-30.8,17.49
mag_east,18788,0.00879,-0.01733,1.01685,-0.00067,-0.00799,0.00559,17.34,-30.2,16.59
mag_east,18789,0.00464,-0.0166,1.0144,-0.00226,-0.01372,0.00852,17.34,-30.2,16.59
mag_east,18790,0.00342,-0.0166,1.01099,0.00133,-0.01132,0.00985,17.64,-30.65,16.3
mag_east,18791,0.00562,-0.01782,1.01294,-0.00519,-0.00959,0.01598,18.09,-32.14,16.3
mag_east,18792,-0.00269,-0.01782,1.01392,-0.00479,-0.00759,0.00786,18.24,-30.8,15.4
mag_east,18793,0.00098,-0.01782,1.01514,0.0012,-0.00613,0.01039,18.09,-30.2,15.55
mag_east,18794,-0.00024,-0.02222,1.0105,-0.00746,-0.01119,0.00613,18.24,-30.05,17.49
mag_east,18795,-0.00049,-0.02051,1.01831,-0.00479,-0.00666,0.00839,17.34,-30.95,16.0
mag_east,18796,0.00171,-0.0166,1.01196,-0.00892,-0.00506,0.01411,18.69,-31.54,16.89
mag_east,18797,-0.0022,-0.02051,1.01538,-0.00786,-0.00839,0.01491,18.99,-30.05,15.1
mag_east,18798,0.0,-0.01514,1.01514,-0.01305,-0.00786,0.00905,18.99,-30.05,15.1
mag_east,18799,-0.00391,-0.01831,1.01563,-0.00266,-0.00479,0.00679,18.99,-29.6,16.15
mag_east,18800,0.00195,-0.01978,1.01563,0.00213,-0.00493,0.00892,17.34,-30.2,17.34
mag_east,18801,0.00049,-0.01807,1.01099,-0.00453,-0.00799,0.00932,18.84,-29.45,16.59
mag_east,18802,-0.00171,-0.01733,1.01343,-0.00293,-0.00479,0.00999,18.84,-29.45,16.59
mag_east,18803,-0.00098,-0.01611,1.01465,-0.00333,-0.00613,0.00999,16.59,-29.75,17.34
mag_east,18804,-0.00415,-0.01904,1.01611,-0.00759,-0.00892,0.01092,18.24,-29.75,17.04
mag_east,18805,-0.00293,-0.01733,1.01025,-0.00852,-0.00652,0.00999,18.24,-30.05,15.4
mag_east,18806,-0.00024,-0.01318,1.01392,-0.00453,-0.00732,0.01132,18.24,-30.05,15.4
mag_east,18807,-0.00024,-0.01563,1.0144,-0.00879,-0.00506,0.01345,18.24,-30.05,15.4
mag_east,18808,-0.00366,-0.01367,1.01709,-0.00799,-0.00799,0.02384,17.94,-31.1,15.4
mag_east,18809,0.0022,-0.01489,1.01489,-0.01039,-0.00746,0.02264,17.04,-30.95,16.3
mag_east,18810,0.00513,-0.02124,1.01367,-0.00972,-0.01398,0.01798,17.04,-30.95,16.3
mag_east,18811,0.00342,-0.02295,1.01563,-0.00799,-0.00772,0.01425,17.04,-30.95,16.3
mag_east,18812,-0.0022,-0.01294,1.01685,-0.00826,-0.01079,0.01105,20.78,-31.54,16.44
mag_east,18813,0.00684,-0.0166,1.01318,-0.00692,-0.00666,0.00972,17.34,-30.2,16.59
mag_east,18814,0.00415,-0.02002,1.00952,-0.00107,-0.01092,0.00919,17.64,-30.2,16.59
mag_east,18815,-0.00366,-0.0127,1.01416,-0.0004,-0.01079,0.00945,18.39,-30.2,16.59
mag_east,18816,-0.00269,-0.01831,1.0105,0.00013,-0.00852,0.00173,16.3,-32.44,16.3
mag_east,18817,-0.00049,-0.021,1.01465,-0.00213,-0.00479,0.00626,18.69,-31.1,17.19
mag_east,18818,0.0,-0.021,1.0166,-0.00186,-0.00706,0.00626,16.74,-31.54,15.1
mag_east,18819,0.00269,-0.02197,1.01709,-0.00133,-0.01252,0.00839,16.74,-31.54,15.1
mag_east,18820,-0.00415,-0.01929,1.01465,0.00226,-0.01225,0.00839,18.24,-30.05,16.44
mag_east,18821,-0.00317,-0.021,1.01318,-0.00439,-0.01079,0.00772,18.24,-30.8,16.89
mag_east,18822,-0.00317,-0.01733,1.02173,-0.00253,-0.00706,0.00639,18.09,-30.65,16.3
mag_east,18823,-0.00342,-0.02441,1.01685,-0.00905,-0.01079,0.01411,18.09,-30.65,16.3
mag_east,18824,0.00439,-0.01538,1.01172,0.00133,-0.00546,0.01145,17.49,-31.84,15.4
mag_east,18825,0.00024,-0.02124,1.01123,-0.0036,-0.01265,0.00399,18.24,-30.8,16.89
mag_east,18826,-0.00342,-0.01733,1.01904,-0.00213,-0.00919,0.01132,17.19,-31.84,16.15
mag_east,18827,0.00195,-0.01855,1.01465,-0.00186,-0.00759,0.01332,17.19,-31.1,16.89
mag_east,18828,-0.00415,-0.01465,1.01245,-0.00373,-0.01065,0.01811,17.19,-31.1,16.89
mag_east,18829,-0.00024,-0.01929,1.01147,-0.00186,-0.00719,0.01252,17.49,-32.74,15.7
mag_east,18830,0.00049,-0.01563,1.01611,-0.00559,-0.00692,0.01798,17.49,-30.05,17.49
mag_east,18831,0.00171,-0.0166,1.0127,-0.00386,-0.00599,0.01664,17.49,-30.35,16.44
mag_east,18832,0.00073,-0.02148,1.01465,-0.00533,-0.00666,0.01451,17.49,-30.35,16.44
mag_east,18833,-0.00146,-0.01392,1.00806,0.00053,-0.00599,0.01385,17.04,-30.95,17.34
mag_east,18834,-0.00049,-0.01416,1.01099,-0.00133,-0.00786,0.00999,17.19,-30.8,15.4
mag_east,18835,0.00049,-0.01855,1.0127,0.00013,-0.00466,0.00972,17.34,-30.65,16.3
mag_east,18836,-0.00488,-0.01782,1.01855,-0.00226,-0.00932,0.00746,17.34,-30.65,16.3
mag_east,18837,-0.00122,-0.01904,1.01465,-0.00599,-0.00959,0.00932,18.24,-30.8,16.44
mag_east,18838,0.00293,-0.021,1.0188,-0.00146,-0.00826,0.00879,18.69,-30.8,16.44
mag_east,18839,0.00024,-0.01758,1.01245,-0.00586,-0.00812,0.00679,17.04,-30.65,16.0
mag_east,18840,-0.00122,-0.01855,1.0144,-0.01158,-0.01105,0.00972,17.34,-31.39,16.3
mag_east,18841,-0.00293,-0.021,1.01489,-0.00413,-0.00453,0.00439,17.34,-31.39,16.3
mag_east,18842,0.0,-0.01099,1.01465,-0.00506,-0.00413,0.00306,19.73,-30.35,15.4
mag_east,18843,0.00049,-0.01636,1.01514,-0.00852,-0.00999,0.01039,17.64,-32.14,16.59
mag_east,18844,-0.00171,-0.01782,1.02124,-0.00506,-0.01145,0.00932,17.49,-30.8,14.65
mag_east,18845,0.00269,-0.021,1.0105,-0.00919,-0.00852,0.00652,17.49,-30.8,14.65
mag_east,18846,0.00513,-0.01489,1.0105,-0.00666,-0.00599,0.00985,16.3,-30.95,16.0
mag_east,18847,0.00024,-0.01636,1.01538,-0.00679,-0.00799,0.00732,19.58,-30.65,16.0
mag_east,18848,0.00024,-0.01733,1.01538,-0.0032,-0.00639,0.00466,18.99,-29.6,16.89
mag_east,18849,-0.00342,-0.02222,1.02148,-0.002,-0.01065,0.01265,18.84,-29.45,16.3
mag_east,18850,-0.00342,-0.02271,1.01221,-0.00266,-0.00546,0.00346,18.24,-31.1,16.15
mag_east,18851,0.00024,-0.01733,1.01196,-0.00346,-0.00852,0.00719,16.3,-31.39,15.55
mag_east,18852,-0.00171,-0.01831,1.0127,-0.00413,-0.00373,0.00439,19.14,-30.95,16.0
mag_east,18853,0.00146,-0.01807,1.0144,-0.00905,-0.00599,0.00373,18.09,-31.39,16.59
mag_east,18854,-0.00293,-0.01807,1.01465,0.0012,-0.0024,0.00959,18.09,-31.39,16.59
mag_east,18855,0.00439,-0.01685,1.01709,-0.00453,-0.00945,0.00493,16.59,-32.14,16.59
mag_east,18856,-0.00244,-0.01392,1.00928,-0.00173,-0.00706,0.00919,18.39,-30.65,16.59
mag_east,18857,-0.00171,-0.02124,1.01709,-0.00107,-0.00266,0.00746,17.34,-29.75,17.04
mag_east,18858,-0.00146,-0.0166,1.01685,-0.00133,-0.01198,0.01198,17.34,-29.75,17.04
mag_east,18859,-0.00195,-0.02222,1.01245,-0.00399,-0.00573,0.00573,17.64,-30.2,16.59
mag_east,18860,-0.00049,-0.02075,1.0188,0.0012,-0.00826,0.00879,17.49,-30.35,16.15
mag_east,18861,0.00195,-0.01538,1.01172,-0.0036,-0.00852,0.00786,17.94,-31.1,15.7
mag_east,18862,0.00342,-0.01855,1.0144,-0.00133,-0.00386,0.00945,18.69,-31.54,15.7
mag_east,18863,-0.00439,-0.02319,1.01904,0.0032,-0.00692,0.01039,18.69,-31.54,15.7
mag_east,18864,0.00879,-0.01831,1.01099,-0.00905,-0.00626,0.00346,16.74,-30.8,16.15
mag_east,18865,0.00293,-0.01611,1.01807,-0.00439,-0.01119,0.00719,17.64,-31.39,17.04
mag_east,18866,-0.00024,-0.01611,1.01563,-0.00506,-0.01198,0.00533,18.69,-30.8,16.44
mag_east,18867,-0.00537,-0.021,1.0166,-0.00479,-0.00892,0.00493,18.69,-30.8,16.44
mag_east,18868,-0.00415,-0.01367,1.01392,-0.002,-0.01198,0.01145,18.39,-30.2,17.34
mag_east,18869,0.0,-0.01831,1.01733,-0.00506,-0.00746,0.00546,18.69,-31.54,16.15
mag_east,18870,-0.00464,-0.0188,1.0127,-0.00719,-0.01292,0.00839,18.24,-30.8,16.15
mag_east,18871,0.00171,-0.0166,1.01514,-0.0032,-0.00799,0.00626,18.69,-31.1,15.7
mag_east,18872,-0.00464,-0.01807,1.01538,-0.0036,-0.01052,0.00772,18.39,-31.39,16.0
mag_east,18873,-0.00317,-0.01636,1.0144,-0.00093,-0.00732,0.00852,18.69,-31.54,16.44
mag_east,18874,-0.00269,-0.01807,1.01416,-0.00386,-0.00759,0.00945,18.99,-30.8,17.19
mag_east,18875,-0.00708,-0.01465,1.01685,-0.00373,-0.00772,0.00812,17.49,-31.54,17.19
mag_east,18876,-0.00269,-0.01538,1.01831,-0.00226,-0.00892,0.01198,17.49,-31.54,17.19
mag_east,18877,-0.00244,-0.0188,1.01831,-0.00852,-0.00586,0.00666,18.39,-29.0,16.59
mag_east,18878,-0.00342,-0.02319,1.01733,-0.00453,-0.00639,0.01132,17.64,-31.69,17.04
mag_east,18879,-0.00146,-0.01978,1.0144,-0.00533,-0.01012,0.01105,18.24,-30.8,17.19
mag_east,18880,-0.00073,-0.0188,1.01367,-0.00213,-0.00519,0.01012,18.24,-30.8,17.19
mag_east,18881,-0.00171,-0.01904,1.0166,-0.00253,-0.01265,0.00999,17.34,-30.65,16.0
mag_east,18882,0.00806,-0.01978,1.01685,-0.00333,-0.00293,0.00945,17.49,-30.35,16.15
mag_east,18883,-0.00122,-0.01685,1.01685,-0.00386,-0.00905,0.00959,18.09,-30.65,16.3
mag_east,18884,-0.00024,-0.01685,1.00952,0.0,-0.00586,0.01265,18.24,-30.35,16.44
mag_east,18885,-0.00024,-0.01514,1.01465,-0.00985,-0.00945,0.00985,18.24,-30.35,16.44
mag_east,18886,0.00244,-0.02075,1.0127,-0.00719,-0.00892,0.00732,18.99,-30.8,16.15
mag_east,18887,0.00317,-0.01416,1.01709,-0.00373,-0.00932,0.00812,17.34,-31.39,14.5
mag_east,18888,-0.00415,-0.01611,1.01514,-0.00399,-0.00799,0.00719,18.09,-29.75,16.0
mag_east,18889,0.0022,-0.01709,1.01318,-0.00053,-0.00932,0.00839,18.09,-29.75,16.0
mag_east,18890,-0.00366,-0.02148,1.01807,-0.00506,-0.00559,0.00692,17.34,-31.69,17.04
mag_east,18891,-0.00195,-0.01904,1.01294,-0.01012,-0.01305,0.00972,16.44,-31.54,16.15
mag_east,18892,0.00073,-0.02075,1.01489,-0.00426,-0.00826,0.01065,18.84,-30.95,16.59
mag_east,18893,-0.00244,-0.02515,1.01514,-0.00226,-0.00573,0.01318,17.49,-30.8,16.89
mag_east,18894,-0.00366,-0.01636,1.01294,-0.00613,-0.0036,0.00892,16.59,-30.2,15.55
mag_east,18895,-0.00537,-0.01831,1.0188,-0.00546,-0.00852,0.00839,17.34,-30.95,15.55
mag_east,18896,-0.0022,-0.01099,1.01465,-0.00706,-0.00666,0.01824,18.99,-30.8,15.7
mag_east,18897,-0.00024,-0.01685,1.01489,-0.00293,-0.00453,0.01664,15.85,-31.69,16.0
mag_east,18898,-0.00366,-0.01611,1.01172,-0.0024,-0.01012,0.00905,15.85,-31.69,16.0
mag_east,18899,-0.00269,-0.0166,1.01367,-0.0028,-0.00613,0.01252,16.74,-31.1,16.15
mag_east,18900,0.00122,-0.01709,1.01123,-0.00493,-0.00639,0.01212,18.24,-30.05,17.19
mag_east,18901,0.00122,-0.0144,1.01709,-0.00133,-0.00732,0.01198,17.94,-31.84,16.44
mag_east,18902,0.00244,-0.01563,1.01367,-0.0032,-0.00839,0.01332,17.94,-31.84,16.44
mag_east,18903,-0.00391,-0.02368,1.0144,-0.01238,-0.00972,0.00732,17.04,-30.95,16.59
mag_east,18904,-0.00098,-0.01758,1.01367,-0.0016,-0.00892,0.01025,17.34,-31.39,16.3
mag_east,18905,-0.0022,-0.0188,1.0083,-0.00759,-0.01278,0.00799,18.84,-30.2,17.34
mag_east,18906,-0.00171,-0.01587,1.01514,-0.00479,-0.00772,0.00919,17.64,-31.39,16.59
mag_east,18907,-0.00244,-0.0166,1.01465,-0.00586,-0.00746,0.00213,17.64,-31.39,16.59
mag_east,18908,0.00049,-0.01953,1.01636,-0.00999,-0.00599,0.00719,18.39,-30.2,16.59
mag_east,18909,-0.00073,-0.01855,1.021,-0.00466,-0.00732,0.00972,17.19,-30.05,16.15
mag_south,19779,-0.00732,0.02026,1.00488,0.0,-0.00826,0.02676,-35.43,-15.1,17.19
mag_south,19780,-0.00757,0.01611,1.01782,-0.04181,-0.00746,0.0289,-37.38,-15.85,17.19
mag_south,19781,-0.00317,0.01855,1.00732,-0.00666,-0.00759,0.02264,-37.67,-16.74,18.69
mag_south,19782,-0.00586,0.01733,1.01489,-0.01385,-0.00613,0.01172,-35.73,-14.95,16.59
mag_south,19783,-0.00806,0.0127,1.01978,-0.01238,-0.00466,0.00812,-36.63,-15.85,16.15
mag_south,19784,-0.0022,0.02563,1.00391,0.00453,-0.01025,0.00945,-35.13,-15.1,17.19
mag_south,19785,-0.00488,0.00806,1.01904,-0.01878,-0.01198,0.01119,-36.78,-14.65,18.39
mag_south,19786,-0.00415,0.02124,1.01416,-0.01704,-0.00852,0.00945,-37.08,-16.15,15.55
mag_south,19787,-0.00586,0.01318,1.02124,0.0036,-0.01292,0.00413,-37.08,-16.15,15.55
mag_south,19788,-0.00342,0.021,1.0293,-0.0036,-0.00839,0.00652,-36.18,-15.85,15.4
mag_south,19789,-0.00659,0.01465,1.0105,0.03502,-0.00613,0.00373,-35.43,-14.35,18.24
mag_south,19790,-0.00659,0.01563,1.01807,0.03209,-0.00786,0.00879,-36.93,-14.8,16.44
mag_south,19791,-0.00952,0.02466,1.00781,0.03342,-0.00706,0.00812,-36.93,-14.8,16.44
mag_south,19792,-0.01025,0.01904,1.01074,0.03316,-0.0016,0.01039,-35.88,-15.85,17.49
mag_south,19793,-0.00781,0.01855,1.0083,-0.00386,-0.00919,0.01585,-37.52,-16.44,18.09
mag_south,19794,-0.01001,0.01855,1.0127,0.00466,-0.01039,0.02037,-36.78,-15.7,16.59
mag_south,19795,-0.00366,0.02124,1.00684,-0.00373,-0.00905,0.02117,-36.48,-16.15,17.79
mag_south,19796,-0.00195,0.02124,1.00928,-0.02384,-0.01025,0.02197,-36.48,-16.15,17.79
mag_south,19797,-0.00269,0.02148,1.01172,-0.01425,-0.00613,0.02064,-36.78,-16.44,18.09
mag_south,19798,-0.01221,0.01196,1.01538,-0.0245,-0.01398,0.00892,-36.63,-15.85,17.49
mag_south,19799,-0.01025,0.01807,1.01318,-0.00945,-0.00732,0.00866,-36.78,-16.15,16.0
mag_south,19800,-0.00073,0.01514,1.01929,0.00626,-0.01052,0.01079,-36.78,-16.15,16.0
mag_south,19801,-0.00488,0.02051,1.01245,0.00945,-0.01345,0.01478,-36.18,-15.55,18.24
mag_south,19802,-0.00952,0.01685,1.01563,0.01917,-0.00985,0.01065,-35.88,-17.04,15.7
mag_south,19803,-0.00635,0.01733,1.01636,0.02623,-0.00666,0.01158,-38.27,-14.2,18.09
mag_south,19804,-0.00635,0.00977,1.01489,0.02011,-0.0016,0.01292,-38.27,-14.2,18.09
mag_south,19805,-0.00415,0.01929,1.00684,0.02716,-0.00839,0.01531,-37.08,-15.7,16.0
mag_south,19806,-0.00684,0.0166,1.01416,0.01851,-0.00879,0.00466,-36.18,-15.55,16.89
mag_south,19807,-0.00635,0.01709,1.01123,0.01198,-0.00599,0.01158,-37.52,-16.44,17.04
mag_south,19808,-0.0083,0.02319,1.01782,-0.01132,-0.01292,0.0233,-36.78,-15.7,18.09
mag_south,19809,-0.00488,0.01831,1.02222,-0.0036,-0.00999,0.03795,-36.78,-15.7,18.09
mag_south,19810,-0.00415,0.02417,1.00708,0.00506,-0.00679,0.03928,-36.93,-18.24,15.7
mag_south,19811,-0.0061,0.01489,1.01147,-0.01305,-0.00985,0.04474,-35.43,-16.3,17.19
mag_south,19812,-0.00366,0.0166,1.01123,-0.00506,-0.00866,0.02637,-36.03,-16.44,17.04
mag_south,19813,-0.00293,0.01465,1.01831,-0.00706,-0.00546,0.01984,-36.03,-16.44,17.04
mag_south,19814,-0.00684,0.01733,1.01538,-0.00999,-0.01238,0.02384,-36.78,-16.15,17.04
mag_south,19815,-0.00195,0.0127,1.0127,0.00972,-0.01198,0.02077,-36.93,-15.55,16.44
mag_south,19816,-0.00586,0.01709,1.01001,-0.00533,-0.00852,0.02317,-35.43,-15.85,16.3
mag_south,19817,-0.00903,0.02271,1.00464,0.00093,-0.01172,0.01345,-35.43,-15.85,16.15
mag_south,19818,0.00049,0.01685,1.01245,-0.00919,-0.00892,0.01158,-35.43,-15.85,16.15
mag_south,19819,-0.01538,0.01929,1.01001,-0.02224,-0.01332,0.01824,-35.43,-16.74,17.94
mag_south,19820,-0.00732,0.01904,1.01416,-0.01678,-0.01025,0.00959,-38.42,-16.3,17.19
mag_south,19821,-0.00903,0.02197,1.01587,-0.02463,-0.01185,0.01225,-38.42,-16.3,17.19
mag_south,19822,-0.01025,0.01099,1.01685,-0.01158,-0.00799,0.00519,-38.42,-16.3,17.19
mag_south,19823,-0.00537,0.01782,1.01343,0.00133,-0.00639,0.01491,-36.03,-16.15,16.3
mag_south,19824,-0.01025,0.02026,1.01221,0.01039,-0.0036,0.01411,-37.38,-15.85,17.19
mag_south,19825,-0.00708,0.01099,1.01929,0.02037,-0.00799,0.01545,-37.38,-15.85,17.19
mag_south,19826,-0.00488,0.01929,1.01099,0.01851,-0.00639,0.01518,-37.38,-15.85,17.19
mag_south,19827,-0.0022,0.01123,1.01147,0.02224,-0.00413,0.01491,-36.93,-16.3,16.44
mag_south,19828,-0.00415,0.01929,1.01367,0.01944,-0.00919,0.00972,-37.08,-15.4,16.59
mag_south,19829,-0.01294,0.02344,1.01587,0.01332,-0.00639,0.01318,-36.78,-14.2,18.39
mag_south,19830,-0.00244,0.02051,1.01318,0.01518,-0.00559,0.01092,-36.78,-14.2,18.39
mag_south,19831,-0.00659,0.02002,1.01318,0.01145,-0.00453,0.00746,-36.78,-16.44,18.09
mag_south,19832,-0.00977,0.01807,1.01611,-0.0008,-0.00932,0.00546,-37.67,-15.55,17.19
mag_south,19833,-0.00806,0.02417,1.00586,0.01025,-0.00759,0.00919,-36.18,-14.8,17.19
mag_south,19834,-0.00464,0.021,1.01318,0.0012,-0.01119,0.00546,-36.18,-14.8,17.19
mag_south,19835,-0.00293,0.01831,1.01636,-0.00599,-0.00759,0.00879,-36.18,-15.85,17.19
mag_south,19836,-0.00659,0.01587,1.01514,-0.00959,-0.00772,0.00719,-37.08,-14.95,18.39
mag_south,19837,-0.00928,0.01855,1.01318,-0.00932,-0.01358,0.01052,-35.88,-15.55,16.15
mag_south,19838,-0.00977,0.01953,1.0127,-0.00732,-0.00959,0.00613,-37.52,-16.15,17.34
mag_south,19839,-0.00854,0.02124,1.01294,-0.00479,-0.00546,0.00879,-37.52,-16.15,17.34
mag_south,19840,-0.00464,0.01563,1.01343,-0.00333,-0.00426,0.00852,-34.98,-14.95,18.39
mag_south,19841,-0.00439,0.01318,1.00977,-0.00839,-0.00533,0.00959,-35.13,-17.04,16.44
mag_south,19842,-0.00366,0.01563,1.01489,0.00533,-0.00253,0.00333,-37.08,-15.4,17.34
mag_south,19843,-0.00513,0.01563,1.01538,0.00786,-0.00839,0.00972,-37.08,-15.4,17.34
mag_south,19844,-0.00781,0.01685,1.01465,0.00932,-0.00732,0.00466,-37.08,-16.44,17.79
mag_south,19845,-0.00366,0.01929,1.01001,0.00133,-0.01145,0.00652,-36.48,-16.44,18.09
mag_south,19846,-0.00684,0.01929,1.01147,-0.00639,-0.00639,0.00599,-35.73,-15.4,17.04
mag_south,19847,-0.00537,0.02222,1.01782,-0.00546,-0.01092,0.00719,-35.73,-15.4,17.04
mag_south,19848,-0.01001,0.0127,1.01367,0.0024,-0.00892,0.00386,-35.88,-15.55,17.19
mag_south,19849,-0.00293,0.01685,1.00854,0.00426,-0.01145,0.00746,-36.78,-14.65,16.59
mag_south,19850,-0.00488,0.01953,1.0127,-0.00439,-0.00972,0.0032,-35.43,-15.55,15.1
mag_south,19851,-0.00977,0.01709,1.01636,-0.01558,-0.00692,0.00559,-37.82,-16.89,17.79
mag_south,19852,-0.00879,0.01733,1.0127,-0.00506,-0.01198,0.00626,-37.82,-16.89,17.79
mag_south,19853,-0.00659,0.01831,1.01611,0.00559,-0.00919,0.00786,-36.63,-16.3,18.99
mag_south,19854,-0.00342,0.01587,1.01221,0.00812,-0.00719,0.01664,-35.43,-14.8,17.49
mag_south,19855,-0.00171,0.02026,1.00928,0.00932,-0.00453,0.01944,-36.48,-14.95,16.3
mag_south,19856,-0.00342,0.01758,1.01416,0.00799,-0.00852,0.01984,-36.48,-14.95,16.3
mag_south,19857,-0.00195,0.0188,1.01465,-0.00027,-0.01398,0.00972,-36.63,-16.74,16.89
mag_south,19858,-0.00903,0.021,1.0127,0.00559,-0.00959,0.01411,-36.18,-16.74,17.94
mag_south,19859,-0.01099,0.01929,1.00684,0.00812,-0.00506,0.00999,-35.43,-15.55,16.44
mag_south,19860,-0.00732,0.0188,1.01245,0.01185,-0.00932,0.01198,-37.08,-15.7,16.59
mag_south,19861,-0.00708,0.01855,1.00464,0.00786,-0.00426,0.01411,-36.63,-15.85,18.69
mag_south,19862,-0.00366,0.01733,1.01807,0.00413,-0.00493,0.01252,-36.03,-16.15,17.04
mag_south,19863,-0.00415,0.01929,1.01685,0.00613,-0.00706,0.01065,-37.52,-16.89,17.34
mag_south,19864,-0.00757,0.01855,1.01465,0.00972,-0.00919,0.00812,-37.52,-15.7,17.04
mag_south,19865,-0.0061,0.01807,1.01294,0.00346,-0.00399,0.00999,-37.52,-15.7,17.04
mag_south,19866,-0.01099,0.01733,1.00854,0.00759,-0.01132,0.00919,-34.38,-17.04,18.24
mag_south,19867,-0.00903,0.02026,1.00757,-0.00226,-0.00985,0.00985,-36.03,-15.4,17.34
mag_south,19868,-0.00439,0.01416,1.00879,-0.01172,-0.00546,0.00719,-36.93,-16.74,18.69
mag_south,19869,-0.00635,0.01733,1.01416,-0.002,-0.00866,0.01132,-36.93,-16.74,18.69
mag_south,19870,-0.00586,0.0166,1.01489,0.00346,-0.01065,0.00692,-37.08,-14.65,17.79
mag_south,19871,-0.0105,0.01685,1.00781,0.00586,-0.00639,0.00945,-37.52,-14.95,17.34
mag_south,19872,-0.0127,0.01978,1.01196,-0.00799,-0.00959,0.00812,-36.18,-16.3,17.94
mag_south,19873,-0.00293,0.01929,1.01514,-0.00679,-0.00533,0.00626,-36.93,-14.8,16.89
mag_south,19874,-0.00562,0.02295,1.01392,-0.00559,-0.01065,0.00905,-36.93,-14.8,16.89
mag_south,19875,-0.00293,0.01978,1.01563,-0.0004,-0.00799,0.00786,-36.03,-15.4,18.09
mag_south,19876,-0.00806,0.01855,1.01147,0.00639,-0.00626,0.00732,-36.78,-17.19,16.59
mag_south,19877,-0.00879,0.02344,1.01318,-0.00413,-0.00732,0.00985,-36.93,-15.55,17.49
mag_south,19878,-0.00659,0.02148,1.01636,-0.00879,-0.01025,0.00746,-36.93,-15.55,17.49
mag_south,19879,-0.00757,0.02197,1.02075,-0.00346,-0.00559,0.00559,-36.78,-15.7,17.04
mag_south,19880,-0.00879,0.02051,1.01685,-0.00892,-0.00679,0.00519,-35.88,-14.35,17.19
mag_south,19881,-0.00635,0.02368,1.0166,0.0012,-0.00413,0.00786,-36.48,-16.44,18.39
mag_south,19882,-0.00635,0.01953,1.01489,-0.01092,-0.00945,0.00772,-36.48,-16.44,18.39
mag_south,19883,-0.00879,0.01953,1.01636,-0.01372,-0.00599,0.00453,-35.73,-15.7,17.04
mag_south,19884,-0.00635,0.02295,1.02173,-0.01558,-0.00746,0.0028,-36.63,-14.8,16.89
mag_south,19885,-0.00537,0.01489,1.01758,-0.00613,-0.01398,0.00599,-35.43,-15.85,16.89
mag_south,19886,-0.00513,0.01514,1.01538,0.0004,-0.00586,0.00852,-36.93,-15.55,16.44
mag_south,19887,-0.00488,0.021,1.01782,-0.00546,-0.00626,0.01065,-36.93,-15.55,16.44
mag_south,19888,-0.00952,0.02002,1.01563,-0.00666,-0.01105,0.00892,-37.52,-14.2,18.09
mag_south,19889,-0.00659,0.02441,1.01343,-0.01119,-0.00985,0.00905,-36.78,-15.4,17.34
mag_south,19890,-0.01025,0.02222,1.01367,-0.01878,-0.01252,0.01039,-37.38,-16.74,16.89
mag_south,19891,-0.00806,0.01611,1.01294,-0.00852,-0.00346,0.00786,-37.38,-16.74,16.89
mag_south,19892,-0.00537,0.01318,1.01416,-0.00666,-0.00799,0.00692,-35.88,-16.74,16.15
mag_south,19893,-0.00879,0.02344,1.01025,0.00586,-0.00959,0.01039,-36.03,-17.19,17.79
mag_south,19894,-0.00684,0.02173,1.01416,0.01012,-0.01052,0.00626,-36.48,-17.19,16.3
mag_south,19895,-0.00391,0.0144,1.00952,0.02091,-0.00866,0.00652,-37.08,-16.89,16.3
mag_south,19896,-0.0061,0.01343,1.0166,0.01718,-0.00652,0.00772,-37.08,-16.89,16.3
mag_south,19897,-0.01245,0.01807,1.01392,-0.01558,-0.00666,0.00093,-37.52,-15.7,17.79
mag_south,19898,-0.00928,0.0293,1.01074,0.04248,-0.00746,0.00546,-35.43,-14.8,16.89
mag_south,19899,-0.00684,0.01758,1.01514,-0.01971,-0.01065,0.00719,-36.63,-17.04,17.94
mag_south,19900,-0.00464,0.03101,1.00781,0.00133,-0.01398,0.00706,-36.63,-17.04,17.94
mag_south,19901,-0.01123,0.02295,1.0188,-0.02064,-0.00706,0.00546,-37.08,-15.7,17.04
mag_south,19902,-0.01099,0.01538,1.01953,-0.00546,-0.00772,0.00506,-35.43,-15.55,17.19
mag_south,19903,-0.01025,0.01831,1.01709,-0.0016,-0.01132,0.00453,-36.93,-16.3,18.69
mag_south,19904,-0.01001,0.02295,1.01025,-0.00093,-0.00919,0.00479,-36.93,-16.3,18.69
mag_south,19905,-0.01074,0.02417,1.01001,0.00107,-0.01052,0.00905,-36.63,-15.55,17.94
mag_south,19906,-0.01221,0.02002,1.01343,-0.00573,-0.00666,0.00839,-35.73,-16.44,17.79
mag_south,19907,-0.00391,0.02051,1.00537,0.00306,-0.00919,0.01052,-36.93,-14.8,18.69
mag_south,19908,-0.00342,0.02124,1.01855,0.00466,-0.01025,0.00945,-35.43,-15.55,17.94
mag_south,19909,-0.00391,0.02271,1.01221,0.00786,-0.00839,0.00746,-35.43,-15.55,17.94
mag_south,19910,-0.00977,0.02295,1.01636,0.00999,-0.00266,0.00519,-34.98,-15.7,18.09
mag_south,19911,-0.00952,0.01782,1.01611,-0.00027,-0.00826,0.00186,-37.08,-16.15,16.59
mag_south,19912,-0.00806,0.01855,1.01367,0.002,-0.0036,0.00852,-36.48,-16.89,17.04
mag_south,19913,-0.00854,0.02124,1.0105,0.00559,-0.00679,0.00786,-36.48,-16.89,17.04
mag_south,19914,-0.00488,0.02075,1.01172,0.01651,-0.00959,0.00506,-36.93,-16.3,16.89
mag_south,19915,-0.0083,0.02368,1.01367,0.02224,-0.00945,0.00719,-35.43,-15.55,17.19
mag_south,19916,-0.00146,0.02539,1.01367,0.01225,-0.00573,0.00839,-36.18,-15.85,17.94
mag_south,19917,-0.00073,0.02393,1.01465,0.01425,-0.00799,0.00399,-36.48,-16.44,16.59
mag_south,19918,-0.00537,0.01782,1.01489,0.01265,-0.00959,0.00945,-35.43,-15.1,17.94
mag_south,19919,-0.00659,0.02344,1.01294,0.00839,-0.00985,0.00719,-37.08,-15.4,16.59
mag_south,19920,-0.00952,0.02173,1.01099,0.00839,-0.01039,0.00399,-35.88,-15.55,17.49
mag_south,19921,-0.00269,0.02197,1.01025,0.00146,-0.01145,0.00493,-36.48,-16.15,17.79
mag_south,19922,-0.00317,0.0188,1.01245,-0.00466,-0.00799,0.00652,-36.48,-16.15,17.79
mag_south,19923,-0.0127,0.01978,1.01685,-0.00346,-0.00399,0.00466,-36.78,-16.15,17.79
mag_south,19924,-0.01147,0.01855,1.01294,0.00932,-0.00972,0.00732,-36.63,-16.3,17.94
mag_south,19925,-0.01025,0.02173,1.01294,0.01478,-0.00945,0.00599,-36.63,-16.74,18.24
mag_south,19926,-0.00562,0.02515,1.00952,0.00439,-0.00519,0.00626,-36.63,-16.74,18.24
mag_south,19927,-0.00708,0.02417,1.01074,0.01065,-0.01132,0.00719,-36.78,-16.44,16.59
mag_west,21684,-0.0127,-0.02393,1.0332,0.0,-0.00759,0.00786,-24.07,36.93,15.7
mag_west,21685,-0.01074,-0.02686,1.00952,-0.00826,-0.00453,0.00826,-23.17,38.57,17.04
mag_west,21686,-0.01294,-0.02441,1.02466,0.00053,-0.00346,0.00533,-23.17,38.57,17.04
mag_west,21687,-0.01099,-0.03198,1.00757,-0.0024,-0.00892,0.00399,-23.62,38.12,17.79
mag_west,21688,-0.01538,-0.02905,1.01001,-0.00399,-0.00599,0.00546,-23.47,37.67,16.44
mag_west,21689,-0.01709,-0.03418,1.01709,0.0004,-0.00732,0.00373,-21.98,36.93,16.89
mag_west,21690,-0.01563,-0.03076,1.01733,-0.00413,-0.00479,0.00386,-22.72,37.97,15.7
mag_west,21691,-0.0127,-0.0293,1.01709,-0.00546,-0.00546,0.0024,-22.72,37.97,15.7
mag_west,21692,-0.00464,-0.03394,1.01514,-0.00559,-0.00892,0.00626,-24.37,35.88,16.3
mag_west,21693,-0.01099,-0.02832,1.01099,-0.00453,-0.00852,0.00626,-22.13,37.38,16.0
mag_west,21694,-0.01196,-0.02808,1.01514,-0.00013,-0.00826,0.00786,-22.13,37.08,16.59
mag_west,21695,-0.01196,-0.02637,1.01123,-0.00253,-0.00799,0.00386,-22.13,37.08,16.59
mag_west,21696,-0.01538,-0.03296,1.0144,-0.0036,-0.00546,0.00945,-22.28,37.23,15.7
mag_west,21697,-0.00977,-0.03003,1.02148,-0.00706,-0.00639,0.00493,-23.02,37.23,16.15
mag_west,21698,-0.01782,-0.03149,1.00879,-0.002,-0.00599,0.01039,-22.72,37.67,16.89
mag_west,21699,-0.01733,-0.02905,1.01807,-0.00386,-0.00959,0.0028,-22.87,37.82,15.55
mag_west,21700,-0.0127,-0.03418,1.01611,-0.00479,-0.01172,0.01012,-22.87,37.82,15.55
mag_west,21701,-0.00952,-0.03247,1.01709,-0.00133,-0.00732,0.00666,-23.47,38.72,16.44
mag_west,21702,-0.01392,-0.02783,1.01538,-0.00306,-0.01252,0.00639,-23.02,38.42,15.1
mag_west,21703,-0.01807,-0.02832,1.01221,-0.00399,-0.00985,0.00852,-23.77,36.93,16.15
mag_west,21704,-0.0127,-0.0271,1.01685,-0.00173,-0.00546,0.00666,-23.77,36.93,16.15
mag_west,21705,-0.01123,-0.02808,1.01953,-0.00599,-0.00799,0.01132,-22.42,38.12,14.8
mag_west,21706,-0.01807,-0.03003,1.01514,-0.00786,-0.01185,0.00506,-22.87,36.63,15.25
mag_west,21707,-0.01514,-0.0332,1.01514,-0.00226,-0.00453,0.01079,-24.67,37.38,16.0
mag_west,21708,-0.01367,-0.02856,1.01538,-0.00027,-0.00706,0.00479,-24.67,37.38,16.0
mag_west,21709,-0.01318,-0.02832,1.01196,-0.00306,-0.00826,0.00866,-22.87,37.08,16.59
mag_west,21710,-0.01538,-0.03271,1.0144,-0.00146,-0.00573,0.00479,-24.07,36.48,16.89
mag_west,21711,-0.01416,-0.0271,1.01758,-0.00919,-0.01531,0.00746,-22.87,39.02,16.3
mag_west,21712,-0.0105,-0.02954,1.0166,-0.00346,-0.01145,0.00759,-24.37,37.38,15.25
mag_west,21713,-0.01733,-0.02515,1.01587,-0.00439,-0.01065,0.00972,-24.37,37.38,15.25
mag_west,21714,-0.01709,-0.03516,1.01489,-0.002,-0.00772,0.00453,-23.47,35.28,16.44
mag_west,21715,-0.0105,-0.02466,1.01123,-0.00386,-0.00719,0.00559,-23.02,37.97,16.15
mag_west,21716,-0.01147,-0.03174,1.01929,-0.00533,-0.00546,0.00972,-22.28,37.23,17.19
mag_west,21717,-0.0127,-0.03247,1.01807,-0.00666,-0.00852,0.00652,-22.28,37.23,17.19
mag_west,21718,-0.01392,-0.02734,1.01514,-0.00373,-0.00759,0.01065,-23.47,37.97,16.15
mag_west,21719,-0.01929,-0.02661,1.01465,-0.00346,-0.01238,0.00999,-22.13,39.32,16.59
mag_west,21720,-0.00732,-0.03198,1.01343,-0.00533,-0.01025,0.00559,-23.02,37.97,15.7
mag_west,21721,-0.01221,-0.03149,1.0166,-0.00586,-0.01025,0.00999,-23.92,37.38,16.59
mag_west,21722,-0.0144,-0.02661,1.01294,-0.00293,-0.01185,0.00786,-22.13,38.57,14.8
mag_west,21723,-0.01221,-0.02905,1.01685,-0.00173,-0.00386,0.00426,-23.62,36.63,17.34
mag_west,21724,-0.01489,-0.03076,1.01001,-0.00346,-0.00626,0.00972,-23.17,37.38,16.3
mag_west,21725,-0.01245,-0.03271,1.01294,-0.00333,-0.00399,0.00666,-23.47,37.23,16.15
mag_west,21726,-0.01392,-0.02954,1.01099,-0.00599,-0.01012,0.00812,-23.47,37.23,16.15
mag_west,21727,-0.01001,-0.02759,1.01685,-0.00373,-0.00852,0.00892,-23.77,37.23,17.19
mag_west,21728,-0.01147,-0.03027,1.01318,-0.00546,-0.00999,0.00533,-23.92,38.12,17.04
mag_west,21729,-0.01733,-0.02783,1.01685,-0.00253,-0.01105,0.00626,-24.37,37.38,17.34
mag_west,21730,-0.01758,-0.0271,1.0127,-0.00546,-0.0032,0.00027,-24.37,37.38,17.34
mag_west,21731,-0.01904,-0.02905,1.01147,-0.00386,-0.01238,0.00746,-22.42,37.38,16.3
mag_west,21732,-0.01001,-0.02905,1.01978,-0.00652,-0.00945,0.00892,-23.47,36.48,16.44
mag_west,21733,-0.01294,-0.02832,1.01416,-0.00626,-0.00892,0.00186,-22.72,38.42,15.7
mag_west,21734,-0.01782,-0.02808,1.0166,-0.00333,-0.00892,0.00226,-23.62,38.57,16.59
mag_west,21735,-0.01392,-0.03198,1.0166,-0.00067,-0.00586,0.00613,-23.62,38.57,16.59
mag_west,21736,-0.01416,-0.0293,1.01318,-0.00519,-0.00626,0.01039,-23.02,37.23,15.1
mag_west,21737,-0.01099,-0.03076,1.01465,0.0004,-0.00652,0.00866,-23.92,38.57,16.59
mag_west,21738,-0.01196,-0.02588,1.021,0.00213,-0.01172,0.00719,-24.07,39.17,16.89
mag_west,21739,-0.01123,-0.02832,1.01685,0.00306,-0.01172,0.00213,-24.07,39.17,16.89
mag_west,21740,-0.0188,-0.02832,1.01416,-0.00253,-0.01052,0.00866,-23.47,36.93,16.89
mag_west,21741,-0.0144,-0.03491,1.01343,0.00053,-0.00985,0.00146,-22.87,39.02,15.55
mag_west,21742,-0.0144,-0.02686,1.0144,-0.00253,-0.00892,0.00493,-23.02,37.23,17.19
mag_west,21743,-0.01367,-0.03125,1.01245,-0.00453,-0.00932,0.00919,-23.02,37.97,17.94
mag_west,21744,-0.01392,-0.0293,1.01465,-0.00386,-0.00679,0.00586,-25.12,37.38,17.34
mag_west,21745,-0.01245,-0.02979,1.01733,0.00107,-0.00519,0.00692,-23.17,38.12,15.55
mag_west,21746,-0.0127,-0.03125,1.0166,-0.0024,-0.00613,0.00027,-22.87,37.08,16.0
mag_west,21747,-0.00659,-0.03247,1.01367,-0.00386,-0.00586,0.01039,-21.98,38.42,15.7
mag_west,21748,-0.01709,-0.03101,1.01538,-0.00253,-0.00652,0.00786,-21.98,38.42,15.7
mag_west,21749,-0.01294,-0.02588,1.01587,-0.00599,-0.00959,0.00466,-22.28,38.42,16.44
mag_west,21750,-0.01099,-0.02563,1.0105,-0.00439,-0.00586,0.00439,-23.47,37.97,15.4
mag_west,21751,-0.01831,-0.02563,1.01294,-0.00666,-0.00799,0.00746,-23.02,37.67,15.4
mag_west,21752,-0.00732,-0.03223,1.01245,-0.0016,-0.00892,0.00067,-23.02,37.67,15.4
mag_west,21753,-0.0144,-0.02905,1.01978,0.00093,-0.00639,0.00972,-23.17,38.12,16.59
mag_west,21754,-0.01001,-0.02905,1.0105,-0.00639,-0.00852,0.00599,-21.98,38.72,15.7
mag_west,21755,-0.01099,-0.02686,1.01636,-0.00333,-0.01265,0.00453,-22.87,35.88,17.04
mag_west,21756,-0.0127,-0.03369,1.0105,0.00186,-0.00626,0.0032,-23.02,37.67,17.19
mag_west,21757,-0.00586,-0.02588,1.01489,-0.00133,-0.00626,0.00652,-23.02,37.67,17.19
mag_west,21758,-0.01929,-0.02808,1.01538,-0.00133,-0.00519,0.00439,-24.07,38.42,16.44
mag_west,21759,-0.01538,-0.03369,1.01636,-0.0008,-0.00306,0.00466,-23.02,38.72,17.49
mag_west,21760,-0.00537,-0.02539,1.01392,-0.0032,-0.01198,0.00413,-22.72,37.23,17.49
mag_west,21761,-0.01611,-0.0249,1.01318,-0.00067,-0.00426,0.00692,-22.72,37.23,17.49
mag_west,21762,-0.00854,-0.02515,1.01001,-0.00639,-0.01158,0.00786,-23.62,39.32,17.34
mag_west,21763,-0.01563,-0.02881,1.01392,-0.00666,-0.00479,0.00346,-23.02,37.97,16.44
mag_west,21764,-0.01538,-0.02686,1.01489,-0.0012,-0.00759,0.00093,-22.87,37.38,15.25
mag_west,21765,-0.0144,-0.0293,1.01782,-0.00439,-0.00386,0.00812,-22.42,39.02,16.0
mag_west,21766,-0.01465,-0.03101,1.01245,-0.00453,-0.00905,0.00666,-22.72,37.67,16.15
mag_west,21767,-0.0105,-0.02637,1.0166,-0.00599,-0.01451,0.00719,-23.77,38.72,15.4
mag_west,21768,-0.01929,-0.03198,1.0127,-0.0036,-0.01145,0.00732,-23.02,37.23,16.15
mag_west,21769,-0.01001,-0.03101,1.01294,0.0032,-0.00905,0.00213,-23.62,38.57,15.25
mag_west,21770,-0.01099,-0.02686,1.0105,-0.00573,-0.00706,0.00692,-23.62,38.57,15.25
mag_west,21771,-0.01831,-0.0271,1.01904,-0.00067,-0.00905,0.00679,-23.77,38.72,16.15
mag_west,21772,-0.01367,-0.02686,1.01392,0.00053,-0.00985,0.00586,-22.13,39.32,15.55
mag_west,21773,-0.01196,-0.0249,1.01709,-0.00546,-0.00945,0.00399,-22.87,36.63,15.55
mag_west,21774,-0.00903,-0.02954,1.01294,0.00013,-0.01052,0.00719,-22.87,36.63,15.55
mag_west,21775,-0.01465,-0.03467,1.01831,-0.00399,-0.00985,0.01065,-23.92,37.08,17.04
mag_west,21776,-0.00977,-0.03149,1.01514,-0.00186,-0.00546,0.00719,-22.87,39.32,15.55
mag_west,21777,-0.01611,-0.02637,1.01172,-0.0032,-0.01198,0.00919,-22.28,37.23,17.19
mag_west,21778,-0.01782,-0.02808,1.01831,-0.00226,-0.00839,0.00892,-22.28,38.42,16.89
mag_west,21779,-0.01343,-0.02856,1.01392,-0.00266,-0.0036,0.00146,-22.28,38.42,16.89
mag_west,21780,-0.01538,-0.02637,1.0127,0.00027,-0.00599,0.00306,-22.13,37.82,18.09
mag_west,21781,-0.0127,-0.02832,1.0127,-0.0032,-0.00892,0.00546,-24.37,36.33,18.09
mag_west,21782,-0.01514,-0.03003,1.01172,-0.002,-0.00759,0.00652,-23.77,36.48,15.7
mag_west,21783,-0.01392,-0.02637,1.01367,-0.0036,-0.01065,0.00506,-23.77,36.48,15.7
mag_west,21784,-0.01099,-0.03174,1.0166,-0.00253,-0.00799,0.00905,-22.87,37.08,15.55
mag_west,21785,-0.0144,-0.02759,1.01343,0.00053,-0.00759,0.00786,-23.02,38.72,16.44
mag_west,21786,-0.01489,-0.0293,1.01636,-0.0016,-0.01079,0.00213,-23.02,38.42,15.1
mag_west,21787,-0.01074,-0.02734,1.01636,-0.00399,-0.00706,0.0024,-22.28,36.03,15.4
mag_west,21788,-0.01392,-0.03296,1.0188,-0.00107,-0.00772,0.00373,-22.42,38.57,17.34
mag_west,21789,-0.01123,-0.03076,1.01733,-0.00226,-0.01065,0.00812,-23.02,37.23,16.89
mag_west,21790,-0.02148,-0.02344,1.0144,-0.00639,-0.00919,0.00812,-23.47,37.67,16.44
mag_west,21791,-0.00928,-0.03223,1.01538,-0.0004,-0.01119,0.00985,-22.42,37.82,17.79
mag_west,21792,-0.02075,-0.02832,1.01733,-0.00546,-0.01119,0.00586,-22.42,37.82,17.79
mag_west,21793,-0.01343,-0.02856,1.01587,-0.00639,-0.00852,0.00999,-23.92,36.63,15.55
mag_west,21794,-0.01123,-0.02686,1.01538,-0.00439,-0.00706,0.00759,-23.62,37.38,16.0
mag_west,21795,-0.01367,-0.02319,1.01294,-0.00639,-0.01238,0.00346,-23.47,38.72,15.7
mag_west,21796,-0.01196,-0.03052,1.01367,0.0004,-0.01145,0.00786,-23.47,38.72,15.7
mag_west,21797,-0.01147,-0.02368,1.01343,-0.00107,-0.01225,0.00706,-22.13,37.38,16.59
mag_west,21798,-0.01782,-0.02832,1.01978,-0.00186,-0.00613,0.00759,-22.72,37.97,15.7
mag_west,21799,-0.01196,-0.03149,1.01074,-0.00573,-0.00852,0.00999,-21.53,38.72,16.89
mag_west,21800,-0.01587,-0.03003,1.01636,-0.00093,-0.00799,0.00852,-24.07,38.42,17.19
mag_west,21801,-0.0105,-0.03149,1.0127,-0.00533,-0.00546,0.00439,-24.07,38.42,17.19
mag_west,21802,-0.0105,-0.03052,1.01685,-0.00626,-0.00812,0.0028,-23.77,38.72,16.89
mag_west,21803,-0.01367,-0.02905,1.01563,-0.00253,-0.01052,0.00466,-24.52,37.97,16.15
mag_west,21804,-0.0127,-0.03003,1.0144,-0.00386,-0.01039,0.00213,-23.17,38.57,16.59
mag_west,21805,-0.00537,-0.02881,1.01367,-0.00493,-0.00905,0.00732,-23.17,38.57,16.59
mag_west,21806,-0.0144,-0.0293,1.01294,-0.00226,-0.00479,0.00852,-22.72,37.23,17.49
mag_west,21807,-0.01392,-0.02783,1.0166,-0.002,-0.00919,0.00919,-23.77,38.42,16.15
mag_west,21808,-0.01196,-0.02832,1.01123,-0.00479,-0.00959,0.00719,-23.47,38.72,15.4
mag_west,21809,-0.01318,-0.03101,1.01465,-0.00546,-0.00519,0.00613,-23.47,38.72,15.4
mag_west,21810,-0.01294,-0.0271,1.01147,-0.00213,-0.00719,0.00599,-22.72,37.97,16.15
mag_west,21811,-0.01343,-0.03027,1.01514,-0.00146,-0.00932,0.00972,-23.17,37.08,17.04
mag_west,21812,-0.01514,-0.03076,1.01587,0.00173,-0.00852,0.00346,-22.28,39.17,16.44
mag_west,21813,-0.01538,-0.03027,1.01416,-0.00373,-0.00067,-0.002,-22.87,37.38,17.04
mag_west,21814,-0.01416,-0.02905,1.01538,-0.00226,-0.01345,0.00812,-22.87,37.38,17.04
mag_west,21815,-0.01172,-0.03198,1.01636,-0.00613,-0.00799,0.00666,-24.07,37.23,17.19
mag_west,21816,-0.01563,-0.02808,1.01831,-0.00479,-0.01398,0.0028,-22.42,37.38,17.04
mag_west,21817,-0.01587,-0.03247,1.01514,-0.0016,-0.00826,0.00826,-23.77,37.67,16.15
mag_west,21818,-0.01611,-0.03052,1.01782,0.0028,-0.00706,0.00599,-23.77,37.67,16.15
mag_west,21819,-0.01294,-0.03223,1.01367,-0.00559,-0.01105,0.0028,-22.42,39.02,17.04
mag_west,21820,-0.01636,-0.03223,1.01074,0.0,-0.00226,0.00679,-22.72,37.97,16.44
mag_west,21821,-0.01318,-0.03149,1.01514,-0.00533,-0.00453,0.00905,-22.28,36.93,16.89
mag_west,21822,-0.0127,-0.03027,1.01685,-0.00027,-0.00732,0.00333,-22.13,38.57,16.0
mag_west,21823,-0.01563,-0.02661,1.00684,-0.0036,-0.00466,0.00027,-22.13,38.57,16.0
mag_west,21824,-0.01563,-0.03442,1.01563,-0.00386,-0.00999,0.00399,-23.92,39.32,15.55
mag_west,21825,-0.01196,-0.02637,1.01685,-0.00732,-0.00652,0.00626,-22.87,36.63,16.0
mag_west,21826,-0.01465,-0.02759,1.01855,-0.00386,-0.00826,0.00839,-24.07,36.48,16.89
mag_west,21827,-0.00977,-0.02734,1.01782,-0.01265,-0.00692,0.00253,-24.07,36.48,16.89
mag_west,21828,-0.01807,-0.02759,1.0188,-0.00559,-0.00573,0.00746,-22.72,39.47,16.44
mag_west,21829,-0.01221,-0.0271,1.01587,-0.00386,-0.00866,0.01478,-22.87,37.38,16.59
mag_west,21830,-0.01782,-0.03149,1.01807,-0.00759,-0.00732,0.00533,-24.82,37.97,16.44
mag_west,21831,-0.01221,-0.02881,1.0166,0.00027,-0.01092,0.00945,-24.82,37.97,16.44
mag_west,21832,-0.01294,-0.02881,1.01807,-0.0032,-0.00559,0.00559,-23.62,37.82,16.59
mag_west,21833,-0.01196,-0.03003,1.01099,-0.00639,-0.00493,0.00439,-23.77,37.67,15.4
mag_west,21834,-0.01099,-0.02783,1.0166,-0.00067,-0.00826,0.00213,-22.42,37.08,16.3
