1104,0.00024,-0.01514,1.00977,-0.00107,-0.00826,0.00559,12.41,-38.72,61.15
1105,-0.00146,-0.01465,1.01172,-0.00173,-0.01252,0.00373,13.31,-39.32,59.80
1106,-0.00659,-0.01782,1.01367,-0.00067,-0.01278,0.00479,13.31,-38.12,60.85
1107,-0.00464,-0.00049,1.01758,-0.00599,-0.00240,0.52078,-21.68,-33.94,60.55
1108,-0.00439,-0.01440,1.01660,-0.00706,-0.00373,0.39228,-23.17,-34.83,60.55
1109,-0.04102,0.00024,1.01782,-0.00759,0.00213,0.42184,-22.42,-34.83,60.85
1110,-0.00903,-0.01733,1.01392,0.00333,-0.00826,0.29268,-21.38,-35.13,61.29
1111,-0.01147,-0.01416,1.01245,-0.00293,-0.00439,0.41878,-21.38,-35.13,61.29
1112,-0.04175,0.01099,1.01733,-0.00133,-0.00985,0.50640,-22.28,-35.28,59.65
1113,-0.00659,-0.01367,1.01294,0.00479,-0.00067,0.44275,-23.02,-34.98,61.74
1114,0.00415,-0.02271,1.01660,0.00000,-0.00320,0.51612,-20.63,-36.33,59.80
1115,0.01465,-0.03198,1.01709,-0.00373,-0.00719,0.60294,-20.63,-36.33,59.80
1116,-0.00366,-0.00659,1.01514,-0.00200,0.00013,0.59961,-21.68,-35.88,62.34
1117,-0.01904,-0.00244,1.01343,-0.00652,0.00053,0.57032,-21.23,-35.73,60.70
1118,-0.00562,-0.00732,1.01831,0.00213,-0.00386,0.51106,-20.33,-35.13,59.05
1119,-0.01953,-0.00977,1.01147,-0.00706,-0.00439,0.40493,-18.99,-36.93,60.70
1120,0.00293,-0.01074,1.01465,-0.00479,0.00346,0.34381,-18.99,-36.93,60.70
1121,0.00439,-0.02539,1.01514,-0.00413,-0.00413,0.28829,-20.48,-36.93,59.65
1122,-0.00195,-0.01807,1.01611,-0.00266,-0.00200,0.28789,-20.33,-37.38,61.29
1123,0.01514,-0.02417,1.01636,0.00786,-0.00599,0.40706,-21.08,-36.33,61.59
1124,-0.00903,-0.01416,1.01953,0.00652,-0.00826,0.46832,-21.08,-36.33,61.59
1125,0.01611,-0.04199,1.01392,-0.00386,-0.01278,0.55846,-18.99,-36.48,61.15
1126,-0.02148,-0.01440,1.01440,0.00107,-0.01132,0.64089,-19.88,-35.88,60.55
1127,0.01001,-0.04639,1.01563,-0.01451,0.00146,0.72997,-19.58,-37.82,60.25
1128,-0.02222,0.02490,1.01563,-0.00506,-0.00213,0.69975,-19.58,-37.82,60.25
1129,-0.02026,0.00537,1.00854,-0.00320,-0.00293,0.65061,-19.58,-37.82,60.25
1130,-0.08887,0.03979,1.01221,-0.00320,-0.00280,0.49482,-19.58,-37.08,60.55
1131,-0.00781,-0.01270,1.01709,0.00053,-0.00985,0.43916,-18.09,-37.08,60.85
1132,-0.06250,0.02563,1.01514,-0.00639,0.00053,0.50866,-17.64,-37.82,60.55
1133,0.00269,-0.01855,1.01514,-0.00107,-0.00253,0.51652,-17.64,-37.82,60.55
1134,0.00562,-0.02148,1.01123,-0.00027,-0.00892,0.44435,-18.84,-37.82,60.55
1135,-0.01587,-0.00049,1.01880,-0.00133,-0.00146,0.57831,-17.64,-37.08,60.85
1136,0.01001,-0.01904,1.01587,-0.00506,-0.00666,0.67431,-18.09,-37.82,61.59
1137,-0.01074,-0.00659,1.01538,-0.00320,-0.00013,0.64395,-18.09,-37.82,61.59
1138,0.03906,-0.05200,1.01563,-0.00999,0.00027,0.53556,-17.34,-37.38,60.25
1139,0.01270,-0.02637,1.01563,-0.00866,-0.00120,0.56446,-17.34,-38.12,60.55
1140,-0.04639,0.01367,1.01099,-0.00772,-0.00226,0.46139,-16.30,-38.57,60.25
1141,0.02026,-0.01904,1.01416,-0.00293,-0.00759,0.42770,-17.64,-39.02,60.85
1142,-0.05908,0.01074,1.02051,0.00053,-0.00626,0.37990,-17.64,-39.02,60.85
1143,-0.03760,-0.00024,1.01245,0.00306,-0.00439,0.37444,-16.44,-38.42,61.44
1144,-0.01099,-0.00830,1.01221,0.00466,-0.00293,0.35180,-15.70,-38.42,60.70
1145,-0.01001,-0.01758,1.01465,0.00533,-0.00346,0.43796,-15.85,-38.57,62.04
1146,0.01782,-0.03369,1.01636,-0.00519,-0.00639,0.52850,-15.85,-38.57,62.04
1147,0.00684,-0.00879,1.01660,0.00613,-0.00413,0.58163,-16.44,-38.42,60.40
1148,0.04297,-0.04932,1.00977,0.00226,0.00040,0.62504,-14.05,-39.77,60.55
1149,0.02954,-0.02344,1.01489,0.00000,-0.00812,0.48150,-15.55,-39.32,59.80
1150,0.02856,-0.03076,1.01221,-0.00200,-0.00040,0.44142,-14.05,-39.02,60.85
1151,-0.01855,-0.00806,1.02002,-0.00679,-0.00253,0.40387,-14.05,-39.02,60.85
1152,0.00342,-0.01318,1.01294,-0.00253,-0.00226,0.28309,-14.05,-37.82,60.85
1153,-0.02930,0.00928,1.01611,0.00306,-0.00466,0.25766,-14.80,-38.12,61.29
1154,-0.00830,-0.00562,1.00928,0.00306,-0.00666,0.23303,-14.80,-39.02,60.85
1155,-0.02148,-0.00903,1.01489,0.00652,-0.00826,0.21225,-14.35,-39.32,61.59
1156,0.00146,-0.02759,1.01880,0.00293,-0.00320,0.17976,-14.35,-39.32,61.59
1157,0.01465,-0.03320,1.01709,0.00373,-0.01185,0.25114,-15.10,-37.82,62.04
1158,0.06128,-0.06128,1.01343,0.00546,-0.01092,0.29947,-14.65,-38.72,59.95
1159,-0.02441,0.00854,1.01660,-0.00226,-0.00293,0.40959,-13.60,-38.12,60.85
1160,0.02246,-0.02222,1.01318,0.00080,-0.00852,0.39654,-13.60,-38.12,60.85
1161,-0.08691,0.04321,1.01221,-0.00160,-0.00133,0.36286,-13.01,-39.77,61.29
1162,-0.05054,0.04224,1.01440,-0.00173,0.00213,0.29415,-15.10,-41.26,60.85
1163,0.04248,-0.03174,1.02148,-0.00160,-0.00293,0.40294,-14.20,-38.72,60.70
1164,-0.01392,-0.00439,1.02051,-0.00253,0.00107,0.55846,-13.16,-38.72,59.65
1165,-0.01709,0.00146,1.02173,-0.00439,-0.00160,0.54382,-13.16,-38.72,59.65
1166,-0.00317,-0.00659,1.01489,-0.00533,0.00040,0.56566,-13.60,-39.32,60.85
1167,-0.00513,-0.00098,1.01245,0.00240,-0.00240,0.57418,-14.05,-39.32,60.55
1168,-0.01831,-0.00586,1.01318,-0.00093,-0.00027,0.52664,-13.01,-39.02,60.85
1169,0.00488,-0.00659,1.01392,0.00133,-0.00173,0.44901,-13.01,-39.02,60.85
1170,-0.01221,-0.01270,1.01685,-0.00413,-0.00905,0.35034,-12.41,-39.92,60.40
1171,-0.03662,-0.01343,1.01343,-0.00759,-0.00573,0.25420,-12.71,-37.97,60.40
1172,-0.02344,-0.00830,1.01587,-0.00679,-0.00413,0.21598,-11.96,-40.22,62.49
1173,-0.01465,-0.00806,1.01367,-0.00200,-0.00852,0.19028,-12.41,-38.72,60.40
1174,-0.01367,-0.00952,1.01489,0.00373,-0.01212,0.10506,-12.41,-38.72,60.40
1175,0.00317,-0.00415,1.00610,0.04248,-0.01744,0.02357,-11.36,-39.92,61.15
1176,-0.00781,-0.01245,1.01343,-0.00839,-0.00466,0.02077,-12.56,-39.32,61.59
1177,0.00708,-0.00806,1.01196,0.00146,-0.00320,0.05007,-12.56,-40.07,61.59
1178,-0.01221,-0.00659,1.02051,-0.00506,-0.00320,0.06392,-12.56,-40.07,61.59
1179,-0.01270,-0.01123,1.01685,-0.00266,-0.00133,0.04900,-12.71,-39.17,61.15
1180,0.00024,-0.00732,1.00781,-0.00240,-0.00479,0.04661,-12.26,-39.77,59.80
1181,0.00269,-0.00928,1.00977,0.00067,-0.00799,0.09028,-13.01,-38.12,61.29
1182,-0.00952,-0.00195,1.01172,0.00333,-0.00879,0.16458,-10.17,-39.92,60.40
1183,-0.01782,-0.01001,1.01123,0.00426,-0.01358,0.13116,-10.17,-39.92,60.40
1184,-0.01343,-0.01025,1.01440,0.00679,-0.01305,0.16445,-13.16,-38.72,59.95
1185,-0.00171,-0.00806,1.01099,0.00879,-0.01518,0.22051,-12.71,-39.92,59.95
1186,-0.00684,-0.01465,1.01367,0.00280,-0.01092,0.24514,-11.81,-40.07,60.85
1187,0.00342,-0.00659,1.01392,0.00812,-0.00639,0.40826,-11.96,-39.47,60.40
1188,0.00342,-0.00439,1.01489,0.01092,-0.00892,0.37244,-11.96,-39.47,60.40
1189,0.00635,-0.00342,1.01440,0.00439,-0.00426,0.37537,-11.36,-41.11,59.35
1190,-0.01099,-0.00806,1.01367,0.00905,-0.00213,0.39575,-11.36,-39.92,60.70
1191,-0.03003,0.00073,1.01221,0.00386,-0.00373,0.30946,-12.41,-39.47,61.15
1192,-0.01782,-0.00708,1.01416,0.00692,-0.00892,0.20440,-12.41,-39.47,61.15
1193,-0.01099,-0.00952,1.01099,0.00120,-0.00439,0.15393,-11.06,-40.07,60.55
1194,-0.01074,-0.00952,1.01440,-0.00107,-0.00599,0.07310,-11.36,-40.22,61.44
1195,-0.00244,-0.01318,1.01538,0.00080,-0.00786,0.04541,-10.61,-39.92,60.40
1196,-0.00415,-0.01343,1.01685,0.00666,-0.01025,0.06272,-10.76,-38.12,59.80
1197,-0.00171,-0.01831,1.01538,0.00000,-0.00746,0.14128,-10.76,-38.12,59.80
1198,-0.01636,-0.01294,1.01514,-0.00133,-0.00546,0.21438,-11.81,-38.57,60.55
1199,-0.00928,-0.00195,1.01270,0.00213,-0.00413,0.18323,-10.32,-38.12,61.29
1200,-0.01025,-0.00659,1.01685,-0.00666,-0.00559,0.23063,-10.91,-40.22,59.95
1201,-0.01147,-0.01343,1.01611,-0.00839,-0.00439,0.27151,-10.91,-40.22,59.95
1202,-0.00293,-0.01685,1.01929,-0.00506,-0.00320,0.26592,-10.32,-39.02,60.25
1203,-0.00781,-0.01782,1.01563,-0.01252,0.00027,0.31692,-8.67,-39.92,60.40
1204,-0.01367,-0.00928,1.01270,-0.00160,-0.00320,0.22091,-11.36,-40.22,61.15
1205,-0.00684,-0.01221,1.01294,-0.00067,-0.00892,0.22570,-10.76,-40.07,60.55
1206,-0.00391,-0.01709,1.01294,-0.00213,-0.00972,0.20853,-10.76,-40.07,60.55
1207,-0.00537,-0.00415,1.02075,-0.00772,-0.01039,0.19561,-10.32,-39.32,60.25
1208,-0.00903,-0.01245,1.01685,-0.00360,-0.00599,0.13183,-9.12,-40.66,59.95
1209,-0.00049,-0.00635,1.01392,-0.00426,-0.00666,0.11944,-10.17,-40.22,61.15
1210,-0.00781,-0.01636,1.01660,-0.00719,-0.00413,0.13609,-10.17,-40.22,61.15
1211,0.00195,-0.02295,1.01758,-0.00293,-0.01305,0.15673,-10.76,-39.32,60.25
1212,-0.00293,-0.01318,1.01709,0.00320,-0.01012,0.12770,-10.76,-40.51,59.80
1213,-0.00903,-0.01733,1.01831,0.01358,-0.00959,0.25766,-10.61,-40.66,60.70
1214,-0.00830,-0.02295,1.01855,0.00999,-0.01012,0.27590,-7.92,-40.66,59.65
1215,-0.00293,-0.00781,1.01685,-0.00293,-0.00879,0.26419,-7.92,-40.66,59.65
1216,-0.00415,-0.00024,1.01440,-0.00586,-0.00972,0.16006,-9.87,-40.22,61.15
1217,-0.00488,-0.00562,1.01123,-0.00546,-0.00426,0.08682,-9.72,-41.26,60.85
1218,-0.00610,-0.00928,1.01001,-0.00772,-0.00652,0.03369,-9.72,-39.77,61.29
1219,-0.01367,-0.01172,1.01904,-0.00799,-0.00666,0.08296,-9.72,-40.51,59.05
1220,-0.00391,-0.01270,1.01074,-0.00173,-0.00040,0.16192,-9.72,-40.51,59.05
1221,-0.01025,-0.01440,1.01318,-0.00413,-0.00386,0.18016,-8.67,-39.92,60.40
1222,-0.00977,-0.02954,1.01221,0.00386,-0.00826,0.27377,-8.22,-41.26,60.85
1223,-0.01245,-0.01660,1.01392,0.00080,-0.01079,0.37790,-9.42,-40.66,61.44
1224,-0.00293,0.00757,1.01685,0.00226,-0.00679,0.41945,-9.42,-40.66,61.44
1225,-0.00317,-0.00879,1.01538,-0.00040,-0.00759,0.30453,-8.97,-40.81,60.85
1226,-0.01367,-0.00952,1.00684,0.00559,-0.00666,0.33503,-7.62,-40.22,61.44
1227,-0.00415,-0.01440,1.01660,0.00226,-0.00559,0.29601,-9.87,-40.22,60.40
1228,-0.01221,-0.02881,1.01294,0.00599,-0.00493,0.31772,-8.97,-39.77,60.85
1229,0.00000,-0.03467,1.02026,0.00866,-0.00479,0.38256,-8.97,-39.77,60.85
1230,-0.01172,-0.06616,1.01685,-0.00479,-0.00506,0.44142,-7.92,-41.41,61.15
1231,-0.01221,0.01636,1.01025,-0.00639,-0.00905,0.57551,-7.62,-41.41,62.94
1232,-0.00439,-0.01855,1.01611,-0.00373,0.00200,0.60041,-9.12,-39.92,60.70
1233,0.00146,-0.00928,1.01392,-0.00573,0.00173,0.60108,-9.12,-39.92,60.70
1234,-0.01221,0.00757,1.01489,-0.00226,-0.00306,0.58177,-6.58,-41.86,61.15
1235,-0.01563,-0.03613,1.01514,-0.00107,-0.00266,0.62757,-6.88,-40.66,60.40
1236,0.00244,-0.00366,1.01367,-0.00186,-0.00399,0.62531,-7.33,-41.11,60.70
1237,-0.00635,-0.01001,1.01245,0.00000,-0.00146,0.55474,-7.77,-41.26,59.50
1238,-0.01904,0.00366,1.00928,-0.00559,-0.00626,0.53050,-7.77,-41.26,59.50
1239,-0.00610,-0.01733,1.01172,0.00626,-0.00013,0.57032,-6.88,-39.92,59.95
1240,-0.00269,-0.01270,1.01294,-0.00506,-0.00599,0.62664,-4.93,-40.07,60.85
1241,0.61694,0.17041,1.33521,0.02197,-0.00546,0.68443,-5.98,-39.32,60.55
1242,-0.15771,-0.15137,1.02759,0.11318,-0.03182,-0.15500,-5.98,-40.81,61.29
1243,0.01172,0.03931,1.03931,-0.20906,0.04248,0.85408,-5.98,-40.81,61.29
1244,0.01025,-0.01733,1.02319,0.01132,-0.00719,0.91639,-6.13,-40.22,59.65
1245,0.00098,0.06763,1.00366,0.01944,0.00266,0.58523,-4.93,-40.81,60.55
1246,-0.00391,0.03296,1.01270,-0.03156,0.00639,0.36219,-4.93,-38.57,60.85
1247,-0.00244,-0.00610,1.02075,-0.06152,0.00546,0.29388,-4.93,-38.57,60.85
1248,0.00464,0.00464,1.01440,-0.03129,0.00027,0.08336,-4.49,-40.07,60.25
1249,-0.00293,-0.01196,1.01416,-0.02037,-0.00160,0.00626,-4.93,-42.01,60.85
1250,-0.00781,-0.01050,1.01392,-0.01411,-0.00213,0.00186,-4.19,-40.51,60.85
1251,-0.00732,-0.01416,1.01929,-0.00652,-0.00732,0.00706,-4.34,-40.66,60.70
1252,-0.01416,-0.02051,1.01343,0.00266,-0.00732,0.01784,-4.34,-40.66,60.70
1253,0.02881,-0.10889,1.01782,-0.00200,-0.01305,0.25300,-4.49,-40.81,61.29
1254,-0.00146,-0.04150,1.01221,-0.00146,-0.00533,0.34501,-4.63,-41.11,58.60
1255,-0.00659,-0.00732,1.02026,-0.00320,-0.00546,0.38030,-3.29,-41.41,60.40
1256,-0.01367,0.00220,1.01440,0.00173,-0.00107,0.45647,-3.29,-41.41,60.40
1257,-0.01807,-0.01611,1.01978,0.00186,-0.00639,0.40933,-3.89,-41.11,58.90
1258,-0.00586,-0.03735,1.01758,-0.00360,-0.00533,0.45127,-3.89,-41.41,61.15
1259,-0.00562,-0.00635,1.01440,0.00493,-0.00173,0.46259,-5.08,-40.66,59.35
1260,0.00708,-0.03540,1.01538,-0.02144,-0.01198,0.63756,-3.89,-41.86,59.65
1261,-0.03784,0.02344,1.01196,0.00280,-0.00919,0.59109,-3.89,-41.86,59.65
1262,0.00562,-0.03809,1.02148,0.01238,-0.01704,0.66539,-2.54,-41.11,59.95
1263,0.03564,-0.01367,1.01660,0.02623,-0.01864,0.76379,-1.64,-42.31,60.55
1264,-0.01172,0.01172,1.01929,0.08096,-0.02637,0.73796,-2.24,-41.56,61.59
1265,0.03809,-0.03784,1.01440,0.06432,-0.02117,0.73796,-2.24,-41.56,61.59
1266,0.00464,0.01855,1.01440,0.03049,-0.01997,0.82025,-2.69,-41.26,59.05
1267,-0.03979,0.02881,1.01904,0.04687,-0.01132,0.75993,-1.64,-40.51,59.80
1268,0.00415,-0.02588,1.01855,0.09308,-0.03063,0.66313,-1.05,-40.66,58.60
1269,0.00000,0.00024,1.02344,0.04820,-0.02810,0.78017,-1.05,-41.41,60.70
1270,-0.02100,0.00000,1.01196,0.05553,-0.01398,0.78563,-1.05,-41.41,60.70
1271,0.00049,-0.02393,0.99976,0.05992,-0.01332,0.70547,-1.05,-39.17,61.44
1272,-0.00732,-0.00024,1.02075,0.06325,-0.02530,0.63357,0.15,-41.56,59.50
1273,-0.03516,0.00049,1.01147,0.04514,-0.00386,0.61506,-0.15,-40.81,59.80
1274,-0.02612,0.02271,1.00903,0.04155,-0.03129,0.62451,-0.15,-40.81,59.80
1275,-0.04907,-0.01221,0.99683,0.07563,-0.01518,0.46592,0.45,-42.76,59.80
1276,0.01074,-0.01733,1.02026,-0.06418,0.06298,0.65780,-0.30,-41.11,59.95
1277,0.03491,-0.04858,0.99951,-0.06804,0.14141,1.03490,-0.60,-40.66,59.95
1278,0.30811,-0.12109,1.03149,0.03768,0.00213,1.18005,0.90,-41.56,60.55
1279,0.01978,-0.00024,0.98389,-0.05220,0.03143,1.36740,0.90,-41.56,60.55
1280,0.07959,-0.07202,1.00464,-0.06285,-0.02477,1.56168,2.54,-40.66,59.95
1281,-0.02051,0.03735,1.03784,0.00386,-0.11385,1.88552,1.64,-39.32,60.55
1282,-0.00928,-0.05103,1.03809,-0.13289,0.10413,1.74144,3.44,-41.26,60.55
1283,0.00415,0.08228,0.93604,-0.02716,-0.17324,1.94837,2.84,-41.86,60.70
1284,0.07007,-0.05908,1.03369,0.02969,0.01172,2.09364,2.84,-41.86,60.70
1285,0.09351,-0.17041,1.04663,0.07883,0.02583,2.21855,4.93,-40.07,61.29
1286,-0.01758,0.06494,1.01904,-0.10253,0.14488,2.42960,4.34,-40.22,60.40
1287,-0.05029,0.03101,1.00024,-0.07577,0.06272,2.19724,5.68,-40.07,60.25
1288,-0.01099,-0.03735,1.01196,-0.22903,0.10160,2.01015,5.68,-40.07,60.25
1289,-0.04053,-0.05591,0.99268,-0.03143,0.03422,1.76328,7.33,-39.92,59.65
1290,-0.05444,0.00903,1.05591,0.00692,0.02091,1.68671,9.12,-40.22,59.65
1291,-0.03223,0.09448,0.99292,-0.18269,0.39455,1.56141,9.72,-39.77,60.25
1292,-0.07495,0.01733,1.05664,0.05952,-0.09774,1.17339,11.36,-39.17,60.70
1293,-0.10352,-0.00977,1.03784,0.04807,-0.05593,0.92438,11.36,-39.17,60.70
1294,-0.03247,0.14502,1.06055,0.03822,-0.11492,0.60707,11.36,-38.72,60.70
1295,-0.00464,0.02612,1.05005,0.02796,-0.21039,0.38097,11.51,-39.02,59.80
1296,-0.08813,-0.02686,1.04077,0.05752,-0.13209,0.29428,11.66,-40.22,60.40
1297,0.01099,0.00586,1.01587,0.02037,-0.03316,0.05739,11.66,-40.22,60.40
1298,0.03467,-0.01050,1.01270,-0.00506,-0.01478,-0.00852,12.26,-39.32,60.55
1299,-0.03247,-0.00342,1.01440,0.01518,-0.04288,0.00453,11.66,-39.17,59.65
1300,0.00342,-0.04736,1.00830,-0.02637,0.02317,-0.01798,11.81,-39.32,61.59
1301,-0.00464,-0.00757,1.01685,-0.00599,0.00306,-0.02823,12.26,-39.77,62.04
1302,0.11719,-0.11206,0.98608,-0.04168,0.05167,-0.04141,12.26,-39.77,62.04
1303,-0.02393,-0.03247,1.00488,-0.00080,-0.02264,0.00093,12.41,-38.42,60.70
1304,0.01270,0.02759,1.01685,0.00639,-0.03742,0.05433,10.61,-38.42,61.15
1305,-0.01733,-0.06299,1.00806,-0.02024,-0.05593,0.03143,11.96,-38.72,61.15
1306,0.00220,-0.01709,1.02075,-0.01864,-0.07377,0.00053,11.81,-38.12,60.85
1307,0.01636,-0.01440,1.01978,-0.01172,-0.11465,0.04474,11.81,-38.12,60.85
1308,0.03027,-0.02319,1.00879,-0.00613,0.15034,0.16285,12.56,-39.32,59.80
1309,-0.04492,0.01074,1.02271,-0.00107,-0.08269,0.00692,11.96,-39.92,60.40
1310,0.04102,-0.02783,1.01538,-0.00533,-0.03396,0.10639,12.26,-39.32,60.55
1311,0.00635,-0.04663,1.00610,-0.00386,-0.04980,0.05766,12.26,-39.32,60.55
1312,-0.01123,-0.01416,1.01245,-0.00173,0.16552,0.21532,11.36,-38.72,59.65
1313,-0.00781,-0.00024,1.01978,-0.00240,-0.00626,0.18629,11.96,-39.17,59.65
1314,0.00610,-0.01099,1.01392,-0.00293,-0.07710,0.06432,12.26,-37.82,60.55
1315,0.00195,-0.02783,1.01636,-0.01052,-0.05180,0.03875,12.41,-38.72,59.35
1316,0.00806,-0.00977,1.01514,-0.01092,-0.04541,0.03702,12.41,-38.72,59.35
1317,0.01196,-0.01416,1.01538,-0.00080,-0.02850,0.02250,11.66,-38.72,59.35
1318,0.02368,0.01270,1.00977,-0.00186,0.22171,0.10493,12.56,-37.82,60.55
1319,-0.01440,-0.01758,1.01025,0.00080,0.05060,0.07976,13.16,-39.47,61.15
1320,-0.01563,-0.01587,1.01172,-0.01305,-0.05206,0.01891,13.16,-39.47,61.15
1321,0.00684,-0.01733,1.01440,-0.01465,-0.06511,0.02344,11.96,-39.47,59.35
1322,0.04028,-0.02710,1.01196,0.00466,0.04021,0.07470,11.06,-38.12,59.50
1323,-0.02051,-0.02979,1.01172,-0.00613,0.09707,0.07577,12.56,-38.57,60.25
1324,-0.01587,0.01147,1.01904,-0.01398,-0.03742,0.03529,12.26,-38.12,59.50
1325,0.01099,-0.01807,1.01074,-0.00573,-0.02969,0.04447,12.26,-38.12,59.50
1326,0.03174,-0.00879,1.00684,0.00093,-0.05300,0.06884,11.66,-38.42,59.65
1327,-0.22192,0.00928,0.95752,-0.09907,0.30879,0.20679,12.71,-39.17,61.15
1328,0.00928,-0.00122,1.01099,-0.01491,0.01039,0.04408,12.41,-38.72,60.40
1329,0.01245,-0.05054,1.04761,0.00559,-0.01811,0.06032,11.96,-39.17,60.70
1330,-0.02295,-0.02588,1.01880,-0.00280,0.00546,0.05579,11.96,-38.42,59.65
1331,-0.02856,-0.01929,1.00342,0.04447,-0.04927,0.02610,11.51,-39.32,60.55
1332,-0.04858,-0.03662,0.99927,0.05100,-0.11105,0.07071,12.41,-38.42,59.65
1333,-0.09692,-0.03027,0.97729,0.05340,-0.06498,0.10147,11.81,-38.57,58.75
1334,-0.00830,-0.01025,1.01978,-0.00839,-0.05872,0.10493,11.81,-38.57,58.75
1335,0.00293,-0.01123,1.01514,0.01611,-0.09907,0.12810,12.56,-39.02,60.55
1336,0.00244,-0.01953,1.01001,-0.00426,-0.03475,0.07204,12.71,-37.67,60.55
1337,0.00317,-0.02173,1.01782,-0.01238,0.02410,0.10133,13.45,-37.97,59.95
1338,0.01660,-0.01294,1.01416,-0.02277,0.09108,0.14394,13.45,-37.97,59.95
1339,-0.00684,-0.01221,1.02490,-0.06578,0.23649,0.18030,13.45,-37.97,59.95
1340,-0.00171,-0.01831,1.03052,-0.04834,0.05579,0.05579,13.45,-38.72,59.35
1341,-0.00659,-0.01807,1.01147,-0.04834,0.02983,0.05766,13.45,-38.42,59.65
1342,-0.00439,-0.02344,1.01099,-0.04314,0.01638,0.04274,13.45,-38.42,59.65
1343,-0.00757,-0.03711,1.02368,-0.02983,0.00373,0.07963,13.45,-38.42,59.65
1344,-0.00757,-0.02075,1.00366,-0.03582,0.00479,0.08189,13.60,-37.38,60.25
1345,0.01074,-0.03760,0.95337,-0.05806,0.00173,0.18509,12.26,-38.12,59.80
1346,-0.01978,-0.02734,1.00854,-0.04394,0.00679,0.10093,13.01,-39.02,60.25
1347,0.00806,0.02441,1.03540,0.01092,-0.01065,0.04434,13.01,-39.02,60.25
1348,-0.01294,-0.02808,1.00488,-0.03449,0.01065,0.04208,12.71,-39.17,58.90
1349,-0.05127,-0.10596,1.08105,-0.05220,0.05806,0.05832,12.26,-38.57,59.05
1350,0.00513,-0.00684,1.02588,0.08695,-0.01212,0.03076,13.16,-39.92,59.95
1351,-0.01172,-0.03687,1.00562,0.00360,-0.00413,0.09601,13.16,-39.92,59.95
1352,-0.00708,-0.11108,0.92261,0.07164,-0.01585,0.15939,12.71,-38.42,59.95
1353,0.03564,0.00781,1.02734,0.06645,-0.02290,0.24368,12.71,-39.47,60.40
1354,-0.01514,-0.05347,1.01465,0.03595,-0.01425,0.24315,13.45,-38.42,58.90
1355,-0.01123,-0.03223,1.01367,0.01252,0.00173,0.32158,13.45,-37.97,60.40
1356,-0.01196,-0.03345,1.01465,0.01731,-0.00666,0.38789,13.45,-37.97,60.40
1357,-0.01514,-0.02930,1.01416,0.02397,-0.01065,0.39508,13.45,-38.42,59.65
1358,-0.01221,-0.00244,1.01538,0.00040,-0.00719,0.40240,13.16,-38.42,58.90
1359,-0.01416,-0.02856,1.01904,0.00639,-0.00320,0.39987,14.20,-36.93,59.95
1360,-0.00610,-0.01538,1.01270,-0.00160,-0.00519,0.41918,13.60,-37.38,59.05
1361,-0.01050,-0.02344,1.01367,0.00120,-0.01025,0.51719,13.60,-37.38,59.05
1362,-0.03345,-0.01196,1.01147,0.01851,-0.00999,0.62118,13.90,-38.72,59.95
1363,-0.07983,-0.09326,0.98755,-0.01957,0.01092,0.59282,15.70,-37.23,58.90
1364,0.01880,-0.00928,1.01904,0.03902,-0.01864,0.58350,15.40,-37.23,59.65
1365,-0.00342,-0.00073,1.01294,0.04301,-0.01625,0.59402,15.40,-37.23,59.65
1366,-0.04175,-0.11670,1.00098,-0.00546,0.00373,0.43063,14.65,-36.03,60.70
1367,0.02026,-0.07178,1.05127,0.08296,-0.02104,0.46978,15.40,-37.67,60.70
1368,-0.03979,-0.00415,0.99878,0.04394,-0.01451,0.54715,15.40,-37.97,58.90
1369,-0.04590,-0.04785,1.00098,0.02836,-0.00546,0.63610,15.85,-37.08,58.75
1370,-0.02271,-0.02271,1.01563,0.03382,-0.00506,0.72039,15.85,-37.08,58.75
1371,-0.01782,-0.02490,1.01636,0.05619,-0.01585,0.74009,16.00,-36.48,58.90
1372,-0.00293,-0.02026,0.99390,0.08029,-0.02117,0.83131,15.85,-36.33,59.05
1373,0.02661,0.03809,1.01392,0.01505,-0.00679,0.76566,15.55,-35.88,60.55
1374,-0.00562,-0.04102,1.03027,0.00053,-0.00506,0.74063,15.55,-35.88,60.55
1375,-0.00244,-0.00903,0.99976,0.00573,-0.00253,0.69349,15.40,-36.93,60.40
1376,-0.01367,-0.02124,1.01465,-0.01398,0.00599,0.77445,17.49,-35.73,58.90
1377,-0.00366,0.02295,1.01221,0.00453,0.00067,0.82278,16.00,-36.48,59.65
1378,-0.03271,-0.04883,1.00293,0.01451,0.00626,0.84955,16.59,-35.13,59.80
1379,-0.00073,-0.02734,1.01221,-0.02277,0.00360,0.91706,16.59,-35.13,59.80
1380,0.01196,0.03857,1.01001,-0.00373,-0.00213,0.92971,19.43,-34.98,59.65
1381,0.00684,-0.04834,1.02002,-0.00373,0.00200,0.88457,18.99,-34.24,59.95
1382,0.01343,-0.01221,1.01636,-0.00186,0.00399,0.94888,18.99,-34.53,59.35
1383,-0.00610,-0.04199,1.00708,0.00053,0.00213,0.91253,18.99,-34.53,59.35
1384,-0.00732,-0.00024,1.02783,-0.00719,0.00027,0.98137,19.58,-34.38,58.75
1385,-0.00293,-0.00879,1.02246,-0.01278,0.00226,1.06566,20.33,-33.64,57.71
1386,0.00317,0.02686,1.01050,0.02197,-0.00293,0.98111,18.69,-34.24,60.40
1387,0.02319,-0.00244,1.02271,-0.02117,0.00799,0.97645,21.23,-34.53,58.60
1388,0.02466,0.03223,1.01270,-0.00985,0.00040,0.96127,21.23,-34.53,58.60
1389,0.01416,0.01172,1.02344,-0.01265,-0.00266,0.86686,21.23,-33.79,59.95
1390,0.03638,0.01074,1.02222,-0.01092,0.00107,0.78097,21.68,-32.89,59.80
1391,0.00000,-0.01587,1.00562,-0.01531,0.01332,0.85927,23.02,-33.79,59.65
1392,0.00806,-0.01807,1.01196,-0.01904,0.00679,0.87485,23.02,-34.24,59.65
1393,-0.02930,-0.03076,1.01831,-0.02463,0.00519,0.98484,23.02,-34.24,59.65
1394,-0.03052,-0.03540,1.02271,-0.00666,0.00759,0.99243,23.92,-32.89,60.25
1395,0.01514,0.00928,1.01758,-0.01824,-0.00080,1.10068,24.07,-32.74,58.90
1396,-0.00195,0.00732,1.01074,-0.02304,0.01225,1.14250,24.52,-31.54,57.86
1397,0.03442,0.00684,1.01147,-0.00692,0.00213,1.21334,24.52,-31.54,57.86
1398,0.02197,-0.00342,1.01807,-0.00453,-0.00053,1.10694,24.07,-30.35,59.35
1399,-0.01758,-0.02563,1.01294,0.00439,-0.00266,1.08697,24.82,-30.80,59.95
1400,-0.01587,-0.03613,1.01221,0.02890,-0.00559,0.91147,23.77,-29.60,58.60
1401,-0.01147,-0.01782,1.01416,-0.01305,0.00213,0.98044,25.41,-30.95,58.45
1402,0.01392,0.01123,1.02319,-0.02370,0.00959,1.02066,25.41,-30.95,58.45
1403,-0.01367,-0.01294,1.01660,-0.01478,0.00599,0.91919,25.27,-30.05,60.40
1404,-0.01904,-0.01270,1.02490,-0.02583,0.00639,1.03024,25.71,-29.75,59.50
1405,-0.03638,-0.01538,1.00244,-0.01558,0.00493,1.03650,26.76,-31.10,57.86
1406,0.00586,-0.01782,1.01099,-0.00985,0.00559,1.09962,26.76,-31.10,57.86
1407,0.01099,-0.00586,1.00684,-0.01145,0.00985,1.19376,26.76,-28.11,58.60
1408,0.01563,-0.01563,1.00708,-0.01372,0.01238,1.09709,26.31,-27.36,57.56
1409,-0.00073,-0.01538,1.01172,-0.00453,0.00333,0.99922,27.81,-28.11,58.60
1410,-0.01147,-0.02539,1.00830,-0.00786,-0.00053,0.95315,27.96,-27.51,58.45
1411,-0.02466,-0.01685,1.00610,-0.01678,0.00719,0.95208,27.96,-27.51,58.45
1412,-0.00659,-0.00513,1.00610,-0.00479,0.00120,0.90734,27.21,-27.51,58.75
1413,-0.01514,-0.02954,1.01367,-0.01372,0.00093,0.80454,28.70,-26.46,58.75
1414,0.00195,-0.00928,1.01343,-0.01678,-0.00053,0.84302,28.40,-26.01,58.01
1415,0.01270,-0.01709,1.02124,-0.01611,0.00466,0.84209,29.30,-26.16,58.60
1416,0.02100,-0.00977,1.01807,-0.03316,0.00573,0.92492,29.30,-26.16,58.60
1417,0.00317,-0.01831,1.01172,-0.01931,0.00120,0.78510,27.81,-25.12,58.60
1418,-0.02881,-0.03101,1.01514,-0.00786,0.00306,0.75474,29.30,-25.41,58.60
1419,0.01196,-0.02197,1.01538,-0.00945,-0.00453,0.84129,30.35,-23.92,59.65
1420,-0.01978,-0.00732,1.01074,-0.02290,0.01105,0.83890,30.35,-23.92,59.65
1421,0.02197,-0.02417,1.02637,-0.02437,0.00932,0.75008,30.80,-23.47,58.16
1422,0.00366,0.00391,1.00977,-0.01385,0.00133,0.71679,30.50,-24.52,58.01
1423,0.00806,-0.01807,1.01514,-0.02330,0.00506,0.79149,30.95,-24.52,56.96
1424,0.01196,-0.03442,1.01880,-0.02410,0.00027,0.73570,30.35,-23.47,57.56
1425,-0.00342,-0.00537,1.00928,-0.01198,-0.00226,0.67258,30.35,-23.47,57.56
1426,0.01245,0.00854,1.00732,-0.00759,-0.00213,0.64129,31.25,-24.07,57.26
1427,0.00146,-0.00928,1.01221,-0.00985,-0.00706,0.53663,30.35,-23.17,58.90
1428,0.01636,-0.01221,1.01050,-0.01771,-0.00320,0.55593,31.25,-23.77,58.45
1429,-0.00854,-0.01099,1.00562,-0.00666,-0.00253,0.58869,31.25,-23.77,58.45
1430,-0.00415,-0.02026,1.01587,-0.00772,-0.00160,0.54675,30.20,-22.57,59.80
1431,-0.01904,-0.01733,1.01636,-0.01092,-0.00479,0.59921,33.19,-21.38,58.45
1432,-0.01001,-0.02124,1.01123,0.00093,0.00160,0.64715,31.25,-22.57,57.71
1433,-0.00220,-0.03076,1.01489,-0.00919,0.00093,0.63410,32.89,-20.93,59.35
1434,0.00171,-0.02197,1.01367,-0.00426,-0.00320,0.65128,32.89,-20.93,59.35
1435,0.01147,-0.03540,1.02344,-0.01718,0.00146,0.61905,31.39,-21.23,56.81
1436,-0.01050,-0.02319,1.01807,-0.00027,-0.00799,0.54635,30.80,-21.68,59.65
1437,-0.01123,-0.01221,1.01807,-0.00386,-0.00320,0.54435,32.59,-20.48,58.16
1438,-0.00098,-0.01660,1.01611,-0.00426,-0.00639,0.49695,32.59,-20.48,58.16
1439,0.02026,-0.00464,1.00928,-0.00759,-0.00213,0.49628,32.74,-21.08,59.05
1440,0.02222,-0.01367,1.01099,0.00186,-0.01105,0.38709,32.74,-20.33,58.75
1441,0.00391,-0.02075,1.01416,-0.00959,-0.00706,0.32850,33.19,-20.33,58.75
1442,-0.00610,-0.01855,1.01001,-0.01824,0.00000,0.33143,31.69,-20.63,58.45
1443,0.01172,-0.01587,1.01172,-0.01079,-0.00852,0.43503,31.69,-20.63,58.45
1444,0.01099,-0.01245,1.01221,-0.00240,-0.00293,0.48656,32.44,-20.63,58.45
1445,0.01245,-0.02075,1.01367,-0.01904,-0.00080,0.51053,32.44,-19.88,57.71
1446,0.01172,-0.01758,1.01758,-0.00559,-0.00386,0.37511,32.59,-19.29,58.16
1447,-0.00171,-0.01929,1.01074,0.00013,-0.00772,0.34262,32.59,-20.48,57.86
1448,0.00879,-0.01221,1.01147,-0.01198,0.00266,0.39575,32.59,-20.48,57.86
1449,-0.00977,-0.03662,1.03052,-0.01851,-0.00453,0.41718,33.34,-19.29,57.56
1450,-0.01563,-0.02197,1.01318,0.00200,-0.00905,0.41133,33.49,-18.84,58.75
1451,-0.00635,-0.02759,1.01514,-0.00067,-0.00186,0.46033,31.69,-20.33,58.01
1452,0.00854,-0.02271,1.01538,-0.01878,-0.00053,0.53543,31.69,-20.33,58.01
1453,0.01001,-0.02026,1.01685,-0.00839,-0.00666,0.57671,32.59,-17.79,58.16
1454,-0.01416,-0.02637,1.02295,-0.01398,0.00186,0.66033,32.59,-18.99,57.56
1455,0.01855,-0.01563,1.01636,-0.00666,-0.00852,0.69096,34.24,-18.39,59.05
1456,0.00586,-0.02539,1.01440,-0.01664,0.00626,0.69429,34.09,-17.49,58.90
1457,-0.00415,-0.02368,1.01953,0.00013,-0.00812,0.66725,34.09,-17.49,58.90
1458,0.00684,-0.03418,1.01172,-0.02157,0.00466,0.78071,33.64,-17.79,58.16
1459,0.02002,-0.02979,1.02002,-0.00732,-0.00133,0.71692,33.34,-17.49,56.81
1460,0.00391,-0.01343,1.01050,-0.00253,-0.00133,0.65474,33.64,-17.49,58.90
1461,0.00195,-0.00806,1.01270,0.00200,-0.00426,0.64116,33.64,-17.49,58.90
1462,-0.00562,-0.01929,1.01147,-0.00972,-0.00200,0.67325,33.34,-16.74,57.56
1463,-0.00391,-0.02905,1.01514,-0.00186,-0.00320,0.67405,34.53,-15.70,58.01
1464,-0.01050,-0.02075,1.01367,-0.00453,-0.00280,0.70134,34.83,-15.55,58.16
1465,0.00171,-0.02075,1.01392,-0.01039,-0.00573,0.69828,33.79,-16.89,57.26
1466,0.00513,-0.02856,1.01636,-0.00333,-0.00253,0.67178,33.79,-16.89,57.26
1467,-0.00391,-0.02271,1.01514,-0.00320,-0.00386,0.65194,35.43,-15.10,59.35
1468,0.02197,-0.02832,1.01245,0.00027,-0.00240,0.64635,35.73,-15.40,57.26
1469,-0.00293,-0.02759,1.01440,-0.00652,-0.00346,0.61905,35.28,-13.75,58.01
1470,0.00439,-0.01465,1.01782,-0.00706,-0.00200,0.59255,35.88,-14.35,58.16
1471,-0.00439,-0.02197,1.01904,-0.00959,-0.00386,0.52118,35.88,-14.35,58.16
1472,0.00098,-0.02783,1.01416,-0.00972,-0.00333,0.57338,35.28,-13.45,58.45
1473,0.03223,-0.01074,1.01025,-0.00280,-0.01079,0.54888,34.98,-12.26,58.45
1474,0.00464,-0.00977,1.01294,-0.00226,-0.01372,0.44781,34.53,-14.95,57.71
1475,0.02100,-0.00439,1.01416,-0.00240,-0.01185,0.38283,34.53,-14.95,57.71
1476,-0.00684,-0.01440,1.00879,-0.00519,-0.01451,0.34368,35.13,-13.31,57.86
1477,-0.00171,-0.01636,1.00806,-0.00905,-0.00639,0.30453,35.28,-13.01,59.50
1478,-0.00610,-0.03174,1.01465,-0.00719,0.00360,0.23729,35.13,-12.11,57.86
1479,0.01074,-0.02759,1.01514,-0.00253,-0.00439,0.20347,35.28,-12.71,58.45
1480,-0.00195,-0.02466,1.01636,0.00240,-0.01172,0.18096,35.28,-12.71,58.45
1481,-0.00269,-0.02515,1.01685,-0.00479,-0.00759,0.19747,34.53,-13.45,57.26
1482,-0.01929,-0.01953,1.00903,-0.00759,-0.00186,0.20839,34.09,-12.56,56.36
1483,0.00244,-0.03027,1.01147,-0.00399,-0.01491,0.22490,35.28,-13.45,59.50
1484,-0.07202,0.16064,1.00220,-0.02716,-0.00200,0.27431,35.28,-13.45,59.50
1485,0.02856,-0.04443,1.01270,-0.02264,-0.02557,0.42464,36.48,-12.71,57.71
1486,-0.02124,0.01196,1.02100,-0.00453,-0.00666,0.40267,35.13,-11.66,58.16
1487,-0.00146,-0.02490,1.01147,-0.00719,0.00493,0.46792,36.48,-11.96,57.71
1488,0.04272,-0.05054,1.01758,-0.00546,0.00466,0.49348,35.28,-12.26,56.51
1489,-0.02515,0.01929,1.01416,-0.00360,0.00280,0.48709,35.28,-12.26,56.51
1490,0.00293,-0.05298,1.01587,0.00599,-0.01172,0.42997,36.63,-11.36,57.56
1491,0.01147,-0.02588,1.01099,-0.00386,0.00160,0.33662,35.43,-12.86,57.11
1492,0.00610,-0.01514,1.01123,0.00386,-0.00333,0.33170,36.78,-11.21,57.71
1493,0.00317,-0.01685,1.01367,-0.00413,-0.00067,0.37644,36.78,-11.21,57.71
1494,0.00000,-0.00586,1.01929,-0.00067,-0.00866,0.30480,35.73,-11.21,56.21
1495,0.00854,-0.02368,1.01709,-0.00759,-0.00293,0.37391,36.78,-9.57,55.46
1496,0.01343,0.01953,1.02197,-0.01425,0.00905,0.38216,35.28,-11.51,56.96
1497,-0.02319,-0.01685,1.01416,0.00506,-0.00919,0.37338,36.63,-9.87,57.86
1498,-0.00635,-0.01636,1.01538,0.01185,-0.01079,0.39641,36.63,-9.87,57.86
1499,-0.00122,-0.03882,1.01367,-0.00107,-0.00373,0.38416,37.08,-11.96,58.01
1500,0.03345,-0.03223,1.01465,-0.00240,-0.00360,0.37630,37.82,-9.57,57.71
1501,0.00732,-0.01685,1.01196,-0.00639,-0.00533,0.31252,36.78,-9.57,58.01
1502,-0.02441,-0.03613,1.01709,0.00320,-0.00879,0.33702,37.52,-10.02,57.71
1503,-0.01709,0.02466,1.01538,0.00000,0.00040,0.41958,37.52,-10.02,57.71
1504,-0.00220,0.00073,1.01611,-0.00013,0.00732,0.37457,35.73,-9.57,57.26
1505,-0.03979,0.01074,1.01343,0.00732,-0.00439,0.27763,36.48,-10.02,57.26
1506,0.01367,-0.02075,1.01636,-0.00266,-0.00759,0.41585,35.73,-10.47,57.71
1507,-0.01709,-0.03979,1.00562,-0.02277,0.01491,0.47165,35.73,-10.47,57.71
1508,-0.00732,-0.04175,1.02271,0.00213,-0.00200,0.42091,36.48,-8.82,55.46
1509,-0.02246,0.01050,1.01147,0.00306,-0.00479,0.40014,37.08,-8.82,56.51
1510,0.02612,-0.02222,1.01392,-0.00333,0.00506,0.39135,35.73,-8.07,58.01
1511,-0.03027,-0.01929,1.01245,-0.00186,0.00080,0.35726,37.82,-8.82,56.96
1512,0.02246,-0.01685,1.01367,0.01598,0.00000,0.27004,37.82,-8.82,56.96
1513,0.00366,-0.06763,1.01172,-0.00852,0.00559,0.30080,36.48,-7.77,56.96
1514,0.02563,-0.03198,1.01782,-0.00173,-0.00479,0.32704,35.88,-8.37,57.56
1515,-0.03320,-0.02515,1.01392,-0.01438,0.00546,0.32823,36.63,-9.42,57.56
1516,-0.04102,0.01294,1.01221,-0.00253,0.00266,0.43143,36.63,-9.42,57.56
1517,0.03174,-0.04565,1.01563,-0.00093,0.00559,0.40587,37.52,-8.07,57.26
1518,0.00928,0.00439,1.01855,-0.01611,0.00533,0.46898,36.18,-7.47,57.11
1519,0.04224,-0.04053,1.00537,0.00413,-0.00200,0.45181,36.18,-6.73,56.36
1520,0.00293,-0.00391,1.01245,-0.01771,-0.00200,0.57724,36.18,-7.18,56.36
1521,0.00635,-0.01855,1.01465,-0.01957,-0.00107,0.67751,36.18,-7.18,56.36
1522,-0.00220,-0.01978,1.01245,-0.01265,-0.00320,0.67391,36.03,-6.58,56.21
1523,-0.00830,-0.02930,1.00977,-0.00759,0.00493,0.54102,36.78,-6.28,56.51
1524,-0.00464,-0.03589,1.01807,-0.00373,0.00346,0.48283,35.43,-6.43,56.81
1525,0.00513,-0.03174,1.01855,-0.00866,-0.00053,0.54968,35.43,-6.43,56.81
1526,-0.00708,-0.03735,1.01025,-0.01025,0.00879,0.56725,36.93,-5.98,56.06
1527,0.01050,-0.04321,1.01221,-0.02344,0.01065,0.69855,37.52,-5.83,57.26
1528,-0.00732,-0.01538,1.01196,0.00826,-0.00360,0.55660,36.48,-5.83,56.51
1529,-0.01172,-0.06763,1.00830,-0.02637,0.00866,0.73716,37.38,-5.23,55.61
1530,0.00928,0.00171,1.01978,-0.01771,0.00479,0.69122,37.38,-5.23,55.61
1531,-0.01855,-0.04980,1.00684,-0.02969,0.00346,0.83796,36.78,-4.34,57.26
1532,-0.01099,-0.06030,1.00977,-0.02503,0.00067,1.04729,37.08,-5.08,56.51
1533,0.02295,-0.00684,1.02539,-0.02384,0.00999,1.01893,37.38,-3.74,56.81
1534,0.01855,-0.03687,0.97168,-0.10772,0.03502,1.68871,37.52,-4.34,57.26
1535,-0.02173,-0.04541,0.99512,-0.02064,0.01132,1.61241,37.52,-4.34,57.26
1536,0.01758,-0.08496,1.02222,0.00573,-0.01305,1.13930,37.67,-0.75,56.06
1537,0.02417,-0.08716,1.01147,-0.03635,0.01718,1.21720,37.08,-1.20,57.26
1538,0.01758,-0.07593,1.00879,-0.00613,-0.00506,1.01173,36.93,-1.79,55.61
1539,-0.02271,-0.01392,1.01294,-0.00266,0.00373,0.91493,36.93,-1.79,55.61
1540,-0.01172,-0.02222,1.00098,-0.01784,0.01704,0.94502,38.42,-1.05,56.81
1541,0.02173,-0.05542,1.00635,-0.00373,-0.00200,0.91453,36.93,0.00,55.02
1542,-0.00806,-0.02905,1.01563,-0.00892,0.00320,0.91986,36.48,0.45,55.91
1543,0.01001,-0.05322,1.01563,-0.00439,-0.00213,0.86952,36.48,0.45,55.91
1544,-0.00830,-0.01294,1.02051,-0.00200,-0.00732,0.95541,36.48,0.45,55.91
1545,-0.02197,-0.02051,1.01367,0.00266,-0.00386,0.87698,35.88,0.00,56.36
1546,-0.00293,-0.05713,1.02051,-0.00519,0.00027,0.82332,36.93,2.24,56.36
1547,-0.00610,-0.01147,1.01514,-0.00506,-0.00226,0.73064,36.93,2.24,56.36
1548,-0.01733,-0.03027,1.01416,-0.00133,-0.00546,0.61293,36.93,2.24,56.36
1549,0.01807,-0.01929,1.01538,0.00213,-0.00959,0.57058,36.78,2.84,55.91
1550,-0.00879,-0.03589,1.01294,-0.01052,0.00000,0.60733,38.12,4.49,57.11
1551,-0.01050,-0.01733,1.01123,-0.00386,-0.00413,0.47218,37.82,2.39,55.91
1552,-0.01025,-0.03613,1.00830,0.00067,-0.00280,0.48070,37.82,2.39,55.91
1553,-0.00952,-0.04639,1.01294,0.00027,-0.00226,0.42038,36.63,4.19,55.02
1554,0.00659,-0.02075,1.02002,0.00573,-0.01119,0.43543,37.67,3.74,57.56
1555,-0.02246,-0.02393,1.00439,-0.00826,-0.00759,0.46113,37.52,3.89,55.46
1556,-0.00366,-0.01587,1.00586,-0.00280,-0.00226,0.46978,37.08,4.34,54.72
1557,-0.00928,-0.02197,1.01074,-0.00280,-0.00133,0.58084,37.08,4.34,54.72
1558,-0.00635,-0.01709,1.00977,-0.00133,0.00186,0.51053,36.93,4.19,55.31
1559,0.01099,-0.02515,1.01563,0.00346,-0.00772,0.46632,36.93,3.74,56.06
1560,-0.00391,-0.03369,1.01855,0.00732,-0.00692,0.44528,37.67,4.19,57.11
1561,0.00000,-0.03125,1.01563,-0.00453,-0.00067,0.48523,37.67,4.19,57.11
1562,0.00293,-0.03320,1.01416,-0.02024,0.00453,0.55367,36.63,5.98,54.27
1563,0.02563,-0.02417,1.01392,-0.01545,-0.00466,0.56139,37.67,5.68,55.61
1564,-0.01221,-0.01538,1.01245,-0.00692,-0.00200,0.67232,36.18,5.68,55.61
1565,-0.01685,-0.03809,1.00903,-0.01451,-0.00413,0.65021,36.78,6.28,55.91
1566,0.00317,-0.03076,1.01123,-0.00439,-0.00613,0.60480,36.78,6.28,55.91
1567,-0.00269,-0.03125,1.01245,-0.00573,-0.00453,0.52398,36.48,7.77,55.91
1568,0.01563,-0.03516,1.02075,-0.00040,-0.00439,0.45500,36.18,6.43,56.36
1569,0.00024,-0.02905,1.01074,-0.00253,-0.00413,0.45327,35.88,6.43,56.36
1570,0.00488,-0.02075,1.01880,-0.00013,-0.01052,0.49029,35.88,6.43,56.36
1571,0.01440,-0.00073,1.01318,-0.00320,-0.00333,0.50613,36.03,7.77,56.21
1572,-0.03198,0.00000,1.01294,-0.01358,0.00479,0.54115,36.48,7.33,54.72
1573,-0.03027,-0.02832,1.00610,-0.00173,-0.00759,0.49135,35.73,7.33,55.17
1574,-0.03369,-0.00781,1.00781,0.01079,-0.00852,0.58749,36.48,7.77,54.42
1575,-0.00098,-0.03345,1.01758,0.00719,-0.00479,0.59948,36.48,7.77,54.42
1576,0.00000,-0.03711,1.02075,0.00306,-0.00652,0.56113,35.43,9.12,56.06
1577,0.00830,-0.04419,1.01318,-0.00253,-0.00040,0.49814,35.43,8.67,56.06
1578,-0.00586,-0.06055,1.00854,0.01145,-0.01332,0.56592,34.98,6.58,55.46
1579,0.00537,-0.03101,1.02124,0.00306,-0.00373,0.58723,36.03,9.57,55.17
1580,0.00098,-0.05566,1.01782,-0.00280,0.00346,0.55673,36.03,9.57,55.17
1581,-0.02051,-0.02832,1.01294,-0.00919,-0.00160,0.57551,36.78,9.27,55.17
1582,0.00513,-0.02124,1.01416,-0.00360,0.00932,0.61199,36.48,10.76,55.46
1583,-0.02490,-0.01514,1.01489,0.00293,-0.00839,0.63290,35.73,9.57,56.51
1584,-0.00854,0.00244,1.01807,0.00133,-0.00386,0.60041,35.73,9.57,56.51
1585,0.02246,-0.00415,1.02002,-0.00053,-0.00173,0.55913,34.53,11.21,55.17
1586,-0.00049,-0.01660,1.01147,0.00346,-0.00866,0.57364,35.28,10.76,55.46
1587,-0.00024,-0.04761,1.01343,-0.00133,-0.00732,0.47577,35.43,10.91,56.06
1588,-0.00342,-0.04297,1.01221,-0.00080,-0.00812,0.38030,35.28,12.26,54.72
1589,-0.00562,-0.04468,1.01855,-0.00320,0.00133,0.44528,35.28,12.26,54.72
1590,0.00342,-0.02832,1.01855,-0.00067,-0.00546,0.46885,35.73,10.47,55.46
1591,-0.03052,-0.03271,1.01050,-0.00573,-0.00133,0.47138,36.18,12.11,55.31
1592,0.01245,-0.03125,1.01831,-0.00706,-0.00293,0.55873,34.83,10.17,55.02
1593,-0.01489,-0.04053,1.00854,-0.00613,-0.00266,0.43969,34.83,10.17,55.02
1594,-0.01782,-0.02661,1.01489,-0.00413,-0.00812,0.52917,34.98,11.96,55.91
1595,-0.00830,-0.04077,1.01465,-0.00386,-0.00506,0.59748,34.24,11.96,55.91
1596,0.04077,-0.03174,1.00757,-0.01438,0.00399,0.74355,34.53,12.26,55.46
1597,0.00024,-0.01367,1.01440,-0.00599,-0.00293,0.73197,35.13,12.56,55.61
1598,0.01050,-0.02319,1.01929,-0.00080,-0.00360,0.68377,35.13,12.56,55.61
1599,0.01660,-0.05054,1.01978,-0.00573,-0.00133,0.72371,34.38,14.80,53.82
1600,-0.00122,-0.03735,1.01465,-0.00972,-0.00360,0.48243,34.38,14.35,56.36
1601,-0.00391,-0.05127,1.01489,-0.00666,-0.00067,0.44235,34.38,12.86,54.57
1602,-0.03223,-0.04687,1.01563,-0.00067,-0.00679,0.31492,34.38,12.86,54.57
1603,0.01440,-0.04297,1.01538,-0.00027,-0.00293,0.30014,35.43,14.80,55.61
1604,-0.00562,-0.03491,1.01611,0.00746,-0.00746,0.42477,33.34,13.60,55.31
1605,-0.00098,-0.02563,1.01514,0.00573,-0.00972,0.52784,33.19,14.95,56.21
1606,-0.01392,-0.01709,1.01343,0.00692,-0.00573,0.48976,34.38,14.35,55.02
1607,-0.00269,-0.01636,1.01514,0.00466,-0.00253,0.51679,34.38,14.35,55.02
1608,-0.03394,-0.03052,1.01294,0.00000,-0.00067,0.49029,33.34,15.10,55.02
1609,-0.00854,-0.02026,1.01709,0.01039,-0.00573,0.33356,35.28,15.40,56.96
1610,-0.01660,-0.03247,1.01758,0.01092,-0.00985,0.20906,33.34,14.80,55.31
1611,-0.00757,-0.02563,1.01636,0.01744,-0.00679,0.14621,34.09,15.85,55.02
1612,-0.00830,-0.02368,1.00928,0.01212,-0.00519,0.10786,34.09,15.85,55.02
1613,0.00317,0.00537,1.01318,0.00945,-0.01398,0.01318,33.19,15.70,55.17
1614,0.00928,0.04663,1.01343,0.01771,-0.01864,0.00173,33.34,15.55,55.02
1615,0.00610,-0.00732,1.01685,0.00999,-0.01372,0.08416,33.49,14.95,55.46
1616,-0.00024,-0.00684,1.01123,0.01758,-0.02237,0.13302,33.49,14.95,55.46
1617,0.02100,0.00000,1.01172,0.01731,-0.01651,0.19987,32.74,16.89,52.92
1618,-0.00024,-0.04150,1.01733,0.02397,-0.01651,0.13742,33.49,16.15,55.46
1619,-0.02661,-0.04199,1.01489,0.02370,-0.02716,0.20679,33.19,14.65,54.72
1620,-0.04077,-0.10718,1.01855,0.01558,-0.01704,0.31439,34.53,16.89,54.72
1621,-0.01538,-0.05371,1.01514,0.01638,-0.02210,0.17457,34.53,16.89,54.72
1622,-0.00928,-0.03564,1.01660,0.01531,-0.01598,0.14927,33.19,15.40,56.51
1623,-0.01245,-0.02905,1.01147,0.00639,-0.01904,0.30879,32.14,15.85,55.61
1624,0.01245,-0.01392,1.01709,0.00812,-0.02304,0.20320,34.09,16.30,56.06
1625,-0.01660,-0.03491,1.00977,-0.00346,-0.01811,0.17404,34.09,16.30,56.06
1626,-0.00952,-0.03223,1.01416,-0.00826,-0.02117,0.15420,31.99,15.70,55.46
1627,0.00244,0.00439,1.01318,0.01292,-0.01425,0.26299,31.84,15.55,54.57
1628,0.00024,-0.01685,1.01465,0.01864,-0.02170,0.36286,32.44,14.95,55.17
1629,-0.02148,-0.02808,1.01245,0.00040,-0.01824,0.47950,33.19,16.44,56.21
1630,0.05396,-0.02197,1.02539,0.01691,-0.01771,0.62837,33.19,16.44,56.21
1631,-0.05151,-0.03491,1.01733,0.01798,-0.02317,0.73770,34.24,16.44,54.12
1632,0.03076,-0.03662,1.02271,0.00346,-0.02996,0.98870,32.44,18.84,55.17
1633,0.02979,-0.03394,1.01709,0.04234,-0.14701,0.75541,33.34,15.85,54.27
1634,0.03247,-0.04224,1.01782,0.04208,-0.05127,0.73636,33.34,15.85,54.27
1635,-0.04932,-0.03979,1.01318,0.06085,-0.06192,0.51745,32.14,17.79,55.61
1636,-0.05908,-0.02563,1.00659,0.02477,-0.06179,0.25447,32.44,17.64,54.42
1637,0.03564,-0.03857,1.02441,-0.00493,-0.04780,0.11398,32.14,18.99,56.36
1638,0.03638,-0.03320,1.02124,-0.02237,-0.10639,0.04834,30.95,18.84,55.17
1639,-0.02563,-0.02759,1.01611,-0.02956,-0.05420,0.07963,30.95,18.84,55.17
1640,0.00122,-0.03345,1.01953,-0.02503,-0.01132,0.34568,32.74,19.14,55.91
1641,0.02710,-0.01782,1.01807,0.00945,-0.07284,0.25473,30.35,18.24,55.61
1642,-0.00049,-0.02832,1.02271,0.02929,-0.01332,0.32970,31.99,16.89,55.46
1643,0.04272,-0.03223,1.01514,0.00999,-0.11358,0.17524,31.10,18.99,54.57
1644,0.02148,-0.01733,1.01196,-0.00186,-0.07870,0.00360,30.35,18.99,56.06
1645,0.02051,-0.02661,1.01880,0.01198,-0.02916,-0.00826,31.25,18.84,55.17
1646,0.02417,-0.02759,1.01733,0.01944,-0.01971,-0.09215,31.84,17.79,54.57
1647,0.01123,-0.01929,1.00903,0.02876,-0.01198,-0.25100,30.95,19.14,55.91
1648,-0.00659,-0.01270,1.01147,-0.00546,-0.01678,-0.34808,30.95,19.14,55.91
1649,-0.00391,-0.00342,0.99292,-0.03755,-0.06405,-0.42930,31.10,18.99,55.61
1650,0.01709,-0.01636,1.01147,-0.01105,0.04447,-0.24381,32.59,18.24,55.02
1651,-0.01318,-0.02271,1.01343,-0.00812,0.08056,-0.14168,31.10,17.79,55.61
1652,-0.00732,-0.02051,1.01025,-0.00453,0.03356,-0.09934,31.39,18.54,55.31
1653,0.00220,-0.02612,1.01953,-0.01332,0.00266,-0.03542,31.39,18.54,55.31
1654,0.00537,-0.02441,1.01514,-0.00506,0.01385,-0.01491,32.14,17.79,56.81
1655,0.01660,-0.01807,1.01758,0.00626,0.01638,-0.10826,31.10,18.99,56.06
1656,0.01196,0.01123,1.01123,0.00786,-0.04687,-0.31159,30.50,17.94,53.37
1657,0.01343,-0.01563,1.00684,0.01105,-0.05846,-0.44701,30.50,17.94,53.37
1658,0.00024,-0.01904,1.01807,0.00692,0.01345,-0.36592,32.74,16.15,55.46
1659,0.00757,-0.00757,1.01587,-0.00719,-0.00759,-0.41545,32.44,17.94,54.42
1660,0.03955,-0.00146,1.01123,0.01571,-0.00985,-0.49415,31.84,17.49,54.57
1661,0.05469,-0.02100,1.01904,0.03169,0.01158,-0.50840,31.10,17.04,55.61
1662,0.01489,-0.01416,1.02197,0.06338,0.01664,-0.49295,31.10,17.04,55.61
1663,0.00195,0.02637,1.00708,0.02756,0.01917,-0.28230,30.80,18.54,53.82
1664,0.02856,-0.01392,1.01099,-0.03103,-0.02770,0.02676,33.34,17.49,55.31
1665,0.00098,0.00024,1.01221,0.00972,-0.00027,0.02570,32.14,17.49,56.36
1666,-0.00415,0.01660,1.01270,-0.00692,-0.00293,0.15326,32.14,17.49,56.36
1667,0.01685,-0.04834,1.02344,-0.00293,-0.06112,0.19135,30.95,16.89,56.51
1668,0.02612,-0.01904,1.00391,0.02011,-0.03116,0.15593,31.84,15.10,55.31
1669,0.01245,0.00659,1.02466,0.03941,-0.01398,0.11718,32.44,17.64,54.72
1670,-0.01660,-0.00562,1.01343,0.04541,0.01158,0.10320,31.25,17.64,55.91
1671,-0.01099,0.01733,1.01758,0.02144,0.00546,0.20879,31.25,17.64,55.91
1672,-0.05103,0.06372,0.99756,-0.08456,-0.16565,0.46299,32.14,17.04,56.06
1673,0.11475,-0.06006,1.03003,-0.15766,-0.31492,0.73397,32.14,17.49,55.02
1674,0.12744,-0.09277,1.03516,0.01451,-0.02703,0.53583,31.69,17.19,54.72
1675,-0.11377,-0.00562,0.98218,0.20307,-0.02051,-0.11305,31.69,17.94,55.17
1676,-0.04907,-0.09033,1.01172,0.01119,-0.05127,0.26006,31.69,17.94,55.17
1677,-0.07690,-0.09351,1.01514,-0.06658,-0.04634,0.37151,30.50,16.15,55.46
1678,0.01636,-0.05859,1.02295,-0.03742,-0.01039,0.38882,30.95,17.64,54.12
1679,0.00708,-0.01611,1.01245,0.00652,-0.00466,0.26485,30.95,17.64,55.46
1680,0.00391,-0.04297,1.02441,0.04394,-0.00040,0.11731,30.95,17.64,55.46
1681,0.00586,-0.03906,1.01196,0.02277,-0.00852,0.15220,30.20,18.84,55.91
1682,-0.01025,-0.02441,1.01465,0.04794,-0.00959,0.07670,30.20,18.84,55.17
1683,-0.00146,-0.00562,1.01685,0.00786,-0.01704,0.11025,31.25,18.39,54.42
1684,0.09863,-0.04004,1.04150,-0.00706,0.02996,0.39601,31.39,18.24,54.27
1685,0.01929,-0.01099,1.02295,0.00040,-0.01558,0.24621,31.39,18.24,54.27
1686,-0.00220,-0.00659,1.00073,0.03981,0.00945,0.21412,30.80,18.99,53.52
1687,-0.00464,-0.00684,1.00977,0.04194,0.02903,0.21851,31.10,19.73,54.27
1688,-0.01147,0.04590,0.99243,-0.00173,0.04035,0.31212,30.50,16.44,53.67
1689,0.01270,-0.02563,1.02173,0.03728,0.03595,0.14674,30.50,16.44,53.67
1690,0.01733,0.00317,0.99878,0.02463,0.03276,0.22504,29.75,18.84,54.72
1691,-0.00732,-0.04443,1.01709,0.02170,0.04248,0.17524,29.75,20.33,55.17
1692,-0.01172,-0.01489,1.01001,0.00413,0.05353,0.30919,31.25,19.88,54.42
1693,0.53223,0.06836,0.78955,-0.47591,0.05180,-1.37366,30.95,18.84,54.42
1694,-0.11450,0.14917,0.91772,0.46272,-0.24355,-0.71359,30.95,18.84,54.42
1695,0.06445,-0.11865,1.04639,0.02210,0.12610,0.46379,32.44,18.39,54.12
1696,-0.04443,-0.05518,1.02271,-0.01957,0.05513,0.32704,31.69,18.84,53.67
1697,0.04224,-0.00024,1.01221,-0.02450,0.05792,0.43836,30.20,19.58,54.72
1698,0.05786,-0.01367,1.02954,0.00852,0.10892,0.39388,30.20,19.58,54.72
1699,-0.03687,-0.05200,1.01489,0.01744,0.11505,0.21265,31.39,18.99,54.27
1700,-0.00195,-0.03101,1.00928,-0.03422,0.10053,0.35127,30.05,20.48,55.02
1701,-0.00049,-0.02954,1.00854,-0.03915,0.06791,0.38949,30.20,20.33,54.42
1702,-0.01440,-0.04907,1.01758,-0.02929,0.03995,0.34874,30.05,19.73,54.27
1703,-0.02954,-0.02686,1.01270,-0.04927,0.03728,0.37338,30.05,19.73,54.27
1704,-0.00464,-0.05542,1.01587,-0.03968,0.01318,0.43556,30.05,18.99,53.52
1705,0.00757,-0.02002,1.02515,0.00213,0.01079,0.43343,30.50,20.33,54.42
1706,-0.01050,-0.01611,1.02100,-0.01678,0.00479,0.54328,30.20,19.58,54.12
1707,0.01660,-0.02124,1.01709,-0.02277,0.01478,0.60307,30.50,20.63,54.12
1708,0.00928,-0.03760,1.01880,-0.00945,0.00746,0.52131,30.50,20.63,54.12
1709,0.00488,-0.07642,1.03223,-0.03755,0.00493,0.56206,28.70,20.33,53.67
1710,-0.00464,-0.04150,1.01221,-0.02890,0.01691,0.59881,28.55,21.98,53.82
1711,0.00977,-0.03784,1.01782,-0.03728,0.01385,0.60321,27.66,21.08,54.12
1712,-0.02710,-0.03931,1.01636,-0.00959,0.00280,0.43702,27.66,21.08,54.12
1713,-0.00903,-0.03467,1.02539,-0.01731,0.00533,0.46619,28.40,19.58,53.37
1714,-0.02246,-0.03394,1.01514,0.00719,-0.00027,0.41745,28.70,22.13,54.12
1715,-0.00806,-0.03491,1.01172,0.00932,-0.00732,0.33516,28.55,19.73,53.22
1716,-0.01245,-0.01855,1.01611,0.01398,-0.01358,0.03369,28.70,23.02,53.67
1717,0.01025,-0.03735,1.01245,0.00280,-0.00533,0.04288,28.70,23.02,53.67
1718,-0.04346,0.01733,1.00952,0.03822,-0.00932,0.42624,27.81,21.23,54.27
1719,-0.00464,-0.04248,1.01440,-0.01105,0.00533,0.47551,27.36,21.68,53.82
1720,-0.02026,-0.03906,1.01636,-0.00320,0.01079,0.73051,29.15,21.83,52.92
1721,0.00928,-0.04492,1.01538,-0.00759,0.00373,0.67711,29.15,21.83,52.92
1722,-0.00269,-0.03906,1.01367,-0.00040,0.00866,0.71000,28.11,22.72,52.47
1723,-0.02295,0.00854,1.00928,0.01052,-0.00067,0.48842,27.36,22.42,54.57
1724,-0.00317,-0.02295,1.01318,-0.01638,0.00546,0.43330,27.21,23.32,52.62
1725,-0.01660,-0.02344,1.00903,-0.01185,0.00826,0.55008,27.81,22.42,54.27
1726,-0.01221,-0.02612,1.01611,0.00040,0.00879,0.66592,27.81,22.42,54.27
1727,-0.00903,-0.02979,1.01465,0.00053,0.00280,0.74928,27.06,21.98,52.47
1728,-0.01587,-0.03003,1.00757,0.00533,0.01411,0.78630,26.46,22.57,54.42
1729,0.09351,0.13159,1.14038,0.01691,0.01039,0.79402,27.81,25.12,53.82
1730,-0.03809,-0.02271,1.02490,0.00346,-0.01105,0.68084,26.16,23.32,53.67
1731,0.00928,0.00049,1.02563,-0.05087,0.02583,0.58257,26.16,23.32,53.67
1732,0.00000,-0.05835,1.02319,-0.04381,0.01598,0.46539,25.71,24.07,54.72
1733,0.00122,-0.06689,1.00317,-0.05779,0.02157,0.51998,25.56,23.47,54.27
1734,-0.04858,-0.01514,1.02319,0.00120,-0.01332,0.59135,27.81,24.37,53.52
1735,-0.02246,-0.05884,1.01563,0.01824,-0.00200,0.51053,27.81,24.37,53.52
1736,0.11646,-0.06860,1.13867,-0.03369,0.03089,0.54169,26.46,26.01,53.67
1737,0.00220,-0.02271,1.03003,-0.01105,-0.00067,0.37697,27.96,24.82,52.92
1738,-0.01904,-0.12207,1.01270,-0.05206,0.02796,0.45260,26.76,25.86,53.82
1739,0.00439,-0.05029,1.03809,-0.03196,0.01545,0.63530,25.56,25.12,53.52
1740,-0.05176,-0.09863,0.95361,-0.02264,0.03036,1.05461,25.56,25.12,53.52
1741,-0.02734,-0.09375,0.99292,-0.01864,0.02144,1.42413,26.01,25.12,54.57
1742,-0.01245,-0.02661,0.98315,-0.01238,0.02197,1.49283,26.16,26.01,54.42
1743,0.03955,-0.04272,1.00098,-0.02304,0.02170,1.51534,24.52,28.11,54.57
1744,0.02075,-0.01196,1.02271,-0.01984,0.00013,1.66448,24.52,28.11,54.57
1745,-0.02734,0.02710,1.02271,-0.01917,0.00866,1.66701,24.82,26.91,53.22
1746,-0.00024,0.02246,1.01709,-0.01931,-0.00732,1.44463,23.47,27.66,54.57
1747,-0.00659,-0.01099,1.01514,-0.02503,-0.00027,1.22679,23.77,27.51,52.92
1748,-0.00977,-0.00098,1.01074,-0.00546,0.01185,1.15528,23.77,27.36,54.27
1749,-0.02930,-0.04883,1.05176,0.02477,0.01052,0.97978,23.77,27.36,54.27
1750,0.00415,0.00562,1.01758,0.03023,0.02850,1.27845,22.87,28.70,54.42
1751,0.01440,0.00977,1.02368,-0.00879,0.05100,1.15608,22.42,29.00,54.12
1752,0.01660,-0.18896,1.00439,-0.02783,0.02264,1.55249,20.63,28.70,54.12
1753,0.03491,-0.27002,1.00928,-0.04674,0.04314,2.68154,20.63,28.70,54.12
1754,0.05908,-0.23340,0.99170,-0.01491,-0.04581,3.51644,20.63,28.70,54.12
1755,0.00903,-0.16187,1.02612,-0.02996,-0.05646,4.03362,18.39,32.14,54.72
1756,-0.00244,-0.06445,0.99585,-0.02077,0.00213,4.02151,16.00,32.74,53.82
1757,-0.05347,0.12256,0.98462,-0.03662,0.02264,3.50312,16.00,32.74,53.82
1758,0.04199,0.16577,0.98047,-0.02370,0.00573,2.72854,14.35,32.74,53.82
1759,0.00293,0.20410,1.09180,-0.04048,-0.03116,1.86435,14.20,33.04,54.27
1760,-0.03662,0.14307,1.00073,-0.01305,-0.02370,0.86792,12.56,36.33,54.42
1761,-0.01880,0.03979,1.01367,-0.00360,-0.00919,0.20466,12.41,34.24,53.22
1762,-0.01392,-0.02319,1.02002,-0.00613,-0.00932,0.05912,12.41,34.24,53.22
1763,-0.01465,-0.02563,1.01978,-0.01185,-0.00732,0.04261,11.96,34.98,55.02
1764,-0.01172,-0.03149,1.01636,-0.01052,-0.00852,0.02570,12.41,34.98,54.27
1765,-0.02148,-0.05127,0.99902,-0.00719,-0.00253,0.05007,11.36,37.23,53.22
1766,-0.01538,-0.09155,1.02075,-0.00506,-0.00173,0.28975,11.36,37.23,53.22
1767,0.01123,0.01147,1.03979,-0.00519,-0.00866,0.36858,12.26,35.13,54.72
1768,0.00854,0.01025,1.05420,-0.00852,-0.01052,0.25300,11.66,34.24,53.22
1769,-0.00781,0.00635,1.02734,-0.01278,-0.00945,0.25633,11.36,34.24,53.82
1770,-0.01001,-0.03589,1.02319,-0.00599,-0.00173,0.12490,11.51,35.88,53.67
1771,-0.00635,-0.02979,1.02026,-0.00985,-0.00692,0.13289,11.51,35.88,53.67
1772,-0.01636,-0.01367,1.00391,-0.00320,-0.00360,0.13675,11.66,34.53,54.27
1773,-0.00903,-0.03076,1.01294,0.00373,-0.00479,0.22371,11.36,34.53,53.22
1774,-0.00732,-0.02832,1.01489,0.00932,-0.00892,0.16938,13.31,35.13,54.72
1775,-0.01636,-0.02588,1.01343,0.00213,-0.00679,0.16618,11.66,34.24,54.27
1776,-0.00708,-0.02588,1.01685,0.00413,-0.00679,0.18349,11.66,34.24,54.27
1777,-0.01685,-0.02173,1.01538,0.00799,-0.00453,0.16671,10.76,35.58,55.46
1778,-0.00049,-0.03223,1.01733,0.00333,-0.00559,0.16019,11.66,35.28,55.02
1779,0.02661,-0.03223,1.01685,0.00839,-0.00999,0.20307,11.51,33.94,55.17
1780,0.00928,0.01147,1.00488,0.00626,-0.00826,0.21598,11.51,33.94,55.17
1781,0.02759,0.00000,1.02832,-0.00546,-0.01891,0.17018,10.76,35.88,54.12
1782,-0.03003,-0.02417,0.97095,-0.00746,-0.00519,0.26432,11.06,34.38,53.67
1783,-0.01196,-0.01001,1.04663,0.01385,-0.01438,0.19348,11.51,34.38,55.17
1784,-0.05981,-0.02979,1.01025,0.00666,-0.00093,0.05473,10.32,35.13,55.17
1785,-0.02100,-0.04541,1.02588,0.02157,-0.02051,0.10266,10.32,35.13,55.17
1786,0.01147,-0.03735,1.01001,0.03649,-0.03542,0.22517,10.76,35.13,55.91
1787,0.01611,-0.06665,1.06787,0.06485,-0.05526,1.33065,10.61,36.03,54.57
1788,0.05786,-0.12329,1.02271,0.10107,-0.01784,1.70948,10.76,34.83,54.72
1789,-0.00049,0.05249,1.02344,-0.15899,0.02423,0.85035,10.76,34.83,54.72
1790,-0.08496,-0.19629,1.02417,-0.01984,0.00027,0.84915,10.02,36.33,54.12
1791,-0.04541,-0.03394,0.99683,-0.01798,0.00413,1.01986,9.87,34.53,55.61
1792,-0.00220,-0.03979,1.00513,-0.04381,-0.00719,0.67591,8.22,35.88,54.42
1793,-0.00415,-0.02222,1.00732,-0.01305,-0.00666,0.67192,8.22,37.38,54.72
1794,0.00000,-0.04199,1.02295,-0.00120,-0.01824,0.70374,8.22,37.38,54.72
1795,-0.02222,-0.01709,1.01709,-0.00892,-0.00812,0.79242,6.88,36.03,53.22
1796,-0.01343,-0.02881,1.01880,-0.02690,-0.00772,0.78204,5.83,35.28,55.02
1797,0.00073,-0.00488,1.01563,-0.01119,-0.00666,0.74182,7.92,36.48,54.27
1798,-0.00562,0.00293,1.01929,-0.00186,-0.01625,0.56526,7.92,36.48,54.27
1799,-0.01050,-0.02246,1.01563,0.00053,-0.01185,0.52637,7.47,36.33,53.67
1800,-0.02344,-0.05566,1.01733,-0.01651,-0.00546,0.56672,6.13,36.48,55.31
1801,-0.00220,-0.04053,1.01904,-0.01798,-0.00573,0.52677,5.83,35.73,53.22
1802,-0.00635,-0.02710,1.01245,-0.02197,-0.00812,0.53649,5.83,35.73,55.31
1803,-0.00684,-0.04736,1.01660,-0.00679,-0.00479,0.63090,5.83,35.73,55.31
1804,0.03271,-0.03369,1.00928,-0.02304,-0.02423,0.69402,5.98,37.08,55.46
1805,-0.02783,-0.00122,1.01172,-0.00852,-0.04394,0.79309,6.73,36.33,55.17
1806,-0.01953,-0.04419,1.00732,0.00972,-0.02716,0.55620,5.98,35.58,54.72
1807,-0.02368,-0.03320,1.01099,-0.01198,-0.02304,0.46193,5.08,36.93,54.27
1808,-0.00415,-0.01807,1.01489,-0.00732,-0.02437,0.38816,5.08,36.93,54.27
1809,-0.02026,-0.06030,1.02075,-0.00759,-0.03569,0.37750,4.63,36.48,53.82
1810,0.07080,-0.08398,1.01733,-0.01292,-0.07510,0.25593,5.68,36.63,52.92
1811,-0.02539,-0.02905,1.01733,-0.00892,0.05313,0.42557,3.59,36.48,54.27
1812,-0.01660,-0.02417,1.01978,-0.01598,0.02543,0.42997,3.59,36.48,54.27
1813,-0.03809,-0.06787,1.01587,-0.02131,0.00519,0.38949,4.49,35.58,53.67
1814,-0.02344,-0.02808,1.01978,-0.00426,0.00266,0.40041,4.49,37.08,54.72
1815,-0.00952,-0.01343,1.01123,-0.01585,0.00746,0.40773,2.54,36.03,52.47
1816,-0.02881,-0.06079,1.01880,-0.01691,-0.00200,0.36392,4.19,35.88,54.42
1817,-0.01807,-0.03516,1.01270,-0.01438,-0.00639,0.36765,4.19,35.88,54.42
1818,-0.00610,-0.05322,1.01953,-0.00559,-0.00213,0.40880,3.74,35.88,54.42
1819,-0.00146,-0.04517,1.01807,0.00133,0.00559,0.43143,2.09,37.23,53.52
1820,-0.00562,-0.02441,1.02124,-0.00639,0.00972,0.44395,2.24,37.08,53.37
1821,-0.01050,-0.02393,1.02002,-0.00812,0.00067,0.44808,2.24,37.08,53.37
1822,-0.02051,-0.04077,1.01611,-0.00959,0.00093,0.47085,2.99,36.63,52.92
1823,0.00171,-0.03711,1.01221,-0.01332,-0.00080,0.46672,2.24,36.33,54.12
1824,-0.00830,-0.03198,1.01025,-0.00692,-0.00226,0.52398,2.54,36.03,54.57
1825,-0.01929,-0.02881,1.01050,-0.00932,0.00200,0.55154,1.64,37.38,55.46
1826,0.00684,-0.03516,1.01074,-0.01318,-0.00453,0.57484,1.64,37.38,55.46
1827,-0.01147,-0.02051,1.01147,-0.00226,-0.00133,0.56539,0.30,36.03,54.27
1828,-0.02295,-0.03613,1.01147,-0.00772,0.00932,0.52611,1.64,37.08,55.17
1829,-0.01538,-0.02734,1.01343,-0.00386,0.00439,0.48150,1.05,36.48,53.82
1830,-0.01270,-0.03442,1.01782,-0.00093,0.00320,0.46832,1.79,36.48,54.57
1831,-0.03540,-0.02319,1.01392,0.00093,-0.00013,0.43702,1.79,36.48,54.57
1832,-0.03345,-0.03613,1.01196,-0.00213,0.00719,0.43609,0.60,37.67,53.52
1833,-0.09741,-0.05469,1.01123,-0.01917,0.01132,0.61732,-0.30,37.23,53.22
1834,0.00269,-0.04077,1.01147,0.00027,0.00213,0.49881,-1.79,37.23,55.02
1835,0.00415,-0.02539,1.02148,0.00373,-0.00027,0.61492,-1.79,37.23,55.02
1836,-0.03174,-0.01855,1.01465,0.00213,-0.00439,0.63942,-0.90,37.08,54.72
1837,0.00000,-0.03638,1.00928,-0.01198,0.00386,0.69282,-1.35,36.93,55.02
1838,-0.02051,-0.02148,1.01563,-0.00200,0.00240,0.76486,-0.90,37.08,55.91
1839,-0.01489,-0.02734,1.00903,-0.00826,-0.00439,0.74915,0.15,37.38,54.42
1840,-0.03076,-0.03271,1.00122,-0.01451,0.00013,0.67791,0.15,37.38,54.42
1841,-0.02563,-0.02759,1.01929,-0.00186,-0.00706,0.59548,-2.09,36.48,55.02
1842,-0.02100,-0.02954,1.01465,-0.01305,-0.00306,0.52038,-2.09,37.67,55.31
1843,-0.03491,-0.03564,1.01563,0.00067,-0.00200,0.46938,-1.94,37.38,54.72
1844,-0.00757,-0.04102,1.01123,0.00013,0.00839,0.47338,-1.94,37.38,54.72
1845,-0.01611,-0.06006,1.00977,-0.00799,0.00253,0.46991,-3.89,37.23,54.27
1846,-0.00928,-0.03003,1.02100,-0.00586,0.00266,0.49521,-3.29,36.03,55.02
1847,-0.02441,-0.02490,1.01221,-0.00639,-0.00186,0.52664,-3.59,38.42,54.57
1848,-0.02783,-0.02075,1.02319,-0.00506,-0.00360,0.54275,-2.84,37.67,54.57
1849,-0.03467,-0.00732,1.02026,-0.00306,-0.00613,0.49362,-2.84,37.67,54.57
1850,-0.01880,-0.02515,1.01221,-0.00013,-0.01278,0.48296,-4.34,36.93,54.57
1851,-0.01953,-0.01831,1.01611,-0.00826,-0.00226,0.47058,-3.44,37.82,54.42
1852,-0.03296,-0.02832,1.01270,-0.00320,-0.00786,0.42557,-3.74,36.63,53.67
1853,-0.02637,-0.03027,1.01514,-0.00639,-0.00959,0.42451,-3.74,36.63,53.67
1854,-0.00903,-0.02808,1.01050,-0.01425,-0.00320,0.43609,-5.08,37.67,55.61
1855,-0.00537,-0.04175,1.00952,-0.01252,-0.00280,0.50573,-4.63,36.93,55.02
1856,0.00586,-0.04395,1.01489,-0.01012,-0.00253,0.51732,-4.63,36.48,54.27
1857,0.00439,-0.04346,1.01880,-0.01731,0.00067,0.58523,-4.49,37.08,55.46
1858,-0.00244,-0.01758,1.00586,-0.01451,0.00466,0.62078,-4.49,37.08,55.46
1859,-0.01001,-0.00610,1.01147,-0.01145,0.00253,0.65580,-4.19,37.08,54.12
1860,-0.04004,-0.04126,1.00610,-0.01638,0.00373,0.69309,-4.49,36.63,54.42
1861,-0.00635,-0.01318,1.01782,-0.00533,-0.00639,0.70800,-6.88,37.23,55.02
1862,0.00610,-0.03369,1.01196,-0.01358,0.00186,0.73104,-5.83,36.93,53.82
1863,0.00806,-0.04712,1.01685,-0.00173,-0.00439,0.73304,-5.83,36.93,53.82
1864,-0.00098,-0.04565,1.01440,0.00027,-0.00479,0.78563,-7.03,36.33,54.42
1865,-0.02637,-0.02466,1.01685,0.00027,-0.00772,0.82651,-7.92,34.98,54.27
1866,-0.01538,-0.05664,1.00952,-0.00253,-0.00919,0.76379,-6.28,37.82,54.72
1867,-0.00269,-0.03027,1.02417,-0.00945,-0.00533,0.82585,-6.28,37.82,54.72
1868,-0.03076,-0.00269,1.01880,-0.02317,-0.00040,0.87258,-8.97,35.88,55.17
1869,-0.04175,-0.02148,1.01074,-0.01212,0.00146,0.89922,-8.97,36.33,54.42
1870,-0.01929,-0.02686,1.01904,0.00839,-0.01398,0.83370,-8.37,37.67,53.52
1871,-0.01636,-0.03198,1.01538,-0.00985,-0.00146,0.82638,-8.67,36.48,54.57
1872,-0.00317,-0.01733,1.01440,-0.00160,-0.00852,0.87858,-8.67,36.48,54.57
1873,-0.01196,-0.01538,1.01855,-0.00706,0.00000,1.00321,-9.27,35.58,55.17
1874,-0.01758,-0.02808,1.01440,0.00000,-0.01145,1.00122,-10.76,35.13,53.37
1875,-0.03003,-0.01709,1.01953,0.00306,0.00306,0.98643,-9.87,36.48,53.82
1876,-0.01489,-0.04907,1.01685,-0.01491,0.00080,0.96047,-9.87,36.48,53.82
1877,0.00342,-0.04834,1.01660,0.00786,-0.01278,0.93104,-9.72,36.63,54.42
1878,-0.03857,-0.01904,1.00244,-0.00373,-0.00959,0.84489,-10.91,35.73,54.57
1879,-0.02393,-0.02954,1.01636,0.00533,-0.00280,0.85088,-10.32,36.33,54.72
1880,-0.02051,-0.03564,1.01685,-0.00107,-0.00399,0.83290,-11.06,35.58,53.67
1881,-0.04224,-0.02515,1.00952,-0.00413,0.00213,0.78044,-11.06,35.58,53.67
1882,-0.00439,-0.07861,1.02075,-0.01012,-0.00759,0.78044,-13.31,34.38,54.42
1883,-0.03833,0.00366,1.01196,-0.01039,-0.01145,0.79069,-12.26,34.83,54.42
1884,-0.02002,-0.03320,1.01416,-0.00160,-0.00706,0.77911,-13.31,35.13,55.46
1885,-0.02515,-0.05469,1.01221,-0.00866,0.00053,0.75740,-13.31,35.13,54.42
1886,-0.02295,-0.00635,1.01318,-0.00666,-0.00333,0.78244,-13.31,35.13,54.42
1887,-0.00879,-0.02124,1.01343,-0.01265,0.00013,0.88803,-14.65,34.98,53.82
1888,-0.01294,-0.03174,1.00513,-0.01545,-0.00453,0.94888,-14.20,34.24,54.27
1889,-0.01953,0.00146,1.01343,-0.00027,-0.00133,0.89615,-14.95,34.98,55.31
1890,-0.02246,-0.01978,1.01318,0.00080,-0.01185,0.81626,-14.95,34.98,55.31
1891,-0.00635,-0.02075,1.01904,0.00200,-0.00533,0.82718,-14.05,34.38,54.72
1892,-0.01685,-0.02905,1.00977,-0.00186,0.00146,0.84262,-17.34,33.94,54.12
1893,-0.00562,-0.01880,1.01221,-0.00200,-0.00386,0.83850,-15.10,33.64,54.72
1894,0.00024,-0.06055,1.01831,-0.01425,0.00266,0.99749,-14.80,34.83,54.42
1895,0.01978,-0.03491,1.02100,-0.00479,0.00439,1.06034,-14.80,34.83,54.42
1896,0.00244,-0.03101,1.01440,-0.02051,0.00240,1.08058,-15.85,33.94,54.42
1897,-0.04565,0.00220,1.02173,-0.00732,-0.00107,1.00628,-17.49,32.74,55.31
1898,0.00757,-0.03711,1.01563,-0.01664,0.00053,0.95674,-18.69,31.54,55.61
1899,-0.01709,-0.03149,1.01172,-0.00985,-0.00306,0.95235,-18.69,31.54,55.61
1900,-0.01367,-0.01953,1.01489,-0.01012,0.00160,0.89882,-18.39,32.14,54.72
1901,-0.00024,-0.02295,1.01685,-0.01518,-0.00453,0.90068,-17.49,33.04,54.27
1902,-0.04736,-0.02271,1.01001,-0.00826,0.00360,0.97312,-18.09,30.95,54.72
1903,-0.02271,-0.02515,1.01221,-0.00759,-0.00107,0.92878,-19.14,33.19,54.42
1904,0.03857,-0.08130,1.01074,-0.04261,-0.02610,0.91759,-19.14,33.19,54.42
1905,-0.02856,-0.02246,1.01172,-0.01292,0.00266,0.96753,-19.88,32.44,54.42
1906,-0.01294,-0.02832,1.01172,-0.01225,-0.00067,1.01067,-20.48,32.29,54.57
1907,0.00244,-0.01611,1.01660,-0.00253,-0.00759,1.01293,-20.03,31.54,54.57
1908,-0.00708,-0.01855,1.01807,-0.01158,-0.00253,0.98231,-21.08,30.65,54.42
1909,0.00342,-0.00610,1.02808,0.00107,-0.00040,0.88444,-21.08,30.65,54.42
1910,-0.00317,-0.06885,1.01611,-0.01931,-0.01238,0.91986,-21.08,31.39,54.42
1911,-0.01880,-0.02954,1.01953,-0.01425,0.00067,0.96593,-21.98,30.35,55.02
1912,-0.02441,-0.01831,1.01807,-0.00772,0.00399,0.92478,-21.68,29.75,55.17
1913,-0.02686,-0.03467,1.01099,-0.01571,-0.00479,1.01227,-21.68,29.75,55.17
1914,-0.04175,-0.01563,1.01294,-0.01318,0.00306,1.04889,-22.28,30.80,54.27
1915,-0.03833,-0.01221,1.01685,-0.01664,0.00373,0.96220,-23.77,28.85,53.52
1916,-0.12378,0.15015,0.92358,0.08655,0.06139,1.01227,-24.07,30.05,53.82
1917,-0.00928,-0.00854,1.02246,-0.01864,-0.00253,0.90294,-23.77,29.60,54.57
1918,-0.01929,-0.01636,1.01440,-0.01079,0.00626,0.83557,-23.77,29.60,54.57
1919,-0.02075,-0.01685,1.02173,0.00000,-0.00213,0.78776,-24.07,29.60,53.82
1920,-0.00513,-0.04199,1.02930,-0.00812,-0.00133,0.66592,-22.87,29.45,54.12
1921,-0.03418,-0.02563,1.01538,-0.00985,-0.00639,0.64116,-24.82,28.85,55.31
1922,-0.03564,-0.04126,1.00952,-0.00107,-0.00226,0.63064,-24.82,28.85,55.31
1923,0.01392,-0.02588,1.01636,0.00000,-0.00266,0.63197,-25.27,29.30,54.27
1924,-0.00244,-0.02344,1.01245,-0.00799,-0.00360,0.67804,-26.16,28.26,54.42
1925,-0.01172,-0.02905,1.02124,-0.01185,-0.00599,0.57711,-27.06,28.11,53.82
1926,0.00244,-0.01904,1.01685,-0.00746,-0.00439,0.50573,-26.01,26.91,55.31
1927,-0.01514,-0.03882,1.01392,-0.00226,-0.00586,0.48137,-26.01,26.91,55.31
1928,-0.01489,-0.03174,1.00806,-0.01039,-0.00479,0.33556,-24.82,27.36,53.52
1929,-0.02539,-0.01758,1.00781,-0.00040,-0.01505,0.19974,-24.67,29.00,55.17
1930,-0.05566,-0.03369,1.01514,-0.00373,-0.00905,0.09201,-25.71,28.26,54.12
1931,-0.03174,-0.02881,1.01563,-0.00320,-0.00200,0.00746,-25.71,28.26,54.12
1932,-0.01855,-0.02783,1.01733,-0.00386,0.00360,-0.00360,-26.01,28.85,54.27
1933,-0.01294,-0.01831,1.01318,0.00146,-0.00546,-0.02250,-25.56,27.36,53.82
1934,-0.02490,-0.02808,1.01367,0.00000,-0.01052,-0.05366,-25.12,27.51,54.42
1935,-0.01465,-0.01733,1.01831,0.00213,-0.00360,-0.08296,-27.06,28.55,53.52
1936,-0.01587,-0.02808,1.01270,0.00000,-0.00506,-0.16338,-27.06,28.55,53.52
1937,-0.01270,-0.01880,1.01099,-0.00386,-0.00732,-0.23050,-27.06,27.66,53.82
1938,-0.02002,-0.01074,1.01587,0.00280,-0.01864,-0.53237,-27.21,28.26,53.37
1939,-0.02881,-0.01123,1.01270,0.00493,-0.01558,-0.63876,-24.07,27.66,54.27
1940,-0.03125,-0.02563,1.01489,0.00746,-0.01718,-0.84396,-26.31,27.66,53.52
1941,-0.04517,-0.01294,1.01440,0.00679,-0.01491,-0.96952,-26.31,27.66,53.52
1942,-0.01904,-0.02417,1.00928,0.00346,-0.01664,-1.03544,-24.67,27.96,53.67
1943,-0.01538,-0.03296,1.00879,0.00320,-0.01425,-0.97805,-25.27,29.30,54.57
1944,-0.02344,-0.01294,1.01025,0.00905,-0.01571,-0.97299,-24.37,29.00,51.88
1945,-0.01904,-0.01880,1.01733,0.00879,-0.02064,-1.02332,-24.37,29.00,51.88
1946,-0.03198,-0.00415,1.01807,0.00093,-0.02117,-1.13038,-24.07,29.60,53.82
1947,-0.03687,-0.00049,1.01685,0.01997,-0.02690,-1.29137,-24.07,29.30,54.27
1948,-0.05737,-0.02979,1.01294,0.00426,-0.02716,-1.54104,-23.92,30.20,54.12
1949,-0.06445,-0.03271,1.00806,-0.00027,-0.02690,-1.86315,-22.72,30.35,53.52
1950,-0.02124,-0.00513,1.02759,0.01411,-0.03875,-1.98818,-22.72,30.35,53.52
1951,-0.01660,-0.00879,1.01978,0.01744,-0.02810,-1.87260,-22.42,32.44,54.72
1952,0.01050,-0.03809,1.02393,0.02157,-0.03023,-1.71734,-22.13,32.44,53.67
1953,0.01074,-0.01978,1.01855,0.01984,-0.03143,-1.60402,-21.38,31.39,53.67
1954,-0.02563,-0.02979,1.00708,0.00413,-0.02690,-1.60935,-21.38,31.39,53.67
1955,-0.04590,-0.02148,1.01758,0.02064,-0.03475,-1.67380,-20.33,33.19,54.12
1956,-0.02441,-0.02417,1.00464,0.00826,-0.03196,-1.73825,-18.84,33.19,54.12
1957,-0.02515,-0.01074,1.02515,0.00679,-0.00985,-1.76368,-17.94,33.04,54.27
1958,-0.02295,0.00317,1.01489,0.00972,-0.02703,-1.77846,-17.94,33.04,54.27
1959,-0.02393,-0.00244,1.01343,0.00826,0.00107,-1.70243,-17.94,33.04,54.27
1960,-0.01074,0.00488,1.02124,0.01438,-0.00985,-1.65223,-15.70,34.24,53.22
1961,0.02515,0.00415,1.02417,0.02051,-0.02157,-1.63025,-14.35,33.19,53.37
1962,-0.00269,-0.04761,1.01489,0.00879,-0.01931,-1.37978,-14.35,35.58,55.91
1963,0.00024,-0.05078,1.01367,0.00719,-0.02011,-1.29669,-14.35,35.58,55.91
1964,-0.00366,-0.06958,1.00879,0.00746,-0.02344,-1.22212,-14.05,35.13,54.72
1965,0.00122,-0.06616,1.01929,0.00879,-0.02690,-1.27086,-14.05,36.63,54.72
1966,-0.02661,-0.05469,1.01709,0.00839,-0.02996,-1.32346,-13.45,35.28,55.02
1967,-0.03369,-0.01782,1.01172,0.01172,-0.01518,-1.30748,-13.45,35.28,55.02
1968,0.00488,-0.02539,1.01270,0.01039,-0.01997,-1.36554,-12.41,36.48,54.57
1969,-0.03076,-0.00757,1.01636,0.00599,-0.03981,-1.50442,-11.36,35.28,54.27
1970,-0.03369,-0.02173,1.00537,0.00013,-0.03409,-1.56780,-10.76,36.33,53.37
1971,0.03442,-0.04028,1.00610,-0.00053,-0.04647,-1.44010,-10.17,37.67,55.02
1972,0.00293,-0.03857,1.01929,0.01052,-0.02370,-1.21081,-10.17,37.67,55.02
1973,0.03052,-0.05127,1.01733,0.00866,-0.01838,-0.96619,-9.27,36.63,53.67
1974,0.00000,-0.02563,1.01465,0.01318,-0.01318,-0.92651,-9.42,36.93,53.52
1975,-0.01318,-0.00781,1.01929,0.01119,-0.00866,-0.84262,-8.52,35.58,52.92
1976,-0.00854,-0.05103,1.01733,0.01278,-0.01611,-0.82065,-8.52,35.58,52.92
1977,-0.02563,-0.02832,1.02246,0.00945,-0.02850,-1.01387,-7.47,38.57,54.42
1978,-0.01782,-0.06641,1.02344,-0.00333,-0.02370,-1.13997,-7.03,37.08,54.72
1979,-0.00317,0.03174,1.01416,0.01119,-0.01864,-1.28751,-5.98,37.08,54.12
1980,-0.00195,-0.07104,1.01440,0.00812,0.04075,-1.14303,-5.98,37.38,54.42
1981,-0.00854,-0.04053,1.00464,0.02170,-0.01931,-1.36008,-5.98,37.38,54.42
1982,-0.00781,-0.02173,1.01147,0.01651,-0.01079,-1.24077,-4.93,36.63,54.72
1983,0.04224,-0.06738,1.01050,0.00386,-0.01012,-1.07206,-3.89,37.97,53.82
1984,0.07910,-0.07690,1.01929,0.00559,-0.04048,-0.88670,-5.08,37.97,53.82
1985,-0.00464,0.01709,1.01904,0.01305,-0.02850,-0.73144,-5.23,38.12,52.92
1986,0.00146,-0.04980,1.01587,0.00493,-0.05886,-0.78004,-5.23,38.12,52.92
1987,0.02441,-0.05542,1.02100,0.00146,-0.06671,-0.79935,-3.74,37.38,54.12
1988,0.03516,-0.02393,1.02026,0.00892,-0.04341,-0.81746,-2.54,36.48,53.82
1989,-0.02710,-0.02979,1.01465,0.01944,-0.02530,-0.94502,-2.54,37.97,54.27
1990,-0.00635,-0.04932,1.01318,0.02077,-0.00839,-1.01560,-2.54,37.97,54.27
1991,-0.01514,-0.04663,1.01538,0.01265,-0.05113,-1.15022,-2.84,37.23,55.02
1992,0.02075,-0.07373,1.02100,0.01198,-0.00599,-1.13730,-1.35,38.72,55.02
1993,-0.03076,-0.04907,1.01245,0.00107,0.01158,-0.95381,-0.90,38.12,54.72
1994,0.00903,-0.02271,1.01929,0.01571,-0.03156,-0.80947,-0.90,38.12,54.42
1995,-0.00439,-0.04858,1.01587,0.00320,-0.02996,-0.61479,-0.90,38.12,54.42
1996,0.00488,-0.04956,1.01318,0.00027,-0.02091,-0.48296,0.00,38.42,54.27
1997,0.00342,-0.03052,1.01660,-0.00573,-0.03755,-0.45740,-2.09,37.97,53.82
1998,0.01709,-0.02686,1.01416,0.00453,-0.00746,-0.34634,0.45,37.82,53.37
1999,0.03491,-0.00122,1.02710,0.00479,0.01771,-0.21625,0.45,37.82,53.37
2000,-0.02344,-0.04199,1.02295,0.00226,0.02330,-0.19228,0.15,37.82,54.42
2001,0.01489,-0.02100,1.03540,-0.01132,-0.05473,-0.58523,1.05,37.97,52.77
2002,0.02295,0.00391,1.02856,0.02170,0.04594,-0.69655,1.20,38.12,52.92
2003,-0.01636,0.10645,1.02124,-0.03941,0.09201,-2.26062,0.00,37.67,56.06
2004,0.15405,-0.36401,1.01172,-0.00320,0.05606,-0.97791,0.00,37.67,56.06
2005,-0.03052,0.03247,1.01245,0.01891,0.00373,-0.41572,1.64,37.38,54.12
2006,-0.02588,-0.01978,1.02441,-0.00799,0.00719,-0.51492,2.09,37.67,55.31
2007,0.01587,-0.07568,1.02466,-0.02570,0.00493,-0.40360,2.24,37.82,54.12
2008,0.00244,-0.08545,1.02441,-0.01798,-0.00533,-0.14794,2.24,37.82,54.12
2009,-0.02295,-0.04687,1.00928,-0.01944,-0.00413,-0.12490,3.29,37.97,53.82
2010,0.00049,-0.08740,1.00098,-0.02450,0.00146,-0.11531,1.94,37.08,54.72
2011,0.00220,-0.06299,1.01538,0.00639,-0.00360,-0.06285,3.44,38.12,54.72
2012,-0.04199,0.05469,1.01270,0.01891,-0.00852,-0.17763,1.64,36.63,55.46
2013,0.02417,-0.06958,1.02905,0.02676,-0.00919,-0.51053,1.64,36.63,55.46
2014,-0.04321,-0.02637,1.05737,0.01838,-0.01358,-0.22530,2.24,36.33,55.46
2015,-0.02661,-0.06567,1.01440,-0.03009,0.00879,-0.62491,2.69,37.38,55.17
2016,-0.11255,-0.04468,1.08716,0.09268,-0.03702,-0.76832,3.44,37.38,55.91
2017,0.07104,-0.01074,1.02148,-0.03848,0.00892,-0.79336,4.19,38.12,54.72
2018,-0.05640,0.01563,1.00098,-0.04674,0.01651,-0.44062,4.19,38.12,54.72
2019,-0.00513,-0.16187,0.96655,-0.06192,0.01917,-0.20573,3.59,37.97,56.06
2020,-0.03320,-0.00488,1.01685,-0.02344,0.00120,-0.30853,5.68,37.08,54.12
2021,0.02905,-0.11450,1.03833,-0.00439,-0.00080,-0.44754,5.68,37.38,54.72
2022,-0.03760,-0.01392,0.99902,0.01198,-0.00173,-0.36592,5.68,37.38,54.72
2023,-0.06323,-0.01489,0.96655,0.00866,0.00652,-0.36379,5.38,35.73,55.02
2024,-0.00317,-0.01978,1.01929,0.02583,-0.00453,-0.42011,5.98,36.63,54.12
2025,-0.03662,0.04028,1.06079,0.02237,-0.00546,-0.62877,4.49,37.08,54.12
2026,-0.04980,0.00952,0.99390,0.01638,-0.00346,-0.68070,6.58,37.67,53.52
2027,-0.01050,-0.03809,0.99121,0.01198,0.01119,-0.80907,6.58,37.67,53.52
2028,-0.09839,-0.02734,0.99194,0.03182,-0.00306,-0.94169,5.98,37.82,55.46
2029,-0.01318,-0.06177,1.00098,0.02490,-0.00027,-0.99030,6.58,36.93,55.02
2030,-0.00122,0.05688,1.03271,0.05273,-0.02131,-0.92412,6.73,38.12,54.12
2031,-0.04004,-0.04199,1.00684,0.03369,-0.00759,-0.90894,6.73,38.12,54.12
2032,-0.11426,-0.06177,0.94507,0.01851,0.00186,-0.93836,7.92,36.93,54.57
2033,-0.11865,-0.02319,0.97925,0.02357,-0.00439,-0.92545,6.58,37.23,53.82
2034,-0.10596,-0.00439,1.01611,0.01838,-0.01851,-0.88856,9.42,36.48,53.82
2035,-0.00879,-0.09521,1.00269,0.02384,-0.00306,-0.98191,7.62,35.73,53.82
2036,0.02393,-0.00928,1.05835,0.02277,-0.01465,-1.06913,7.62,35.73,53.82
2037,-0.12793,-0.17285,1.01489,0.01451,-0.01039,-1.34530,8.52,35.88,55.46
2038,-0.02588,-0.04370,1.04517,0.05167,-0.01425,-1.49177,11.06,35.58,53.67
2039,-0.02539,-0.06689,1.02344,0.03902,-0.03196,-1.22492,10.76,36.63,53.37
2040,-0.00977,-0.04175,1.01758,0.05313,-0.03382,-1.36687,10.32,36.63,53.37
2041,0.03662,-0.01025,1.00952,0.04953,-0.01478,-1.47765,10.32,36.63,53.37
2042,0.07202,-0.07251,1.04932,0.03076,-0.02051,-1.29043,12.56,35.13,52.62
2043,0.04102,0.02466,1.02661,0.01917,-0.01931,-1.36753,12.56,35.58,55.46
2044,0.01465,0.02783,1.00024,0.00652,-0.03063,-1.21760,13.31,35.58,54.42
2045,0.06494,0.02930,1.00928,0.01079,-0.01052,-1.25768,13.31,35.58,54.42
2046,-0.03516,-0.03076,0.99561,0.01545,-0.00546,-1.30948,14.05,34.38,53.67
2047,-0.06860,-0.09131,1.02222,0.02384,-0.01651,-1.36700,14.95,36.48,54.57
2048,-0.04004,0.01587,0.97559,0.04155,-0.03116,-1.45795,15.70,34.53,55.31
2049,0.02515,-0.04395,1.00854,0.01158,-0.01172,-1.48245,15.85,34.83,53.37
2050,0.07202,-0.04053,1.02295,0.01571,-0.01305,-1.56860,15.85,34.83,53.37
2051,0.09448,0.00977,1.01782,0.02024,-0.01878,-1.43691,17.34,35.13,54.12
2052,0.04053,-0.02808,0.99487,0.02330,-0.01651,-1.52746,16.00,32.74,54.27
2053,0.03906,-0.06421,1.04395,0.02157,-0.02370,-1.60589,19.58,33.19,55.17
2054,0.00488,-0.01172,1.01807,0.02397,-0.01838,-1.68365,19.58,33.19,55.17
2055,-0.01831,-0.05127,0.98486,0.01944,-0.01931,-1.75396,19.58,30.95,53.67
2056,-0.01196,0.00024,1.01685,0.02823,-0.02384,-1.83412,19.43,32.29,53.22
2057,-0.07593,-0.04224,0.99561,0.01651,-0.01811,-1.96288,19.58,31.39,54.72
2058,0.04907,-0.16431,1.02539,0.00786,-0.01744,-2.01348,20.33,30.95,54.12
2059,-0.00879,-0.04077,1.02026,0.00373,-0.01491,-1.93146,20.33,30.95,54.12
2060,0.02197,-0.04858,1.01611,0.03449,-0.03236,-1.96741,21.38,30.95,53.37
2061,-0.02075,0.03198,1.02148,0.01079,-0.01332,-1.71361,23.17,29.75,53.37
2062,0.04761,-0.00757,1.00708,0.01625,-0.01212,-1.51427,22.72,28.85,53.52
2063,0.00977,0.02954,1.02344,0.03808,-0.03462,-1.88911,23.62,30.20,52.92
2064,0.01831,0.01196,1.03174,0.04181,-0.03369,-2.20510,25.56,28.55,53.52
2065,0.02490,0.03174,1.02344,0.03249,-0.02916,-2.25437,25.41,27.51,55.17
2066,-0.01831,0.04590,0.99658,0.05699,-0.04115,-2.59046,24.67,27.96,52.62
2067,-0.03320,0.03540,1.01318,0.01678,-0.01425,-2.85544,25.56,26.61,53.52
2068,-0.00317,-0.08789,1.03735,0.01518,-0.03622,-3.44653,25.56,26.61,53.52
2069,0.06567,-0.13672,1.04346,0.05646,-0.04834,-2.98753,27.66,25.27,54.12
2070,0.01025,0.05640,1.00684,0.03981,-0.02530,-2.64705,26.46,24.52,54.12
2071,0.08081,-0.11890,1.02710,0.01997,-0.03129,-2.70311,30.05,22.42,53.52
2072,-0.01782,-0.02368,1.01611,0.03742,-0.03422,-3.28474,29.45,22.57,52.92
2073,-0.10913,0.07861,1.00269,0.02290,-0.02091,-2.91816,29.45,22.57,52.92
2074,-0.05249,-0.05127,1.00146,0.03742,-0.03635,-3.02788,31.39,20.03,54.27
2075,-0.01929,-0.02246,1.01099,0.02637,-0.03129,-2.78593,31.99,19.14,54.42
2076,0.07153,-0.05469,1.01367,0.03449,-0.04101,-2.84692,31.84,17.79,52.03
2077,-0.02075,-0.02686,1.00684,0.01984,-0.02637,-2.88101,31.84,17.79,52.03
2078,0.00854,-0.00586,0.99121,0.02796,-0.02503,-2.90458,34.24,15.70,52.62
2079,0.04395,-0.01733,1.02930,0.02397,-0.03182,-2.88807,34.53,16.15,53.37
2080,-0.03955,-0.05273,1.00220,0.01292,-0.02157,-2.84945,33.64,14.05,53.82
2081,-0.00732,-0.10522,1.02295,0.01691,-0.03129,-2.77941,34.38,13.60,55.31
2082,0.03857,0.02222,1.00928,0.03036,-0.03316,-2.74385,34.38,13.60,55.31
2083,-0.05420,-0.08838,1.00342,0.01518,-0.02490,-2.69459,35.88,12.11,53.22
2084,-0.03076,0.00220,1.00171,0.01744,-0.01678,-2.13333,35.28,10.47,54.42
2085,0.04443,-0.04492,1.01611,0.01158,-0.02064,-2.36662,36.03,8.82,51.88
2086,-0.02148,-0.02612,1.01416,0.00466,-0.00546,-2.20443,36.03,8.82,51.88
2087,-0.02393,-0.03711,1.02002,0.01944,-0.02064,-2.06794,36.78,7.33,54.72
2088,-0.04663,0.02808,1.00708,0.01585,-0.01864,-1.94278,36.78,7.03,53.37
2089,-0.00366,-0.02905,1.03027,0.02131,-0.02676,-1.89351,35.43,5.23,53.52
2090,-0.03467,-0.06055,1.01392,0.01411,-0.02357,-1.91228,35.13,4.93,54.27
2091,-0.00562,0.01367,1.01147,0.02011,-0.02091,-1.93758,35.13,4.93,54.27
2092,-0.00977,-0.05469,1.01001,0.01132,-0.01598,-1.96262,36.03,2.39,52.92
2093,-0.00122,-0.03638,1.02026,0.00053,-0.01105,-1.96781,35.73,3.59,53.67
2094,0.00073,-0.02905,1.01465,0.01292,-0.01718,-1.91202,36.48,3.14,52.92
2095,-0.02319,-0.00854,1.01147,0.01292,-0.01145,-1.81947,36.93,0.30,53.82
2096,-0.05029,-0.04053,1.01172,-0.00160,-0.01398,-1.75809,36.93,0.30,53.82
2097,-0.02344,-0.04785,1.00830,-0.00053,-0.01012,-1.71920,36.63,-1.50,54.27
2098,-0.03027,-0.02979,1.01733,0.01372,-0.02077,-1.53198,36.93,-1.05,53.52
2099,-0.04443,-0.00171,1.01221,0.00053,-0.01904,-1.55861,37.67,-2.24,53.52
2100,-0.03467,0.01245,1.00342,0.01212,-0.01425,-1.64970,37.67,-2.24,53.52
2101,-0.02832,0.01099,1.00903,0.01172,-0.02024,-1.73878,36.03,-3.14,53.37
2102,0.00366,-0.10107,1.02222,0.00293,-0.01372,-1.73372,36.18,-3.74,53.52
2103,-0.00415,0.03442,1.01611,0.01252,-0.01651,-1.76461,36.48,-3.89,53.67
2104,-0.00903,-0.00464,1.01440,0.01944,-0.02091,-1.92294,35.73,-6.28,53.67
2105,0.02466,-0.03711,1.01685,0.01398,-0.00812,-1.86168,35.73,-6.28,53.67
2106,-0.03296,0.00977,1.00171,0.00386,-0.02157,-1.88538,34.24,-7.33,53.37
2107,-0.00513,-0.01001,1.02588,0.01851,-0.01411,-1.82360,35.28,-8.07,54.42
2108,-0.00854,-0.04883,1.01294,-0.00040,-0.01691,-1.75382,35.28,-8.82,52.92
2109,0.01318,-0.00146,1.01367,0.00746,-0.01385,-1.65968,35.28,-8.82,52.92
2110,0.01978,-0.07471,1.02368,0.00892,-0.00959,-1.67193,34.83,-9.42,53.22
2111,-0.03687,0.04248,1.01538,0.02610,-0.01824,-1.79177,34.98,-11.51,54.12
2112,0.07275,-0.08057,1.02124,0.01172,-0.01691,-1.82560,35.28,-11.21,54.42
2113,0.01025,-0.04321,1.01074,0.02144,-0.02437,-1.78472,34.83,-11.66,54.27
2114,0.00317,-0.05591,1.01294,0.01944,-0.01731,-1.69151,34.83,-11.66,54.27
2115,0.02222,-0.01733,1.01758,0.02024,-0.01718,-1.60216,34.98,-13.45,53.67
2116,0.03906,-0.05908,1.02271,0.00945,-0.01358,-1.50535,33.49,-13.01,54.12
2117,0.03223,-0.03589,1.00513,0.00945,-0.01332,-1.49576,34.09,-14.80,55.31
2118,0.02783,-0.02368,1.02637,0.02064,-0.01798,-1.28231,32.89,-14.80,53.82
2119,-0.00049,-0.00513,1.01538,0.01851,-0.01305,-1.20042,32.89,-14.80,53.82
2120,-0.01245,0.00952,1.00244,0.01065,-0.01771,-1.13251,32.89,-14.80,54.27
2121,0.00220,-0.01685,1.01904,0.00533,-0.01132,-1.15142,33.49,-16.15,54.12
2122,-0.02563,-0.01465,1.00171,0.01225,-0.01305,-1.30721,32.74,-16.15,54.12
2123,-0.01587,-0.02588,0.99707,0.00373,-0.00959,-1.33478,32.74,-16.15,54.12
2124,0.00024,-0.02661,1.01489,0.00652,-0.00959,-1.32812,31.84,-18.24,53.52
2125,-0.00122,-0.01099,1.00830,0.01292,-0.00959,-1.27699,31.25,-17.94,53.37
2126,0.04663,-0.07910,1.04199,0.01491,-0.01678,-1.13384,31.99,-17.19,54.42
2127,0.02124,-0.07178,1.01489,0.01292,-0.01811,-1.07126,30.80,-19.73,54.57
2128,0.00366,-0.04028,1.01465,0.00852,-0.00706,-0.92824,30.80,-19.73,54.57
2129,0.02808,-0.02759,1.01050,0.00226,-0.01292,-0.89575,30.95,-19.14,53.67
2130,0.00220,-0.03125,1.01392,0.00120,-0.00892,-0.77285,31.39,-21.23,53.82
2131,-0.02222,0.04395,1.01343,0.00879,-0.00932,-0.87898,30.35,-19.73,53.82
2132,-0.00244,-0.01196,1.01831,0.00626,-0.00799,-1.02665,30.35,-19.73,53.82
2133,0.01465,-0.02393,1.01782,0.00067,-0.00599,-1.00082,29.75,-21.83,53.67
2134,0.02783,-0.05957,1.01440,-0.01039,-0.00479,-0.89669,31.69,-23.02,53.67
2135,-0.06567,0.00391,1.01050,0.01598,-0.00959,-0.93610,29.75,-21.08,54.42
2136,0.06836,-0.06396,1.00684,0.01411,-0.00439,-1.10654,30.05,-21.68,53.82
2137,-0.02075,-0.04590,0.99658,0.00759,-0.00759,-0.84835,30.05,-21.68,53.82
2138,0.01587,-0.07056,1.01392,0.01039,-0.01079,-0.87245,30.35,-23.47,54.27
2139,0.02734,-0.03564,1.00952,0.00053,-0.00040,-0.89775,28.70,-22.13,54.12
2140,0.00757,-0.02466,1.00293,-0.00479,-0.00706,-0.73983,27.96,-24.82,54.12
2141,-0.02905,0.00781,1.01953,0.01425,-0.01278,-0.79389,27.96,-24.82,54.12
2142,0.01782,-0.05225,1.02686,0.00200,-0.01105,-0.84742,28.40,-24.52,54.12
2143,-0.01538,-0.01636,1.02075,-0.00280,-0.00666,-0.75261,28.40,-25.27,54.12
2144,-0.02930,-0.01270,1.00708,0.00466,-0.00506,-0.84356,26.76,-23.92,53.52
2145,0.03247,-0.04126,1.01855,0.00293,-0.00892,-0.89176,27.36,-23.92,53.82
2146,0.00684,-0.01880,1.01489,0.00652,-0.01318,-0.74915,27.36,-23.92,53.82
2147,-0.02734,0.02271,1.02759,0.00999,-0.01571,-0.82665,27.96,-24.07,52.92
2148,-0.00562,-0.03418,1.00098,-0.00253,-0.00360,-0.88683,27.81,-25.41,53.22
2149,0.00879,-0.02100,1.02856,0.00972,-0.01798,-0.97525,26.46,-24.52,53.37
2150,-0.01563,-0.00024,1.01733,0.00879,-0.00706,-1.05248,26.76,-25.86,54.57
2151,-0.00366,0.01099,1.01611,0.00812,-0.00626,-1.06806,26.76,-25.86,54.57
2152,-0.02905,-0.00854,1.00415,0.01119,-0.01172,-1.10295,26.31,-26.16,54.27
2153,0.02759,-0.07031,1.01685,0.00652,-0.01172,-1.16101,25.27,-26.91,53.82
2154,-0.00659,-0.00732,1.01636,0.01678,-0.01185,-1.18031,25.27,-26.16,52.77
2155,0.01025,-0.03174,1.01904,0.02037,-0.01625,-1.18897,25.27,-26.16,52.77
2156,0.00537,-0.01489,1.01587,0.01225,-0.01145,-1.24143,23.77,-26.91,53.22
2157,0.03833,-0.03467,1.01782,0.01545,-0.01611,-1.20961,25.12,-27.21,53.37
2158,0.01563,-0.06250,1.02026,0.00706,-0.00959,-1.08351,24.07,-27.66,53.82
2159,-0.00122,-0.04614,1.02173,-0.00160,-0.00919,-0.94795,24.07,-28.85,53.52
2160,-0.03564,-0.00952,1.01318,0.01345,-0.00879,-0.86460,24.07,-28.85,53.52
2161,-0.00415,-0.02686,1.01807,-0.00200,-0.00320,-0.84715,24.37,-29.00,52.62
2162,0.00000,-0.04419,1.01392,0.00652,-0.01478,-0.83690,24.67,-30.20,53.52
2163,-0.00488,-0.00659,0.99951,0.00599,-0.00919,-0.78177,24.67,-30.20,53.67
2164,-0.03052,-0.03296,1.01221,0.00972,-0.01198,-0.79136,24.67,-30.20,53.67
2165,-0.01318,-0.00269,1.01514,0.00879,-0.00599,-0.81546,21.98,-30.35,55.02
2166,-0.00903,-0.05981,1.01294,-0.00186,-0.01238,-0.78457,23.47,-30.80,55.02
2167,-0.02002,-0.05176,1.00610,-0.00226,-0.00852,-0.82891,21.98,-30.80,52.77
2168,0.01685,-0.00098,1.02808,0.01198,-0.00799,-0.72837,21.98,-30.80,52.77
2169,0.01685,-0.02271,1.02490,-0.00852,-0.00386,-0.75967,21.98,-30.80,52.77
2170,0.01636,-0.02588,1.01855,0.00599,-0.00719,-0.64781,21.53,-30.35,52.47
2171,-0.00342,-0.01636,1.01001,0.00173,-0.01105,-0.60161,20.78,-31.84,54.27
2172,-0.04834,0.04980,1.01538,0.00186,-0.00293,-0.79975,21.23,-30.35,54.27
2173,-0.00049,-0.04810,1.01050,0.00506,-0.01198,-0.77525,21.23,-30.35,54.27
2174,0.01880,-0.04297,1.01221,0.01398,-0.01039,-0.73756,19.88,-31.69,53.67
2175,-0.00293,-0.02100,1.02197,0.01079,-0.00799,-0.65540,19.58,-31.39,52.92
2176,0.01611,-0.04907,1.02319,0.00413,-0.01172,-0.55407,19.88,-30.95,54.42
2177,0.01147,-0.04639,1.01563,-0.00386,-0.00373,-0.37604,19.88,-30.95,54.42
2178,-0.00269,-0.02808,1.01514,-0.00053,-0.00333,-0.32957,19.58,-32.44,53.67
2179,-0.00806,-0.01709,1.02271,0.01185,-0.01771,-0.33409,20.48,-33.04,53.22
2180,-0.01147,-0.03857,1.01831,0.00533,-0.01145,-0.30333,19.58,-32.44,52.92
2181,-0.03662,-0.02563,1.01465,0.01824,-0.01065,-0.31479,19.73,-33.49,53.82
2182,0.01367,-0.02808,1.01538,0.00240,-0.00692,-0.24328,19.73,-33.49,53.82
2183,0.02905,-0.02002,1.01147,-0.01132,-0.00639,-0.22996,19.88,-32.14,52.92
2184,-0.00635,-0.00708,1.01758,-0.01332,-0.00732,-0.23356,17.94,-33.49,55.31
2185,-0.00171,-0.02148,1.01611,-0.01957,-0.00386,-0.20986,19.43,-32.74,53.22
2186,-0.02344,0.01978,1.01563,0.00346,-0.01252,-0.23822,19.43,-32.74,53.22
2187,-0.01538,0.02466,1.02002,-0.00866,-0.00200,-0.34701,19.58,-33.19,52.62
2188,-0.00732,-0.01099,1.01440,0.00613,-0.01265,-0.40054,19.43,-32.74,54.27
2189,-0.01782,0.00366,1.01465,-0.00027,-0.00972,-0.39401,18.24,-33.79,53.52
2190,-0.05737,0.01416,1.00952,0.01185,-0.00413,-0.49282,19.88,-32.89,52.92
2191,-0.01025,-0.00342,1.02100,0.00213,-0.00959,-0.69628,19.88,-32.89,52.92
2192,-0.03198,-0.00269,1.01489,0.02397,-0.01225,-0.83930,18.09,-32.44,54.12
2193,0.03223,-0.00317,1.01465,0.00027,-0.01079,-0.85261,17.34,-32.89,52.92
2194,0.05444,-0.05615,1.01416,-0.02011,-0.00093,-0.72558,17.34,-33.64,53.67
2195,0.06372,-0.10938,1.01709,-0.01172,-0.00426,-0.49641,16.59,-34.38,53.37
2196,0.03833,-0.01099,1.08032,0.06578,-0.02956,-0.36006,16.30,-33.19,52.92
2197,0.00928,0.03296,1.09058,0.08429,-0.04141,-0.31665,17.19,-34.98,52.77
2198,-0.06958,-0.20923,0.82153,-0.06685,0.01158,-0.22024,16.00,-34.24,53.22
2199,0.00415,-0.18359,0.94507,-0.09428,0.02237,0.02011,17.34,-33.19,52.92
2200,-0.05420,-0.06958,0.91724,-0.05326,0.01944,-0.01744,17.34,-33.19,52.92
2201,-0.23120,-0.09619,1.01001,0.01531,-0.01571,-0.08948,17.19,-33.49,53.52
2202,-0.04126,-0.15234,0.98511,-0.08296,0.01451,0.31425,16.00,-34.53,54.57
2203,-0.01270,0.12231,1.12500,0.00439,-0.01132,-0.09468,17.04,-33.19,54.72
2204,0.11084,0.00806,1.02783,0.01664,-0.02077,-0.39242,17.34,-35.58,54.12
2205,0.12866,0.15918,1.04346,0.03369,-0.02690,-0.31239,17.34,-35.58,54.12
2206,0.09204,0.06079,0.92993,-0.02557,-0.01372,-0.62132,17.34,-32.14,53.67
2207,0.21753,-0.23047,1.04810,0.01545,-0.00573,-0.19907,15.70,-34.24,52.77
2208,-0.01880,-0.15454,1.01318,0.01691,-0.00027,0.03023,16.74,-36.03,53.22
2209,-0.06152,0.01978,1.00781,-0.03755,0.01025,0.47205,16.74,-36.03,53.22
2210,0.05762,0.03467,1.00659,-0.01025,-0.00453,0.17950,16.44,-35.28,53.22
2211,-0.00781,-0.01392,1.00269,-0.00160,-0.00386,0.03435,18.39,-33.94,53.67
2212,-0.00366,-0.03003,1.00610,0.03955,-0.02370,0.00466,17.34,-32.89,54.72
2213,-0.00806,-0.02319,1.01929,0.08948,-0.03409,0.01638,17.19,-33.04,52.47
2214,0.00293,-0.02173,1.02075,0.06685,-0.02743,0.14847,17.19,-33.04,52.47
2215,-0.01660,-0.00732,1.01831,0.05180,-0.02157,0.22477,16.44,-34.53,54.27
2216,-0.01025,-0.02344,1.00879,0.03129,-0.01345,0.05766,16.44,-33.49,52.77
2217,-0.00439,-0.01489,1.01538,0.02237,-0.01119,-0.00107,16.44,-33.04,53.82
2218,-0.00562,-0.01196,1.01147,0.01824,-0.01332,-0.00666,16.44,-33.04,53.82
2219,-0.09912,0.12866,1.01099,0.03742,-0.01997,-0.21012,16.00,-34.53,53.52
2220,-0.05615,-0.03857,1.02124,0.04940,-0.03116,-0.51039,17.49,-34.24,52.77
2221,-0.02856,-0.00610,1.01514,0.04754,-0.03063,-0.38975,16.74,-34.24,52.77
2222,0.00317,-0.01880,1.02441,0.05353,-0.03822,-0.33875,17.19,-34.53,54.27
2223,0.00366,-0.00024,1.01758,0.04381,-0.02903,-0.33516,17.19,-34.53,54.27
2224,-0.00122,0.00830,1.01147,0.04088,-0.03382,-0.34328,15.55,-34.38,54.72
2225,-0.01514,0.04102,1.01587,0.04980,-0.03555,-0.37737,17.34,-34.83,52.62
2226,0.07227,0.10571,1.02075,0.04194,-0.03103,-0.72238,17.19,-33.79,53.82
2227,0.00879,-0.10498,1.00879,0.04594,-0.04008,-1.45622,16.59,-34.83,53.67
2228,0.01685,-0.03516,1.02002,0.03968,-0.04674,-1.46567,16.59,-34.83,53.67
2229,0.04248,-0.07837,1.01563,0.05539,-0.04314,-1.68911,15.55,-35.13,52.62
2230,0.07471,-0.04492,1.01245,0.05153,-0.05340,-1.84917,14.05,-36.33,53.67
2231,0.07690,-0.05298,1.01563,0.05100,-0.04394,-2.16728,13.16,-35.28,52.47
2232,0.08228,-0.06738,1.03198,0.12304,-0.09081,-2.35184,13.16,-35.28,52.47
2233,0.03174,-0.01074,0.99487,0.19255,-0.07430,-2.57168,11.66,-36.03,54.27
2234,0.04370,-0.07031,1.04199,0.20666,-0.10027,-2.58992,10.91,-36.48,54.57
2235,-0.00586,-0.07104,1.03296,0.20107,-0.10107,-2.61589,10.17,-37.23,54.27
2236,0.01270,0.01636,1.00659,0.13968,-0.12051,-2.33959,10.17,-37.97,53.82
2237,-0.00537,-0.00757,1.01172,0.03356,-0.03289,-2.28486,10.17,-37.97,53.82
2238,-0.00586,-0.00830,1.01074,0.01851,-0.02983,-2.36648,7.92,-37.67,53.82
2239,0.00537,-0.03027,1.01563,0.03622,-0.01025,-2.21948,7.33,-37.23,53.82
2240,0.00977,-0.02271,1.02734,0.04088,-0.01531,-2.16422,6.58,-38.42,54.27
2241,0.00586,-0.02295,1.03076,0.01571,-0.03063,-1.92706,6.58,-38.42,54.27
2242,0.00635,0.00073,1.01685,0.01864,-0.01744,-1.71641,4.63,-39.17,55.02
2243,-0.02295,-0.00244,1.01440,0.00493,-0.03808,-1.81255,2.99,-39.32,55.91
2244,0.02026,-0.00684,1.00659,0.01664,-0.03941,-2.00456,4.19,-39.02,54.12
2245,0.00513,-0.00464,1.02271,0.03089,-0.04421,-2.00909,1.79,-39.17,55.31
2246,-0.02539,-0.02661,1.01221,0.01784,-0.04274,-1.97101,1.79,-39.17,55.31
2247,-0.00879,-0.00269,1.01221,0.04501,-0.04647,-1.76141,-0.45,-39.32,55.17
2248,0.00049,-0.00244,1.00269,0.03981,-0.05073,-1.63918,-1.20,-39.32,54.12
2249,-0.02295,0.01050,1.00317,0.01345,-0.03662,-1.47073,-0.15,-40.51,55.46
2250,-0.02393,0.00854,1.01416,0.00639,-0.03462,-1.33584,-0.15,-40.07,55.17
2251,0.00659,0.00293,1.00928,-0.00173,-0.04088,-1.34769,-0.15,-40.07,55.17
2252,0.00659,0.00293,1.02441,-0.00413,-0.02703,-1.42998,-1.64,-39.77,54.72
2253,-0.00098,0.00586,1.01563,-0.00626,-0.03768,-1.56967,-3.29,-39.47,56.81
2254,0.00171,-0.01685,1.02441,-0.03542,-0.02663,-1.47033,-2.99,-39.32,55.46
2255,-0.03613,0.00610,1.00244,-0.00453,-0.02117,-1.40255,-2.99,-39.32,55.46
2256,-0.01147,-0.01392,1.01318,0.01039,-0.03396,-1.34769,-3.44,-40.51,54.72
2257,-0.01172,-0.00928,1.02051,0.00905,-0.03742,-1.41986,-5.38,-39.47,55.02
2258,-0.02954,-0.00342,1.00195,0.03902,-0.03316,-1.50522,-5.83,-39.92,54.57
2259,0.01270,-0.01221,1.01758,0.01891,-0.04128,-1.58165,-6.28,-40.51,54.42
2260,0.05078,0.00757,1.00781,0.00999,-0.09348,-1.39909,-6.28,-40.51,54.42
2261,-0.00269,-0.01465,1.00806,-0.00466,-0.11784,-1.80016,-6.88,-37.97,55.02
2262,-0.02222,-0.02319,1.03711,-0.07191,-0.11505,-1.79444,-7.77,-39.32,54.72
2263,0.04541,-0.01733,1.06177,-0.05739,-0.08975,-1.91055,-8.22,-39.32,55.17
2264,-0.00488,-0.00464,1.00977,-0.02969,-0.06059,-1.90363,-8.22,-39.32,55.17
2265,-0.01489,-0.01294,1.01660,-0.01838,-0.04740,-1.86874,-10.91,-38.42,55.02
2266,-0.04712,0.00244,1.01807,-0.00866,-0.02397,-1.63518,-10.61,-38.72,54.57
2267,-0.01367,-0.02026,1.02466,-0.00746,-0.06112,-1.30921,-10.17,-39.17,55.02
2268,-0.00879,-0.02271,1.01929,0.00533,-0.06565,-1.13677,-11.96,-39.17,55.61
2269,-0.05127,0.02588,0.99585,-0.06858,0.03595,-0.84569,-11.96,-39.17,55.61
2270,0.00317,-0.00635,1.00439,-0.06418,-0.02690,-0.79096,-12.56,-38.12,54.72
2271,0.00781,-0.01343,1.01807,-0.10466,0.03542,-0.74249,-13.31,-37.82,54.72
2272,0.00000,0.00610,1.00537,-0.12410,0.09854,-0.86912,-13.01,-37.82,55.91
2273,-0.00977,-0.00317,1.01489,-0.21092,0.09800,-0.89988,-13.45,-39.47,55.02
2274,-0.03101,-0.01904,1.01855,-0.08895,0.09148,-0.86966,-13.45,-39.47,55.02
2275,-0.01465,-0.00464,1.00977,-0.03662,0.03209,-0.76326,-13.60,-39.02,55.91
2276,-0.01636,0.00220,1.01221,-0.01798,0.01372,-0.77418,-14.65,-37.97,55.61
2277,-0.01636,0.00977,1.01172,-0.01411,0.00932,-0.76619,-14.95,-37.97,55.61
2278,-0.00317,-0.02588,1.00952,-0.01398,-0.00120,-0.77644,-14.95,-37.97,55.61
2279,-0.01904,0.00342,1.01563,-0.01372,0.00027,-0.76419,-15.70,-37.23,54.57
2280,-0.01880,-0.00098,1.01929,-0.00160,-0.00053,-0.68417,-16.74,-37.67,56.81
2281,-0.00586,-0.02539,1.00928,-0.00746,-0.00146,-0.72758,-15.55,-38.12,54.72
2282,-0.02368,-0.00244,1.01050,-0.01345,0.00173,-0.78909,-15.55,-34.83,54.42
2283,-0.02246,0.00879,1.01196,-0.01465,-0.00080,-0.81439,-15.55,-34.83,54.42
2284,-0.02417,0.00073,1.01367,-0.01398,0.00080,-1.01586,-17.19,-37.67,55.61
2285,-0.02881,0.02173,1.01099,-0.01878,-0.00133,-1.16487,-17.49,-36.48,55.02
2286,0.00195,-0.01343,1.01465,-0.00772,-0.00346,-1.17379,-17.34,-35.58,55.17
2287,-0.00952,-0.00220,1.01318,-0.00479,-0.00799,-1.17445,-17.34,-35.58,55.17
2288,-0.00415,-0.02905,1.01611,0.00160,-0.00706,-1.06100,-18.99,-38.42,53.82
2289,-0.01245,-0.00610,1.01733,0.00479,-0.01518,-0.97299,-19.58,-37.08,54.42
2290,0.00537,-0.04687,1.01367,-0.00959,-0.01172,-0.94076,-18.24,-36.03,53.52
2291,0.00098,-0.02393,1.01904,-0.00040,-0.01145,-0.92159,-20.63,-36.33,54.72
2292,-0.01978,-0.00098,1.01807,0.00573,-0.01358,-0.83517,-20.63,-36.33,54.72
2293,-0.01172,0.01978,1.01489,-0.00320,-0.00253,-0.95914,-21.53,-35.73,55.61
2294,-0.01245,-0.00464,1.01099,0.00186,-0.00692,-0.97432,-19.88,-35.88,55.17
2295,0.02124,-0.02319,1.00757,0.00240,-0.00786,-0.96926,-20.78,-36.93,56.06
2296,-0.00488,-0.01050,1.01245,-0.00786,-0.00919,-0.91866,-21.08,-35.13,56.21
2297,-0.00708,-0.00342,1.00952,-0.00053,-0.00759,-0.95035,-21.08,-35.13,56.21
2298,0.00122,-0.04834,1.01294,-0.00107,-0.00839,-0.88843,-20.48,-35.73,54.27
2299,-0.00171,-0.02515,1.01221,0.00306,-0.00639,-0.73610,-21.08,-33.94,55.46
2300,-0.01855,-0.02466,1.00854,0.00306,-0.01358,-0.67045,-21.23,-33.79,55.61
2301,-0.01636,-0.00415,1.01489,0.00959,-0.01332,-0.58483,-21.23,-33.79,55.61
2302,-0.01270,-0.01709,1.01294,0.00333,-0.01398,-0.67937,-23.47,-33.04,54.57
2303,-0.01587,0.00098,1.00928,0.00839,-0.01385,-0.74369,-21.38,-35.13,54.72
2304,0.00244,-0.00439,1.01050,0.00373,-0.00706,-0.81626,-22.28,-35.28,55.61
2305,-0.01196,0.01489,1.01318,0.00919,-0.01531,-0.87725,-23.02,-34.24,55.61
2306,0.00024,-0.00439,1.01587,0.00266,-0.01265,-0.97378,-23.02,-34.24,55.61
2307,-0.00391,-0.03906,1.01074,0.01385,-0.02437,-0.92425,-23.62,-32.89,54.72
2308,-0.00049,-0.03735,1.01221,0.02237,-0.01518,-0.79642,-23.17,-32.89,55.46
2309,0.00488,-0.04321,1.01660,0.01798,-0.01864,-0.67924,-24.82,-33.49,55.31
2310,0.00171,-0.04199,1.01221,0.01904,-0.01638,-0.56739,-24.82,-33.49,55.31
2311,0.01318,-0.03784,1.01221,0.00985,-0.01545,-0.46459,-25.27,-33.49,56.06
2312,-0.01563,-0.01636,1.01099,0.00879,-0.01212,-0.39401,-25.71,-34.38,55.17
2313,-0.00415,-0.01831,1.01294,0.01212,-0.01119,-0.35833,-26.01,-34.24,55.02
2314,-0.01709,-0.01050,1.00806,0.00306,-0.01145,-0.39947,-25.27,-31.84,55.02
2315,-0.00464,-0.01611,1.00977,0.01092,-0.01678,-0.46219,-25.27,-31.84,55.02
2316,-0.00244,-0.03296,1.00562,0.02903,-0.02836,-0.49335,-26.31,-33.49,55.31
2317,-0.00122,-0.00708,1.01636,0.04234,-0.03156,-0.34794,-26.46,-32.89,54.72
2318,0.00122,-0.02075,1.01465,0.05153,-0.03489,-0.34515,-25.56,-33.04,55.02
2319,0.00049,-0.01465,1.01929,0.02823,-0.02463,-0.37377,-26.46,-32.14,54.42
2320,-0.02417,-0.01123,1.02246,-0.02503,0.00639,-0.38350,-26.46,-32.14,54.42
2321,-0.02417,-0.01245,1.01465,-0.07577,0.05313,-0.14541,-24.52,-33.04,56.06
2322,-0.01587,-0.00903,1.01563,-0.14501,0.08948,-0.00226,-27.06,-32.29,55.31
2323,-0.04834,-0.09229,0.94971,-0.32078,0.14221,-0.00040,-26.76,-32.74,54.27
2324,-0.02783,-0.03589,0.98755,-0.10386,0.04940,0.00786,-26.76,-32.74,54.27
2325,-0.06445,-0.09375,0.87549,0.00093,-0.01225,0.00320,-25.41,-32.14,55.46
2326,-0.02539,-0.04370,0.97705,-0.02384,-0.00040,0.00146,-23.77,-31.84,55.31
2327,-0.01685,-0.02368,1.01221,-0.00200,-0.00759,0.00706,-26.16,-32.14,55.91
2328,-0.01001,-0.01758,1.01807,0.00706,-0.00799,0.00493,-25.41,-30.65,55.17
2329,-0.01367,-0.01733,1.01123,0.00719,-0.00826,0.00226,-25.41,-30.65,55.17
2330,-0.01440,-0.01318,1.01392,0.00200,-0.00759,0.00466,-25.56,-33.04,54.57
2331,-0.03540,-0.03394,0.97339,-0.02344,0.01505,-0.01478,-25.71,-32.89,54.72
2332,-0.00610,-0.04346,0.99194,-0.08762,0.03569,-0.01997,-26.01,-33.49,54.57
2333,-0.01245,-0.01270,1.01929,-0.01491,-0.00360,0.00186,-26.01,-33.49,54.57
2334,-0.02197,-0.02222,1.00952,-0.00732,-0.00546,0.00812,-26.76,-33.04,54.27
2335,-0.02197,0.00342,1.00049,0.01132,-0.03768,-0.05153,-25.41,-32.14,54.42
2336,-0.03955,0.14063,1.16821,-0.01052,-0.00280,-0.15047,-25.56,-30.80,54.57
2337,0.09155,0.08447,1.23389,0.13010,-0.09787,-0.88910,-26.31,-33.49,54.57
2338,0.00757,-0.18530,0.99609,-0.00439,-0.00613,-0.43183,-26.31,-33.49,54.57
2339,-0.00464,0.05127,1.01392,0.05593,-0.02943,-0.35820,-27.21,-32.44,54.72
2340,-0.00049,-0.01855,1.01221,0.04581,-0.02969,-0.41798,-26.31,-33.04,55.31
2341,0.00342,-0.05737,1.02026,0.04035,-0.03023,-0.45394,-26.46,-31.69,56.51
2342,-0.00977,-0.06152,1.01465,0.03968,-0.02277,-0.34847,-27.81,-32.29,54.57
2343,-0.01465,-0.03809,1.00269,0.02903,-0.01704,-0.23489,-27.81,-32.29,54.57
2344,-0.00562,0.00928,1.01367,0.02756,-0.01305,-0.25673,-25.71,-31.69,54.72
2345,-0.01001,-0.00342,1.01025,0.02330,-0.00666,-0.33463,-27.81,-31.54,55.31
2346,-0.00830,-0.00122,1.01465,0.03129,-0.02131,-0.35846,-26.01,-31.10,55.02
2347,-0.00317,-0.01416,1.00977,0.02304,-0.01771,-0.45087,-26.01,-31.10,55.02
2348,-0.01172,-0.02563,1.01367,0.01545,-0.00932,-0.51892,-27.36,-31.54,55.61
2349,-0.00586,-0.01050,1.01587,0.01505,-0.01119,-0.47750,-27.96,-31.39,55.91
2350,-0.02441,-0.01025,1.01636,0.00932,-0.01798,-0.48496,-27.66,-30.65,55.46
2351,-0.01318,0.01294,1.01001,0.00759,-0.01678,-0.61705,-28.40,-30.65,54.12
2352,-0.00146,-0.02026,1.01221,0.01798,-0.00945,-0.68563,-28.40,-30.65,54.12
2353,-0.00537,-0.02393,1.00537,0.01158,-0.02131,-0.75328,-28.70,-31.39,55.91
2354,-0.02612,-0.02930,1.01196,0.01358,-0.01079,-0.68377,-28.55,-30.80,55.02
2355,-0.00659,-0.01636,1.01221,0.00599,-0.01238,-0.65913,-29.45,-29.45,55.46
2356,0.00732,-0.03198,1.01221,0.01744,-0.01198,-0.72198,-29.45,-29.45,55.46
2357,-0.01978,-0.01440,1.01221,0.01079,-0.01012,-0.81906,-29.45,-29.45,54.12
2358,-0.00391,-0.01514,1.01196,0.01385,-0.01358,-0.83836,-29.30,-29.60,56.06
2359,0.00342,0.01685,1.01636,0.00719,-0.01585,-0.80481,-29.45,-30.20,54.72
2360,-0.03223,-0.03052,1.01636,0.00839,-0.01025,-0.70840,-30.35,-29.60,53.82
2361,0.00098,0.00586,1.01123,0.00027,-0.00999,-0.65128,-30.35,-29.60,53.82
2362,-0.01074,0.01196,1.01660,0.00599,-0.01358,-0.70907,-31.99,-29.75,53.67
2363,-0.00903,0.02661,1.01367,0.00652,-0.00839,-0.83610,-30.80,-28.11,55.31
2364,-0.01270,0.02881,1.00977,0.01784,-0.02024,-1.03517,-29.60,-27.66,53.22
2365,-0.00757,-0.04663,1.01196,0.01292,-0.01758,-0.99416,-29.60,-27.66,55.31
2366,0.00146,0.00513,1.01709,0.01904,-0.01358,-0.92891,-29.60,-27.66,55.31
2367,-0.01587,-0.03833,1.01099,0.00586,-0.01318,-0.75567,-30.95,-26.76,55.17
2368,-0.02393,0.00830,1.01318,-0.00213,-0.01238,-0.67271,-31.39,-29.30,53.82
2369,-0.01245,0.00732,1.01538,0.00519,-0.01065,-0.68097,-31.39,-29.30,53.82
2370,-0.02222,0.00073,1.01001,0.00280,-0.01052,-0.66499,-31.39,-29.30,53.82
2371,-0.02002,0.01245,1.01440,0.00892,-0.01478,-0.69548,-32.74,-28.70,54.12
2372,-0.02490,0.02051,1.01123,0.00879,-0.01838,-0.70560,-33.49,-26.01,55.17
2373,-0.01636,-0.03052,1.01733,0.00945,-0.01158,-0.70015,-33.79,-26.76,55.17
2374,-0.02515,0.00195,1.01440,0.00652,-0.01025,-0.80787,-33.79,-26.76,55.17
2375,-0.00439,-0.00391,1.01196,0.00639,-0.00959,-0.86926,-33.64,-26.61,55.17
2376,-0.02612,0.01587,1.01636,0.01065,-0.00826,-0.91826,-34.09,-25.41,55.31
2377,-0.00952,-0.05737,1.01587,0.00652,-0.01332,-1.05448,-34.09,-24.67,55.31
2378,-0.01685,-0.00488,1.00928,0.00373,-0.00479,-1.09309,-34.09,-24.67,55.31
2379,-0.02466,-0.02686,1.01782,0.01531,-0.01212,-1.20415,-34.09,-25.41,53.82
2380,-0.02759,-0.03540,1.01172,-0.00732,-0.00666,-1.30721,-32.59,-23.17,55.31
2381,-0.01880,-0.06567,1.01392,0.00786,-0.00533,-1.55422,-35.88,-23.17,55.61
2382,0.00879,-0.02832,1.02222,0.02770,-0.02064,-1.78618,-34.83,-24.67,55.02
2383,-0.00098,-0.00903,1.02271,0.01824,-0.01518,-2.01748,-34.83,-24.67,55.02
2384,0.03125,-0.01514,1.01465,0.02051,-0.02210,-2.08312,-37.08,-21.83,54.12
2385,0.01636,0.03979,1.00537,0.01984,-0.01345,-1.94251,-35.88,-20.93,53.82
2386,-0.05225,0.04565,1.00732,0.01065,-0.00133,-1.99804,-36.93,-20.93,55.61
2387,-0.01782,0.05933,1.01001,0.01438,-0.01225,-1.89271,-38.27,-20.63,55.46
2388,-0.00293,-0.02441,1.01123,0.01411,-0.01425,-1.63119,-37.52,-19.14,55.91
2389,-0.00952,-0.00073,1.00635,0.00905,-0.00799,-1.43025,-38.12,-18.54,55.61
2390,-0.00439,-0.01270,1.01636,0.01691,-0.00506,-1.41041,-37.08,-18.84,54.72
2391,-0.02295,-0.06055,1.01782,0.00852,-0.01265,-1.34929,-38.12,-17.04,53.82
2392,-0.00610,-0.02197,1.01172,0.01411,-0.00985,-1.29763,-38.12,-17.04,53.82
2393,-0.02197,-0.02368,1.01050,0.01079,-0.00919,-1.37885,-39.17,-16.30,54.27
2394,-0.01343,-0.05200,1.02319,0.00346,-0.00546,-1.37965,-40.07,-16.44,55.17
2395,-0.02344,0.00244,1.02148,0.01292,-0.00546,-1.32812,-39.17,-14.35,54.57
2396,-0.01904,-0.03540,1.01807,-0.00639,0.00426,-1.29390,-40.22,-15.55,54.57
2397,-0.00806,-0.08472,1.00928,-0.01305,0.00466,-1.13158,-40.22,-15.55,54.57
2398,-0.00928,-0.04492,1.01465,-0.01411,0.00413,-0.84209,-40.66,-14.80,55.02
2399,-0.00586,-0.05469,1.01025,-0.00985,0.00506,-0.55633,-39.17,-14.80,55.31
2400,0.01709,-0.02490,1.01294,-0.02557,0.01518,-0.41372,-39.02,-13.01,53.67
2401,0.00391,-0.01489,1.01733,-0.02011,0.01438,-0.08962,-39.02,-13.01,53.67
2402,-0.03833,-0.01587,1.00244,-0.01997,0.01012,-0.06285,-39.92,-14.35,55.02
2403,-0.05347,-0.01025,1.01245,0.00839,-0.01052,-0.24008,-39.47,-13.31,54.57
2404,-0.04834,-0.01221,1.01245,0.01305,-0.00959,-0.49348,-38.42,-13.60,55.61
2405,-0.01855,-0.02368,1.00439,0.01997,-0.01518,-0.54888,-39.32,-14.20,55.17
2406,-0.01196,-0.01587,1.01196,0.01198,-0.01758,-0.49588,-39.32,-14.20,55.17
2407,-0.01440,-0.01440,1.00903,0.01598,-0.01451,-0.37298,-38.57,-12.71,55.91
2408,0.00195,-0.01758,1.01367,0.00932,-0.00759,-0.37630,-39.77,-13.75,55.46
2409,-0.01880,-0.01904,1.01343,0.00533,-0.00639,-0.29801,-40.51,-12.26,55.17
2410,-0.02466,-0.01514,1.01172,0.00506,-0.00799,-0.30307,-40.51,-12.26,55.17
2411,-0.03857,-0.00977,1.01514,0.00599,-0.00985,-0.41106,-40.07,-13.45,55.91
2412,-0.02417,-0.01392,1.02319,0.01385,-0.01545,-0.46232,-40.07,-13.01,55.46
2413,-0.02441,-0.02661,1.01611,0.01598,-0.01984,-0.46605,-39.92,-13.60,55.02
2414,-0.01514,-0.02173,1.01074,0.02037,-0.01651,-0.44821,-39.32,-13.01,55.46
2415,-0.01294,-0.02417,1.01416,0.02237,-0.01491,-0.43742,-39.32,-13.01,55.46
2416,-0.03003,-0.01025,1.01611,0.02077,-0.00732,-0.44475,-39.92,-12.11,54.57
2417,-0.04468,-0.01270,1.01001,0.02011,-0.01425,-0.57378,-39.77,-12.71,56.21
2418,-0.00220,-0.00049,1.01758,0.01851,-0.01305,-0.57617,-39.17,-12.11,55.02
2419,0.00781,-0.01709,1.01514,0.01465,-0.01305,-0.55727,-39.92,-10.91,55.61
2420,-0.03198,-0.01196,1.02051,0.01172,-0.01625,-0.46286,-39.92,-10.91,55.61
2421,-0.01611,-0.02051,1.01758,0.01238,-0.01957,-0.41652,-39.17,-8.67,55.61
2422,-0.03198,-0.00903,1.01147,0.00839,-0.01585,-0.31598,-40.51,-11.51,55.17
2423,-0.04932,0.05664,1.00049,0.01425,-0.01398,-0.34728,-40.07,-10.02,55.46
2424,-0.01147,-0.01636,1.02197,0.02397,-0.01997,-0.49015,-40.07,-10.02,55.46
2425,-0.04639,-0.03101,1.00586,0.01012,-0.01278,-0.61239,-39.32,-9.57,55.46
2426,-0.00610,0.00537,1.01123,0.01558,-0.01305,-0.63183,-39.32,-9.57,56.21
2427,-0.01880,-0.04907,1.02051,0.01451,-0.01558,-0.58443,-39.02,-10.02,54.72
2428,-0.02295,-0.02515,1.01978,0.00999,-0.01332,-0.46286,-39.77,-10.76,54.42
2429,-0.02148,-0.02075,1.01685,0.00999,-0.01731,-0.48802,-39.77,-10.76,54.42
2430,-0.01221,-0.01489,1.01685,0.01039,-0.00666,-0.40214,-40.66,-9.12,53.52
2431,-0.02173,-0.03296,1.02124,0.01345,-0.01425,-0.47391,-40.51,-9.57,56.21
2432,-0.01318,0.00098,1.01245,0.00786,-0.01438,-0.56033,-40.07,-9.27,54.12
2433,-0.01758,-0.05151,1.01660,0.01691,-0.01851,-0.63317,-37.67,-9.87,56.36
2434,-0.01367,0.01489,1.01440,0.01691,-0.01864,-0.73304,-40.22,-10.17,55.02
2435,-0.01978,0.01587,1.00977,0.01917,-0.01997,-0.77298,-41.86,-8.82,55.91
2436,-0.03613,0.06006,1.02124,0.02237,-0.01851,-0.83836,-40.07,-7.33,55.91
2437,-0.01001,0.01904,1.01440,0.02770,-0.02157,-1.04516,-41.41,-7.47,53.82
2438,-0.01221,-0.10742,1.02490,0.01119,-0.01185,-1.03664,-41.41,-7.47,53.82
2439,-0.04883,-0.02246,1.01343,0.01571,-0.01185,-0.87378,-40.96,-7.18,55.31
2440,-0.00293,-0.05884,1.02051,0.00759,-0.02290,-0.87884,-41.41,-7.18,55.31
2441,-0.03467,-0.04736,1.01489,0.00746,-0.01372,-0.95474,-42.46,-5.68,55.02
2442,-0.01587,-0.03442,1.01050,0.02184,-0.02197,-1.02438,-41.41,-5.23,55.02
2443,-0.00464,-0.01196,1.02197,0.02423,-0.02197,-1.13997,-41.41,-5.23,55.02
2444,-0.00391,-0.03564,1.01245,0.02703,-0.03009,-1.18111,-40.22,-5.98,56.81
2445,-0.03003,0.05273,1.00708,0.03236,-0.02277,-1.22359,-41.41,-4.19,56.36
2446,0.00098,-0.05591,1.01831,0.01465,-0.01678,-1.37725,-40.66,-3.74,54.27
2447,-0.05054,0.01807,1.00806,0.03435,-0.02503,-1.32239,-40.66,-3.74,54.27
2448,-0.02930,0.01099,1.00586,0.04194,-0.01571,-1.37845,-42.16,-2.99,55.61
2449,-0.03223,-0.00586,1.02075,0.06938,-0.03262,-1.44503,-40.66,-1.79,55.02
2450,-0.02368,0.01172,1.00708,0.03609,-0.01997,-1.40881,-41.41,-2.54,54.27
2451,-0.02148,0.06323,1.01343,0.04221,-0.02250,-1.46980,-41.56,-0.45,55.17
2452,0.00220,0.00586,1.01855,0.04794,-0.02557,-1.72426,-41.56,-0.45,55.17
2453,-0.00659,-0.00757,1.00317,0.06258,-0.03222,-1.49616,-41.56,0.45,55.46
2454,-0.02100,0.00366,1.01318,0.06019,-0.02796,-1.85023,-40.51,1.64,54.42
2455,-0.03809,-0.11890,1.01904,-0.01052,-0.01438,-1.45608,-41.56,0.45,55.46
2456,-0.03589,0.00244,1.01440,0.05420,-0.04008,-1.52000,-41.56,0.45,55.46
2457,-0.03149,-0.08643,0.99438,-0.00293,-0.02743,-1.54983,-40.81,1.64,55.17
2458,-0.00122,-0.01416,1.01245,-0.03023,-0.01997,-1.22838,-39.32,2.39,55.46
2459,-0.04321,-0.01440,1.00244,-0.04727,-0.01079,-1.12465,-41.56,3.14,53.67
2460,-0.02637,0.00024,1.01270,-0.05553,-0.00439,-1.14103,-42.31,3.59,53.67
2461,0.01685,-0.03979,1.01147,-0.03089,-0.00546,-1.18204,-42.31,3.59,53.67
2462,0.00806,-0.02930,1.02661,-0.01957,-0.01132,-1.07712,-40.51,4.63,55.46
2463,-0.02075,-0.04492,1.01709,-0.01132,-0.00599,-1.00947,-40.96,4.93,55.61
2464,-0.00073,-0.02954,1.01538,-0.00599,-0.01012,-0.98657,-40.66,4.49,55.31
2465,-0.02368,-0.01807,1.01953,-0.01305,-0.01212,-0.91360,-39.92,5.68,53.82
2466,0.00439,-0.01221,1.01294,-0.00253,-0.01451,-0.90121,-39.92,5.68,53.82
2467,-0.01123,-0.01318,1.01440,-0.01491,-0.00759,-0.94396,-40.96,7.18,56.06
2468,-0.00146,-0.05127,1.01978,-0.00386,-0.01158,-0.92079,-41.56,7.33,55.91
2469,-0.00952,-0.03760,1.01611,-0.01185,0.00280,-0.93836,-39.92,5.98,55.02
2470,-0.00439,-0.07471,1.02661,-0.04461,0.01225,-0.63237,-39.92,5.98,55.02
2471,-0.00806,0.01392,1.01880,0.00879,-0.01265,-0.52384,-40.51,6.58,54.72
2472,0.02271,-0.03271,1.02393,0.00186,-0.01265,-0.94902,-39.77,8.07,56.21
2473,-0.02344,-0.02075,1.01465,0.00240,-0.00985,-0.89762,-40.07,8.52,54.72
2474,-0.02002,-0.03149,1.01733,0.00360,-0.01385,-0.81386,-40.22,7.92,53.82
2475,-0.02368,-0.04053,1.01855,0.00599,-0.01585,-0.64116,-40.22,7.92,53.82
2476,-0.01880,-0.01392,1.01587,0.00493,-0.01065,-0.53836,-40.51,9.27,55.17
2477,-0.01538,-0.01563,1.01221,0.00586,-0.01039,-0.55926,-39.77,10.02,55.17
2478,-0.01929,-0.01563,1.01318,0.00346,-0.01252,-0.63370,-39.77,9.57,55.46
2479,-0.01929,-0.00366,1.01489,0.01039,-0.01811,-0.66672,-39.77,9.57,55.46
2480,-0.02368,0.00488,1.02002,0.00826,-0.01292,-0.81426,-39.32,10.76,55.17
2481,-0.02979,-0.00903,1.01392,0.01425,-0.01265,-0.84702,-39.47,10.17,55.31
2482,-0.03638,0.01245,1.00684,0.01318,-0.01558,-0.88191,-38.57,11.51,55.91
2483,-0.02246,-0.03564,1.01563,0.00786,-0.01438,-0.88510,-39.02,10.47,56.51
2484,-0.03320,-0.01343,1.00684,-0.00453,-0.00892,-0.90774,-39.02,10.47,56.51
2485,-0.01001,-0.03467,1.01978,0.00945,-0.01052,-0.84622,-40.07,11.96,55.17
2486,-0.02759,-0.02881,1.00879,0.00000,-0.00786,-0.81679,-38.12,11.66,55.61
2487,-0.00342,-0.00977,1.01489,0.00839,-0.01332,-0.78537,-39.02,12.26,54.72
2488,-0.06470,0.10693,1.12671,-0.04301,-0.00067,-0.77365,-38.42,13.60,56.06
2489,0.01318,0.09937,1.01587,0.01718,-0.02304,-0.78523,-38.42,13.60,56.06
2490,-0.02295,-0.04346,0.99780,-0.00759,-0.00706,-1.04236,-38.57,12.71,55.46
2491,-0.01855,-0.03174,1.00854,0.01585,-0.01132,-1.09522,-38.27,14.20,54.72
2492,-0.02197,-0.01343,0.99927,0.00905,-0.01305,-1.10508,-37.52,15.40,55.46
2493,-0.02612,-0.04370,1.02222,0.00706,-0.01864,-1.16473,-37.52,15.40,55.46
2494,-0.00806,-0.01465,1.02319,0.01917,-0.01771,-0.97938,-37.38,15.10,56.81
2495,-0.02637,-0.03882,1.00879,0.00746,-0.00932,-0.91200,-37.38,15.55,54.57
2496,-0.00684,-0.02954,1.01904,0.01265,-0.01798,-0.87085,-37.82,14.95,55.46
2497,-0.01172,-0.04028,1.01807,0.00559,-0.01212,-0.89229,-36.48,16.89,54.12
2498,-0.01733,0.00000,1.01245,0.01132,-0.00546,-0.83623,-36.48,16.89,54.12
2499,-0.03613,-0.00708,1.01587,0.01545,-0.01265,-0.96100,-37.38,16.30,55.61
2500,-0.02856,-0.01294,1.00977,0.00945,-0.00985,-1.12612,-38.42,16.74,55.31
2501,-0.04272,0.00879,1.00024,0.01052,-0.02011,-1.37952,-36.93,16.74,55.31
2502,-0.03687,-0.01929,1.01001,0.01052,-0.01611,-1.45289,-36.93,16.74,55.31
2503,-0.03076,-0.02075,1.02026,0.01425,-0.01372,-1.49576,-36.18,17.49,56.36
2504,-0.02295,-0.06616,1.02051,0.00426,-0.01345,-1.37486,-36.93,19.29,55.02
2505,-0.05688,0.16357,0.99243,0.01811,-0.00959,-1.27925,-34.98,18.84,55.17
2506,-0.00635,0.00000,1.01294,0.01478,-0.01278,-1.10135,-35.43,19.73,55.61
2507,-0.00146,-0.04053,1.01221,-0.00479,-0.00879,-1.27552,-35.43,19.73,55.61
2508,-0.00635,0.01025,1.03101,0.02104,-0.02144,-1.13704,-35.28,21.38,54.72
2509,-0.02319,0.02026,1.01025,-0.01039,-0.00586,-1.15648,-34.09,20.03,55.61
2510,-0.00659,-0.05371,1.01392,-0.00413,-0.01385,-1.21773,-33.79,20.33,56.21
2511,-0.03931,-0.05005,1.00317,0.00120,-0.00519,-1.05142,-34.98,22.13,55.46
2512,-0.02612,0.00049,1.00269,0.02224,-0.01145,-1.15089,-34.98,22.13,55.46
2513,-0.01099,-0.03320,1.00952,0.01385,-0.01851,-1.25195,-32.59,21.68,53.52
2514,-0.02002,-0.03467,1.01416,0.01798,-0.01425,-1.34157,-33.19,24.52,56.21
2515,-0.02808,-0.03564,1.00122,0.02517,-0.01771,-1.35368,-33.79,23.32,55.46
2516,-0.02051,-0.03516,1.01953,0.01225,-0.01451,-1.36873,-33.79,23.32,55.46
2517,-0.03394,-0.02222,1.01514,0.00373,-0.01119,-1.32479,-32.74,24.82,55.46
2518,-0.02710,-0.07422,1.02466,0.00866,-0.01079,-1.21640,-32.14,23.92,55.02
2519,-0.01147,-0.02905,1.00024,0.00719,-0.00413,-1.11999,-32.44,25.56,55.46
2520,-0.04077,-0.02051,0.99902,0.00506,-0.01145,-1.00920,-31.10,25.86,55.61
2521,-0.01318,0.01563,1.00195,0.00839,-0.00852,-0.99749,-31.10,25.86,55.61
2522,0.01099,0.04614,1.01392,0.00919,-0.00200,-1.08524,-30.80,26.91,55.61
2523,-0.00757,0.02344,1.00220,0.01438,-0.01012,-1.12399,-30.35,26.91,55.31
2524,0.01807,0.01099,1.00439,0.01505,-0.00772,-1.28165,-30.05,26.91,55.31
2525,-0.17358,-0.07910,1.01050,-0.03462,0.01065,-1.26633,-30.05,26.91,55.31
2526,0.00806,0.04736,1.00293,0.01625,-0.01198,-1.37126,-29.45,29.00,54.72
2527,-0.02759,-0.04517,1.00928,0.00799,-0.01345,-1.41773,-29.60,28.11,53.82
2528,-0.02197,-0.07690,1.01831,0.01744,-0.01518,-1.36207,-28.55,28.11,55.31
2529,-0.03223,-0.09326,1.02100,0.01611,-0.01238,-1.15621,-29.15,29.45,55.17
2530,-0.02539,-0.05249,1.02197,0.01119,-0.01039,-0.98936,-29.15,29.45,55.17
2531,-0.02246,-0.06250,1.02026,0.01332,-0.01744,-0.89416,-28.55,29.60,54.27
2532,0.00220,-0.00635,1.02368,0.01052,-0.01105,-0.79762,-26.91,29.00,55.17
2533,-0.02148,-0.00757,1.01685,0.00466,-0.00772,-0.84808,-27.81,28.55,55.31
2534,0.02344,0.11377,1.00464,0.00759,-0.01012,-0.91839,-27.81,28.55,55.31
2535,-0.17432,-0.24829,1.00708,0.00945,-0.01744,-0.94662,-27.36,31.54,55.31
2536,0.08789,0.53247,1.12769,0.01438,0.00120,-0.85661,-27.66,30.20,53.67
2537,-0.01855,-0.09595,1.01685,0.02956,-0.01957,-0.99988,-26.31,30.35,54.57
2538,0.00854,-0.01196,1.04761,0.02170,-0.01172,-1.07179,-25.56,30.05,55.61
2539,-0.02637,-0.06055,1.01563,0.00945,-0.00959,-0.99749,-25.56,30.05,55.61
2540,-0.01196,-0.07959,1.02148,0.01731,-0.01318,-0.61026,-26.31,32.74,55.31
2541,0.02808,-0.09180,1.00537,-0.02264,-0.00599,-0.98217,-26.01,33.49,54.57
2542,-0.01074,0.02441,1.01099,0.01079,-0.00666,-0.66273,-24.52,33.04,54.57
2543,-0.01489,0.00098,1.01392,-0.00080,-0.01252,-0.74129,-23.92,31.69,56.51
2544,-0.01392,0.02588,1.01563,0.01198,-0.01411,-0.81692,-23.92,31.69,56.51
2545,-0.01294,-0.01221,1.00659,0.00786,-0.00719,-0.92225,-23.17,32.14,54.42
2546,-0.01245,-0.05103,1.01025,0.01491,-0.01225,-0.91027,-24.37,32.14,54.42
2547,-0.02124,0.01221,0.99561,0.01318,-0.01372,-0.86486,-23.77,33.49,55.02
2548,0.00317,0.00586,0.93604,-0.01625,0.00533,-0.62704,-23.77,33.49,55.02
2549,-0.00684,-0.07520,1.03076,0.01465,-0.02064,-0.77298,-23.17,33.19,54.72
2550,-0.02930,-0.03516,1.01563,0.00959,-0.00919,-0.67112,-22.87,33.94,55.46
2551,-0.03320,0.02271,1.00171,0.01065,-0.00719,-0.63996,-21.98,33.49,55.02
2552,-0.03076,-0.07080,1.01807,0.00852,-0.01318,-0.65474,-21.53,33.79,53.82
2553,-0.01953,-0.03027,1.02075,0.01318,-0.01039,-0.64781,-21.53,33.79,53.82
2554,-0.02686,-0.03784,1.01392,-0.00639,-0.00985,-0.68097,-21.68,35.13,54.42
2555,-0.00488,-0.01367,1.03931,0.01278,-0.01824,-0.65421,-21.23,34.98,53.82
2556,-0.01099,0.00903,1.01929,0.00439,-0.00692,-0.69868,-23.47,33.79,54.57
2557,-0.00977,-0.07617,1.01636,-0.00506,-0.01265,-0.72758,-23.47,33.79,54.57
2558,-0.00488,0.01587,1.03442,0.00732,-0.00932,-0.64182,-18.69,34.24,55.31
2559,-0.01343,-0.00024,1.01685,0.00040,-0.01105,-0.70707,-19.88,34.38,55.17
2560,-0.02173,-0.02905,1.01074,0.00386,-0.00639,-0.68949,-19.73,34.98,55.61
2561,-0.02148,-0.04370,1.00513,0.00786,-0.00892,-0.65900,-18.99,34.53,55.61
2562,-0.01416,-0.05396,1.01123,0.00945,-0.00759,-0.66153,-18.99,34.53,55.61
2563,-0.01416,-0.06079,1.01416,0.00266,-0.01039,-0.54874,-20.78,36.03,54.57
2564,-0.01807,-0.03784,1.01025,-0.00040,-0.00732,-0.51386,-20.03,37.23,54.57
2565,-0.03076,-0.02368,1.01611,-0.00013,-0.00799,-0.44035,-18.69,37.67,54.27
2566,-0.00757,-0.04102,1.01733,0.00240,-0.00386,-0.43356,-18.69,36.48,53.52
2567,-0.02319,-0.01978,1.01367,-0.00293,-0.00879,-0.45673,-18.69,36.48,53.52
2568,-0.01440,-0.01172,1.01343,0.00320,-0.00826,-0.41585,-18.84,35.88,55.46
2569,-0.01099,-0.00024,1.03223,-0.00027,-0.00453,-0.51186,-18.84,37.08,55.17
2570,-0.01758,-0.00415,1.02588,0.00306,-0.01265,-0.62784,-18.09,38.12,55.46
2571,-0.03369,0.03613,0.99634,0.00599,-0.01158,-0.65980,-18.09,38.12,55.46
2572,0.05664,-0.14282,1.02124,0.03995,-0.02317,-0.36379,-18.39,37.38,55.46
2573,0.00024,0.05835,1.00781,-0.01398,0.00013,-0.52051,-16.74,37.08,54.12
2574,-0.02271,0.01196,1.00977,-0.00253,0.00107,-0.42025,-17.64,37.38,54.42
2575,-0.01099,-0.04883,1.01245,-0.00320,-0.00373,-0.58430,-17.64,37.38,54.42
2576,-0.02026,-0.03833,1.01245,0.00253,-0.01305,-0.55953,-17.64,37.38,54.42
2577,-0.02368,-0.04443,1.01294,-0.00373,-0.00373,-0.52105,-15.10,0.30,55.02
2578,-0.01880,-0.03101,1.02612,-0.00866,-0.01052,-0.45766,-15.40,37.23,54.57
2579,-0.00952,-0.05640,1.02344,0.00120,-0.00839,-0.39228,-15.40,37.23,54.57
2580,-0.02026,-0.01025,1.01465,-0.00253,-0.00519,-0.42704,-15.40,37.23,54.57
2581,-0.02295,0.01514,1.02148,0.00280,-0.00639,-0.48643,-14.65,37.67,53.52
2582,-0.03979,0.00806,1.01611,0.00399,-0.00959,-0.60906,-15.10,36.63,54.72
2583,-0.01782,-0.07202,1.00806,0.01758,-0.01585,-0.44621,-15.10,38.12,52.62
2584,-0.02002,-0.04834,1.01465,0.00892,-0.01079,-0.37897,-15.10,38.12,52.62
2585,-0.01538,-0.03467,1.01880,0.01158,-0.01105,-0.36099,-15.10,35.88,52.92
2586,-0.01978,-0.02393,1.01294,0.00213,-0.00732,-0.40280,-14.35,36.33,54.42
2587,-0.01587,-0.05347,1.01538,0.01305,-0.01491,-0.29015,-13.45,36.93,55.02
2588,-0.01270,-0.01196,1.01782,0.00146,-0.00772,-0.41399,-14.20,36.93,55.02
2589,-0.04004,0.01416,1.00098,0.00040,-0.00759,-0.49681,-14.20,36.93,55.02
2590,-0.02271,-0.01050,1.01343,0.01158,-0.01172,-0.66100,-13.90,36.93,53.52
2591,-0.03638,-0.02686,1.00220,0.00972,-0.01039,-0.74302,-13.16,37.67,53.52
2592,-0.01465,-0.07764,1.03003,0.01039,-0.01558,-0.83450,-13.01,37.08,54.42
2593,-0.00977,-0.12671,1.00708,-0.00213,-0.00972,-0.83051,-13.01,37.08,54.42
2594,-0.01855,-0.08862,1.01099,0.01225,-0.01904,-0.75261,-12.26,37.38,54.42
2595,0.03857,0.01294,1.02783,-0.00426,-0.00200,-0.65913,-13.60,37.38,53.67
2596,-0.03540,-0.01978,1.01099,0.00213,-0.00599,-0.52731,-12.26,37.82,53.37
2597,-0.02075,-0.03320,1.01709,0.00293,-0.00959,-0.50627,-13.01,35.88,54.42
2598,-0.02246,-0.03223,1.01733,0.00706,-0.01265,-0.47058,-13.01,35.88,54.42
2599,0.00879,-0.05249,1.01514,0.00320,-0.00932,-0.42238,-10.91,37.23,53.22
2600,-0.01123,-0.03516,1.01733,0.00399,-0.00852,-0.31558,-12.41,36.93,52.77
2601,-0.01001,-0.03735,1.01392,0.00107,-0.01172,-0.25992,-11.51,36.33,53.67
2602,-0.02563,-0.02979,1.01831,-0.00027,-0.01172,-0.22184,-11.51,36.33,53.67
2603,-0.01709,-0.02686,1.01636,-0.00360,-0.00985,-0.20227,-12.56,36.33,52.33
2604,-0.02148,-0.02368,1.01489,-0.00493,-0.00599,-0.23929,-10.32,37.82,52.62
2605,-0.02075,-0.00195,1.01221,-0.00053,-0.00639,-0.26432,-11.66,37.67,53.52
2606,-0.01855,0.02124,1.01904,0.01771,-0.01172,-0.43689,-11.51,37.08,52.92
2607,0.02856,-0.35010,1.02856,0.00972,-0.03329,-0.40107,-11.51,37.08,52.92
2608,0.02051,-0.01807,1.02271,-0.00266,-0.00959,-0.40973,-11.51,37.82,52.92
2609,-0.02173,-0.04077,1.01880,0.00652,-0.00533,-0.38230,-9.72,37.38,53.37
2610,-0.02710,-0.00903,1.00928,0.00559,-0.00666,-0.44408,-11.81,36.63,54.72
2611,-0.01001,-0.03809,1.01245,0.00200,-0.00732,-0.55980,-11.81,36.63,54.72
2612,0.06226,-0.10596,0.99194,0.01625,-0.00280,-0.49588,-11.51,37.38,52.92
2613,-0.03882,0.04810,1.02124,0.01664,-0.00573,-0.30879,-9.72,36.63,54.12
2614,-0.01123,-0.03540,1.00537,-0.00439,-0.01332,-0.60427,-11.66,37.67,52.47
2615,0.00635,-0.01758,1.03247,0.01824,-0.01891,-0.36099,-9.12,38.72,52.77
2616,-0.02246,0.02100,1.01440,-0.00905,-0.00559,-0.37750,-9.12,38.72,52.77
2617,0.00171,-0.03857,1.00757,0.00120,-0.00386,-0.58323,-10.17,37.97,53.52
2618,0.00122,-0.03271,1.00977,0.00546,-0.00732,-0.66006,-8.22,37.08,53.37
2619,0.00317,-0.05176,1.01709,0.01252,-0.00613,-0.73596,-9.27,37.08,54.42
2620,-0.22534,0.12988,0.94482,0.03968,-0.01518,-0.62451,-9.12,37.23,53.82
2621,0.12305,-0.49780,0.99170,0.01145,-0.01345,-1.23944,-9.12,37.23,53.82
2622,-0.02930,-0.01709,1.00024,0.00266,-0.01491,-0.95821,-8.37,37.67,53.52
2623,0.00732,-0.11426,1.01367,-0.00599,-0.01052,-0.79855,-8.22,36.63,53.67
2624,-0.02808,-0.03857,1.03125,0.02330,-0.01744,-0.71066,-7.62,37.97,54.27
2625,0.02124,-0.14819,1.01904,0.02170,-0.01598,-0.57964,-7.62,37.97,54.27
2626,0.00464,-0.07373,1.02637,0.02450,-0.01425,-0.26339,-7.03,36.63,51.88
2627,-0.02417,-0.01514,1.02612,0.02423,-0.01917,-0.14448,-7.92,38.42,52.03
2628,-0.00586,-0.04028,1.01196,0.02703,-0.01198,-0.14794,-6.88,37.67,53.52
2629,-0.01660,-0.03320,1.01074,0.02437,-0.01332,-0.09747,-6.13,37.97,53.22
2630,-0.04126,0.09521,1.01709,0.03995,-0.02916,-0.40853,-6.13,37.97,53.22
2631,-0.01074,-0.05249,1.01758,0.03875,-0.02277,-0.61213,-5.38,37.97,53.52
2632,-0.02393,-0.03906,1.00659,0.04194,-0.01878,-0.40733,-6.58,38.72,51.73
2633,-0.02881,-0.00415,1.00854,0.05233,-0.02570,-0.63743,-4.93,39.02,51.58
2634,-0.01904,-0.05029,1.00928,0.06032,-0.02983,-0.80454,-4.93,39.02,51.58
2635,-0.00269,-0.02588,1.01880,0.05153,-0.02557,-0.43822,-5.83,38.42,52.77
2636,-0.00391,-0.06909,1.01636,0.03222,-0.01864,-0.16205,-6.28,39.02,52.33
2637,-0.02271,-0.04004,1.00708,0.05180,-0.01971,-0.00293,-4.49,38.57,53.37
2638,-0.00317,-0.00903,1.02832,0.07177,-0.02224,0.00506,-5.68,38.12,52.33
2639,-0.00562,-0.03418,1.03174,0.10346,-0.02650,0.00493,-5.68,38.12,52.33
2640,-0.01294,-0.02197,1.01636,0.15287,-0.02863,0.00399,-5.68,38.57,51.58
2641,-0.00537,-0.02100,1.02319,0.04261,-0.01744,0.00399,-6.13,37.97,52.03
2642,0.00269,0.02686,0.99097,0.09641,-0.02277,-0.00732,-4.93,37.82,51.13
2643,0.04028,0.24268,1.00513,0.11372,-0.02756,-0.51865,-4.93,37.82,51.13
2644,-0.03711,0.08032,0.95752,0.11465,-0.03715,-0.87871,-5.23,39.02,52.62
2645,0.19116,-0.25073,0.98682,0.05712,-0.02716,-0.83330,-3.44,39.02,52.62
2646,0.05249,0.08447,1.02588,0.08416,-0.02756,-0.81213,-4.63,39.17,53.52
2647,-0.23267,-0.82690,1.27661,0.11784,-0.06538,-1.36647,-2.99,38.12,51.58
2648,0.29272,0.08887,0.86938,0.21225,-0.03409,-0.06778,-2.99,38.12,51.58
2649,-0.29053,-0.02979,1.03906,0.08535,-0.03289,0.03396,-3.59,37.97,52.47
2650,-0.12915,-0.09741,1.00049,0.05792,-0.01238,0.55074,-4.63,37.97,52.03
2651,0.09448,-0.14771,0.96948,0.00186,-0.00613,0.83503,-3.29,38.42,52.03
2652,-0.11182,-0.04028,0.94458,0.08322,0.00000,0.98457,-3.89,37.97,51.73
2653,0.11401,0.02588,0.99414,-0.10053,0.01092,0.68150,-3.89,37.97,51.73
2654,0.12939,-0.02393,1.02783,-0.14847,0.01411,0.05033,-3.89,37.67,51.73
2655,1.03174,1.55933,0.78906,0.40893,-0.01025,-3.45945,-4.19,39.77,52.92
2656,-0.19653,-0.40186,0.94531,0.09055,-0.08469,-4.36332,-2.84,37.97,52.47
2657,-0.19946,-0.32935,1.02051,-0.05912,-0.03036,-2.02786,-2.84,37.97,52.47
2658,0.10327,0.18311,1.01025,-0.05380,-0.02437,-1.86408,1.05,39.17,50.98
2659,-0.14917,-0.25977,0.98633,0.08602,-0.03835,-1.95543,0.15,39.77,51.58
2660,-0.12256,-0.20166,1.03735,-0.01864,-0.02304,-1.12212,0.60,39.47,52.03
2661,-0.02148,-0.03027,1.01685,0.00306,-0.01931,-0.75514,0.30,38.72,52.77
2662,-0.00317,-0.00464,1.01025,0.02916,-0.01838,-0.68563,0.30,38.72,52.77
2663,-0.02026,-0.06738,1.03320,-0.03595,-0.00879,-0.19987,0.90,37.82,50.83
2664,-0.01538,-0.03711,1.01587,0.00160,-0.01052,-0.07137,0.90,38.57,50.53
2665,-0.01392,0.00732,1.01050,0.00013,-0.00666,-0.07976,1.35,39.92,50.23
2666,-0.01660,-0.00342,1.02466,-0.01172,-0.00839,-0.30094,1.35,39.92,50.23
2667,0.00122,-0.05713,1.01025,0.00719,-0.01265,-0.35154,1.79,38.72,51.43
2668,-0.01025,-0.05884,1.01636,-0.02117,-0.00599,-0.22277,2.69,40.51,51.58
2669,-0.01831,-0.04443,1.02393,0.01718,-0.01105,-0.09667,1.94,37.38,50.08
2670,-0.00757,-0.04517,1.02271,0.01518,-0.01305,-0.04128,2.69,39.77,50.83
2671,-0.00684,-0.03345,1.01953,0.02170,-0.01145,-0.02810,2.69,39.77,50.83
2672,-0.01099,-0.01343,1.01074,0.01438,-0.01025,-0.01704,3.44,39.77,52.62
2673,-0.01221,-0.01904,1.01953,0.00945,-0.00999,-0.01971,1.35,38.72,52.77
2674,-0.02124,-0.02441,1.01294,0.03622,-0.02277,-0.03728,1.79,39.92,51.73
2675,-0.03076,0.05151,1.01465,0.05100,-0.01358,-0.15673,1.79,37.67,52.47
2676,0.00073,0.01904,0.98340,0.01292,-0.01372,-0.52557,1.79,37.67,52.47
2677,0.00049,-0.05786,1.00317,0.01332,-0.01292,-0.45540,3.29,37.97,52.47
2678,-0.02979,-0.00830,1.00610,-0.00932,-0.00799,-0.36871,2.24,39.02,51.58
2679,-0.00098,-0.02539,1.02051,-0.02011,-0.00226,-0.34302,4.19,39.32,51.58
2680,-0.00928,-0.01587,1.01123,-0.01491,-0.00945,-0.34515,4.19,39.32,51.58
2681,0.00830,-0.00439,1.00269,-0.02650,-0.00320,-0.38097,4.63,38.42,51.73
2682,-0.01245,0.02441,0.99170,0.06751,-0.02437,-0.32211,2.69,39.32,51.13
2683,0.01514,0.00928,1.02075,0.02197,-0.01238,-0.52131,4.49,39.02,51.58
2684,0.01343,-0.01050,1.00928,0.05353,-0.02850,-0.87418,3.29,37.97,51.43
2685,0.01147,-0.00049,1.01733,0.04208,-0.03342,-1.13184,3.29,37.97,51.43
2686,0.02295,0.02295,1.00513,0.06165,-0.02557,-1.21294,4.49,39.02,51.88
2687,0.05640,0.04517,1.01709,0.06378,-0.03542,-1.64756,5.68,37.82,51.13
2688,0.02051,0.05786,1.02759,0.09547,-0.04567,-1.97234,6.28,39.02,51.13
2689,-0.01904,-0.03247,1.01929,0.14168,-0.03622,-2.11189,6.28,39.02,51.13
2690,-0.02588,-0.04297,1.03003,0.17177,0.03236,-2.02813,7.92,37.67,50.98
2691,0.00928,0.00244,1.02124,0.15087,0.07470,-2.13772,6.88,38.42,50.98
2692,0.00513,0.09424,1.04126,0.06618,0.11705,-2.39471,7.62,37.23,49.93
2693,-0.04395,-0.00146,1.02368,-0.04900,0.20773,-2.50084,9.87,37.97,51.73
2694,-0.07349,-0.07861,1.04126,-0.13476,0.24834,-2.32108,9.87,37.97,51.73
2695,-0.05371,-0.00586,0.99976,-0.18416,0.25913,-2.32121,11.06,37.38,51.58
2696,-0.05176,-0.00366,0.98608,-0.19042,0.21478,-2.36755,11.96,35.28,50.98
2697,-0.07007,-0.03442,1.00562,-0.13156,0.15753,-2.19444,13.90,36.03,49.63
2698,-0.10010,-0.01929,0.97778,-0.13116,0.12757,-2.17021,14.65,35.28,50.98
2699,-0.05176,-0.04565,1.02100,-0.01758,0.09774,-2.08978,14.65,35.28,50.98
2700,-0.02734,-0.03223,0.99561,0.00945,0.07111,-1.93692,15.55,33.64,49.78
2701,-0.02808,-0.03564,0.99097,0.04328,0.06525,-1.86408,15.70,34.24,50.98
2702,-0.06641,-0.10986,0.99268,-0.01238,0.05579,-1.41414,17.19,34.53,49.63
2703,-0.00830,-0.01099,1.01807,-0.02903,0.03941,-1.42932,17.19,34.53,49.63
2704,-0.04639,-0.13574,1.00293,-0.05766,0.03342,-1.45249,16.74,32.29,51.43
2705,-0.02100,-0.04785,1.02295,-0.02437,0.01957,-1.12199,18.09,32.89,50.53
2706,-0.00415,-0.06543,1.08350,-0.00759,-0.05193,-0.96193,19.58,32.44,50.83
2707,-0.03223,-0.10791,1.06079,0.01611,-0.03435,-0.77325,19.58,33.19,49.78
2708,-0.06689,-0.09180,0.94189,-0.02890,0.01039,-0.61226,19.58,33.19,49.78
2709,-0.04639,-0.04321,1.03540,0.01611,-0.08336,-0.42957,20.63,32.14,50.08
2710,-0.02295,-0.03784,1.02075,0.01798,-0.07643,-0.38762,20.33,33.64,49.78
2711,-0.02539,-0.02686,1.00073,-0.00133,-0.15992,-0.31052,19.58,32.14,50.08
2712,0.00098,-0.12256,1.06543,0.05273,-0.15473,-0.14088,19.58,32.14,50.08
2713,-0.03589,-0.03491,1.01392,0.02743,-0.05526,0.02157,21.08,32.44,49.33
2714,-0.02246,-0.02808,1.01587,0.02823,-0.06511,0.02863,19.73,31.84,50.23
2715,-0.02612,-0.03809,1.01270,0.00772,-0.05446,0.04714,19.14,31.69,49.78
2716,-0.03052,-0.03149,1.01245,-0.00226,-0.06698,0.03635,19.43,31.54,50.23
2717,-0.00806,-0.01953,1.06348,-0.00453,-0.06578,-0.00599,19.43,31.54,50.23
2718,-0.02783,-0.01611,1.02319,-0.00439,-0.01145,-0.08376,20.33,32.14,51.13
2719,-0.14722,0.43262,0.68823,0.02037,-0.01678,-0.20892,18.69,31.10,50.23
2720,-0.13135,-0.13550,1.05298,0.00186,-1.17086,-0.86699,19.43,33.04,49.93
2721,0.02271,0.05029,1.09692,0.05806,-0.03542,-0.91599,19.43,33.04,49.93
2722,0.04492,0.06641,1.01611,0.05579,-0.04421,-1.12465,20.03,31.84,51.43
2723,0.07788,0.06689,1.05444,0.04155,-0.06951,-0.63942,19.88,31.69,51.13
2724,-0.01147,0.16089,1.00024,0.03768,-0.02996,-0.84489,19.88,29.45,51.13
2725,-0.00464,-0.01050,1.00488,0.03782,-0.03196,-1.01879,21.53,31.54,50.23
2726,-0.04492,0.19263,1.03296,0.01025,-0.02530,-0.61253,21.53,31.54,50.23
2727,0.01074,0.04004,1.01514,0.03196,-0.03063,-1.12878,21.38,31.39,50.08
2728,-0.02808,0.04858,1.01587,0.03595,-0.02650,-1.17006,21.68,31.39,49.78
2729,-0.04419,0.28711,0.99194,0.02517,-0.01491,-1.06899,22.42,29.00,51.13
2730,-0.01563,0.04761,1.01904,0.04101,-0.03103,-1.42546,22.28,29.60,50.98
2731,0.00171,-0.90991,1.02710,0.00932,-0.02437,-1.27419,22.28,29.60,50.98
2732,-0.03247,-0.09155,1.00659,0.04128,-0.02690,-1.47659,24.52,28.55,49.19
2733,0.02808,-0.08887,1.02905,0.04501,-0.04554,-1.51627,24.52,27.36,50.68
2734,0.00391,-0.09863,1.00635,0.00133,-0.00972,-0.87112,24.37,26.46,50.83
2735,-0.00391,0.03784,1.00049,0.02876,-0.02344,-1.10308,24.37,26.46,50.83
2736,0.01001,-0.03101,1.00952,0.01718,-0.01518,-1.05967,23.47,26.91,49.63
2737,0.00513,0.01514,1.00562,0.03489,-0.02064,-1.02106,24.37,26.76,50.83
2738,-0.04321,-0.11353,0.98584,-0.00639,-0.01212,-0.74622,24.37,26.01,50.83
2739,-0.11084,-0.44312,1.01123,0.00533,-0.00200,-0.58137,24.67,26.01,51.58
2740,-0.01611,-0.02686,1.01489,0.00999,-0.00812,-0.74222,24.67,26.01,51.58
2741,0.01831,-0.08691,1.03271,0.02703,-0.02317,-0.84342,25.12,26.01,50.83
2742,0.01318,0.11157,0.99609,0.02823,-0.01265,-0.72105,25.56,27.66,51.73
2743,-0.02002,-0.02881,0.99854,0.05140,-0.01864,-1.03717,25.71,25.27,50.83
2744,0.00513,0.05835,1.01807,0.04288,-0.02663,-1.05088,25.71,25.27,50.83
2745,-0.00244,0.02563,1.01538,0.05167,-0.02064,-1.15342,26.76,25.12,50.98
2746,-0.03882,-0.16382,1.05688,-0.02703,0.00652,-1.12372,26.31,25.41,49.63
2747,-0.02563,0.00586,0.98926,0.01505,-0.01451,-1.02026,27.96,24.07,50.53
2748,0.04077,0.03320,1.04541,-0.02996,-0.01638,-0.96739,27.81,23.92,51.73
2749,-0.00269,-0.03418,1.01855,-0.00666,-0.01158,-1.06859,27.81,23.92,51.73
2750,-0.02734,-0.09619,1.04126,-0.03435,-0.00852,-1.00281,27.96,22.13,51.13
2751,-0.01196,-0.09253,1.03564,-0.00506,-0.00999,-0.94742,28.55,23.47,51.73
2752,0.00293,-0.07446,1.03540,0.00786,-0.01491,-0.94995,28.55,21.68,49.93
2753,-0.02002,-0.04370,1.01318,0.02810,-0.01465,-0.95181,28.55,21.68,49.93
2754,0.00464,0.00537,1.00049,0.03049,-0.01838,-0.92065,29.60,21.68,49.19
2755,-0.01270,-0.04028,1.00171,0.02969,-0.01944,-1.11959,28.85,21.98,48.89
2756,0.00171,-0.02100,1.02710,0.00879,-0.02091,-1.03264,29.45,21.83,50.08
2757,-0.00366,-0.03979,1.01587,0.02929,-0.02437,-1.06606,29.75,21.08,49.33
2758,-0.01221,-0.02930,1.00464,0.03622,-0.02570,-1.00015,29.75,21.08,49.33
2759,0.01099,-0.03516,1.00537,0.02037,-0.02304,-0.90840,29.60,20.48,49.93
2760,-0.01099,-0.07300,1.01782,-0.00759,-0.01265,-0.75607,30.50,20.63,50.83
2761,-0.02100,-0.07910,1.00977,0.00240,-0.01305,-0.59495,30.35,18.54,51.73
2762,-0.03198,-0.10254,1.01514,0.00453,-0.00706,-0.50946,31.84,18.54,49.93
2763,0.00024,-0.01929,1.01392,0.00626,-0.01318,-0.36286,31.84,18.54,49.93
2764,-0.01563,-0.05200,1.00586,0.01238,-0.01105,-0.34222,31.25,19.88,49.33
2765,-0.00903,-0.02393,1.01147,-0.00120,-0.00732,-0.25686,30.95,19.58,49.04
2766,0.00928,-0.00122,1.02051,-0.00999,-0.00999,-0.23715,30.80,20.03,50.23
2767,0.01245,0.00806,1.01270,0.00186,-0.02410,-0.50414,30.80,20.03,50.23
2768,0.01440,0.00684,1.02588,0.01039,-0.01451,-0.57178,30.95,19.14,48.74
2769,-0.02368,-0.06104,1.01733,0.00919,-0.02077,-0.55727,32.89,19.29,50.68
2770,-0.00464,-0.02832,1.01660,0.01132,-0.02850,-0.54408,31.84,18.54,50.68
2771,-0.01221,-0.04565,1.01099,0.00053,-0.01225,-0.44049,31.69,17.94,49.04
2772,-0.01099,-0.00928,1.00732,0.01252,-0.01478,-0.42358,31.69,17.94,49.04
2773,-0.01245,-0.01831,1.00586,0.01664,-0.01398,-0.39095,31.25,17.64,50.08
2774,-0.00684,-0.03906,1.02002,-0.00559,-0.01092,-0.38123,31.25,17.64,49.78
2775,-0.00659,-0.05493,1.02344,-0.02091,-0.01318,-0.34275,31.69,16.89,50.83
2776,-0.02905,-0.07813,1.00635,-0.00360,-0.00759,-0.27604,31.69,16.89,50.83
2777,-0.02368,-0.06152,1.01831,-0.00706,-0.00892,-0.21225,30.95,16.15,50.08
2778,-0.01147,-0.03833,1.01489,-0.01265,-0.00972,-0.12051,31.99,15.70,49.33
2779,-0.00854,-0.04224,1.01221,-0.00413,-0.00786,-0.10453,31.69,16.44,50.53
2780,0.00415,-0.00732,1.01025,-0.00479,-0.00932,-0.08429,31.69,16.44,50.08
2781,-0.02295,-0.05884,1.01880,0.00599,-0.00706,-0.08362,31.69,16.44,50.08
2782,-0.00928,-0.03247,1.01587,0.00626,-0.00652,-0.00146,31.10,15.85,49.63
2783,-0.00806,-0.02271,1.01416,0.00812,-0.01198,0.00466,32.74,15.70,49.33
2784,-0.00977,-0.02930,1.01733,0.00266,-0.01265,0.01478,32.74,15.70,49.33
2785,-0.01733,-0.09180,1.00659,-0.00466,-0.01345,0.17870,32.74,15.70,49.33
2786,-0.00244,-0.10962,1.01489,-0.08762,0.00506,0.69522,32.59,17.19,49.78
2787,0.00269,-0.06152,1.01001,-0.04101,0.00772,0.88816,31.84,17.49,50.23
2788,-0.06836,-0.05542,1.01831,-0.04754,0.00959,1.13251,31.10,18.54,49.93
2789,0.06348,-0.05688,1.01123,-0.02437,0.00027,1.23224,31.10,18.54,49.93
2790,-0.12695,-0.08252,1.02808,0.04993,-0.00652,1.10801,30.50,17.64,49.93
2791,-0.07690,-0.10034,0.98437,0.06045,-0.01771,1.14822,29.60,19.29,48.89
2792,-0.06641,-0.10376,0.97656,-0.00253,-0.01105,1.27432,29.15,19.88,50.08
2793,-0.03955,-0.00293,1.04907,-0.08362,0.01904,1.25728,30.05,19.73,49.19
2794,-0.08765,-0.10254,0.98022,-0.04061,0.01771,1.19296,30.05,19.73,49.19
2795,-0.01563,-0.05005,0.99097,-0.01625,0.00599,1.21374,29.60,21.68,49.63
2796,0.04150,0.00024,1.02100,-0.02597,0.00320,1.06779,29.30,20.48,49.93
2797,-0.00659,0.04687,1.01172,-0.01904,-0.00040,0.95168,29.45,23.02,50.53
2798,0.05054,0.04980,1.03442,-0.01212,-0.00107,0.96433,29.45,23.02,50.53
2799,-0.00024,0.00366,1.00537,-0.01398,0.00652,1.06180,29.30,21.98,50.23
2800,-0.02344,-0.00659,1.00635,-0.01385,0.00972,1.19869,28.55,21.23,50.68
2801,-0.00024,0.02563,1.01880,-0.00959,0.00320,1.14383,27.21,23.02,48.74
2802,-0.01074,0.00854,1.01514,-0.02490,0.00213,1.25075,27.21,23.77,49.33
2803,0.01855,-0.10864,1.03564,-0.03302,0.00533,1.28045,27.21,23.77,49.33
2804,-0.02417,0.00830,1.00171,-0.02503,0.00080,1.27512,26.46,24.07,49.04
2805,0.00806,-0.05884,1.01270,-0.01931,-0.00107,1.19643,26.76,24.37,50.98
2806,-0.00195,0.00952,1.01733,-0.02477,0.00000,1.17738,26.76,24.37,50.68
2807,-0.03979,0.01440,1.00806,-0.01491,0.00826,1.09456,26.76,24.37,50.68
2808,-0.01978,-0.05469,1.01880,-0.01398,0.00519,1.04542,25.56,24.37,49.63
2809,-0.02417,-0.05127,1.01147,-0.02091,0.00546,1.08577,24.82,26.16,50.98
2810,-0.02393,-0.02173,1.01807,-0.01758,-0.00160,1.07006,24.82,26.16,50.23
2811,-0.00854,-0.03540,1.01904,-0.02623,-0.00226,1.00841,24.52,26.91,50.68
2812,-0.01318,-0.08765,1.01050,-0.01092,-0.00426,0.98697,24.52,26.91,50.68
2813,-0.01660,-0.03247,1.02563,-0.01158,0.00479,1.05168,26.91,26.01,49.78
2814,-0.04736,-0.05981,1.00977,-0.03196,0.00732,1.08124,24.82,27.66,50.23
2815,-0.02808,-0.10840,0.99438,-0.01132,-0.00320,1.07498,24.37,27.96,49.78
2816,0.04687,0.00464,1.00806,-0.00999,0.00879,1.08577,23.62,26.76,49.78
2817,0.03833,0.01563,1.01343,-0.01119,-0.00067,1.06273,23.62,27.96,50.83
2818,0.01880,0.00073,1.02271,-0.02344,0.00373,1.04343,24.07,29.30,49.93
2819,0.02197,-0.07031,1.01099,-0.00626,0.00506,1.07166,22.87,29.00,49.04
2820,-0.02466,-0.07324,1.01001,-0.01771,0.00320,1.09323,23.17,30.20,51.13
2821,-0.01001,-0.06396,1.01587,-0.02743,0.00213,1.13943,23.17,30.20,51.13
2822,-0.01611,-0.01123,1.01074,-0.03103,0.00985,1.15701,22.72,29.60,50.68
2823,-0.02466,0.00049,1.04248,-0.01292,-0.00280,1.09842,21.98,31.54,50.68
2824,-0.03467,-0.05298,1.00903,-0.01851,-0.00133,0.97991,21.53,29.30,51.43
2825,-0.04956,-0.00293,0.98462,-0.03116,0.00093,0.84981,20.33,30.65,50.83
2826,-0.00195,-0.06860,1.03857,-0.01957,0.00826,0.87232,20.33,30.65,50.83
2827,0.16528,-0.16821,1.05127,-0.05606,0.02344,1.57726,21.38,31.69,51.13
2828,-0.06396,-0.19653,1.00659,-0.00706,0.00186,1.27272,19.88,30.95,51.88
2829,0.04980,0.04150,1.02734,-0.04754,0.00959,1.66101,19.14,29.45,51.88
2830,0.01514,-0.11670,1.02124,-0.01771,0.00027,1.49350,19.14,29.45,51.88
2831,0.04980,0.01782,1.03198,-0.04341,0.01491,1.75849,18.84,31.39,51.88
2832,0.05933,0.05591,1.04028,-0.04567,0.01505,1.76887,17.94,32.74,49.93
2833,-0.02637,-0.05737,1.00171,-0.06338,0.02037,1.66820,17.64,32.89,50.08
2834,-0.00171,0.05664,1.02930,-0.04474,0.00879,1.61947,17.34,33.19,50.83
2835,-0.01001,-0.04419,1.02026,-0.05686,0.00759,1.47765,17.34,33.19,50.83
2836,-0.02075,0.00049,1.02808,-0.03396,0.00027,1.45568,17.19,34.53,52.03
2837,-0.05054,-0.11646,1.00537,-0.06165,0.00945,1.48018,16.30,34.38,52.92
2838,0.01733,0.03564,1.01221,-0.03768,0.00013,1.41640,14.65,33.04,52.03
2839,-0.01929,-0.03174,1.01270,-0.03995,0.01198,1.37366,14.65,33.04,52.03
2840,0.02051,-0.06299,1.01343,-0.06591,0.01265,1.53185,14.05,34.38,51.88
2841,0.08252,-0.25366,1.00732,-0.03835,-0.01957,1.93985,14.05,35.13,52.92
2842,0.00488,-0.08496,1.02295,-0.03049,-0.01119,2.08419,12.71,36.03,52.47
2843,0.00342,-0.22168,0.99023,-0.02051,-0.02650,2.49978,11.81,35.58,52.62
2844,0.00537,-0.13965,1.02100,0.01252,-0.03475,2.62588,11.81,35.58,52.62
2845,-0.02441,-0.00049,1.04443,0.04261,-0.02197,2.83201,10.61,36.93,52.77
2846,-0.06152,0.04297,1.01855,-0.05926,-0.02210,2.59698,8.67,37.67,52.47
2847,-0.00635,-0.17285,0.75854,-0.10972,0.01438,2.27367,8.22,36.63,52.33
2848,-0.01587,-0.21948,0.95825,-0.12264,-0.01571,2.61216,6.88,38.42,53.52
2849,0.03394,0.06079,1.08643,-0.03196,-0.01132,2.54811,6.88,38.42,53.52
2850,-0.00806,0.00244,1.01294,-0.08242,0.00053,2.67674,5.08,39.92,54.27
2851,0.03418,-0.05835,1.00635,-0.07510,-0.00799,2.61123,2.84,37.67,53.82
2852,0.00171,-0.12183,1.05420,-0.03143,-0.00732,2.85131,2.84,37.67,53.22
2853,0.00659,0.00073,1.06519,0.04088,-0.02690,2.63467,2.84,37.67,53.22
2854,0.00928,-0.07544,1.01514,0.01092,-0.01252,2.46103,1.05,37.23,53.52
2855,-0.05005,0.03687,0.96997,-0.08935,-0.00493,2.56582,-0.30,38.42,54.27
2856,-0.03125,0.05762,1.01367,-0.03382,0.00253,2.50497,-2.09,37.23,53.82
2857,0.01416,-0.02441,0.99390,0.01691,-0.01438,2.40643,-2.09,37.97,53.22
2858,-0.02515,-0.07910,1.03076,0.00466,-0.00426,2.29764,-2.09,37.97,53.22
2859,-0.00708,-0.04443,0.96973,0.00852,-0.02144,2.29964,-2.84,37.97,54.27
2860,0.01489,0.01904,1.01343,0.00027,-0.02197,2.20736,-3.74,37.82,53.67
2861,-0.00342,-0.10425,1.04199,0.03049,-0.01145,1.92586,-3.89,37.97,55.02
2862,0.00928,-0.10107,1.04053,0.01718,-0.01305,1.99045,-3.89,37.97,55.02
2863,-0.02100,0.01270,1.02954,0.01265,-0.01491,1.91961,-7.92,37.67,53.82
2864,-0.00757,0.04663,1.01392,-0.00852,-0.00533,1.70549,-7.62,37.97,52.77
2865,-0.03687,-0.04102,0.97998,-0.01638,0.00945,1.51401,-8.97,37.82,54.12
2866,-0.02026,-0.06567,1.00830,-0.02170,0.00506,1.43571,-10.61,37.97,53.52
2867,0.02393,-0.04199,1.00586,-0.02876,0.00333,1.39856,-10.61,37.97,53.52
2868,0.00024,-0.09912,0.99951,-0.02104,-0.00107,1.36261,-9.87,37.67,54.27
2869,-0.02637,-0.04370,1.02515,0.00599,-0.01292,1.50375,-10.61,36.93,54.57
2870,-0.00513,-0.03076,1.00220,-0.00706,-0.01105,1.59470,-10.91,39.17,54.57
2871,-0.02368,0.03906,1.01367,-0.00293,-0.00519,1.58352,-11.06,37.82,53.67
2872,-0.01147,0.01343,1.01099,-0.01704,0.00360,1.43997,-14.05,36.33,55.17
2873,-0.00049,-0.08057,1.00269,-0.00985,-0.00453,1.38285,-14.20,36.93,54.27
2874,0.00464,-0.04053,1.03027,0.02197,-0.02091,1.36807,-13.90,37.23,54.57
2875,-0.00708,-0.07471,0.98193,-0.03702,0.00320,1.35315,-16.59,34.83,54.72
2876,-0.02734,-0.03564,1.00049,-0.01558,-0.00586,1.24729,-16.59,34.83,54.72
2877,-0.01563,0.00684,1.02197,-0.00320,-0.00652,1.16340,-14.35,37.08,54.72
2878,-0.02148,-0.00049,1.03003,0.01065,-0.01518,1.08684,-17.19,35.28,54.27
2879,-0.04639,0.00513,1.02002,-0.00666,-0.00386,0.88297,-15.70,34.24,53.82
2880,-0.00439,0.01294,1.02661,0.00919,-0.01611,0.72425,-15.70,34.53,53.82
2881,-0.02026,-0.05884,1.01440,-0.01105,-0.00399,0.65181,-15.70,34.53,53.82
2882,-0.01514,-0.04468,1.01489,-0.00266,-0.01079,0.68789,-15.40,34.98,54.57
2883,0.00513,-0.02026,1.00977,-0.00599,0.00146,0.62291,-17.34,34.83,55.17
2884,-0.00073,-0.00928,1.01172,-0.00360,-0.00546,0.52571,-17.94,34.53,54.27
2885,-0.02637,-0.04712,1.01147,-0.00040,-0.00626,0.52890,-17.94,34.53,54.27
2886,-0.00513,-0.00171,1.02515,-0.00479,-0.00226,0.51852,-17.64,35.13,55.17
2887,-0.01367,-0.01440,1.00903,0.00945,-0.00799,0.47271,-18.84,34.83,55.17
2888,-0.02515,-0.02661,1.02271,0.00413,-0.01212,0.43356,-19.43,36.03,53.82
2889,-0.00684,-0.02197,1.02075,-0.01305,-0.00280,0.39162,-17.64,33.94,54.42
2890,-0.03491,-0.02393,1.01855,0.00892,-0.00692,0.38829,-17.64,33.94,54.42
2891,-0.02954,-0.04736,0.98950,-0.01345,0.00053,0.33423,-20.03,33.04,53.52
2892,-0.03687,-0.00928,1.01343,-0.00266,-0.01518,0.28030,-18.69,34.98,55.02
2893,-0.03418,-0.02930,1.00317,-0.00985,-0.00613,0.24488,-19.73,33.79,55.02
2894,-0.01343,-0.02710,1.02148,-0.00493,-0.00839,0.22171,-19.73,33.79,55.02
2895,-0.01929,-0.01270,1.01685,-0.00360,-0.01225,0.15606,-19.43,33.49,54.27
2896,-0.01440,-0.04248,1.00952,0.00613,-0.00985,0.16418,-20.03,34.98,55.02
2897,-0.01392,-0.05493,0.99976,-0.01305,-0.01052,0.14567,-18.99,32.74,56.36
2898,0.01001,-0.01318,1.01001,0.00280,-0.00173,0.20999,-19.88,33.64,54.72
2899,-0.01440,-0.01587,1.01904,0.00533,-0.00892,0.25726,-19.88,33.64,54.72
2900,0.00024,-0.01440,1.01660,0.01278,0.00027,0.30906,-20.33,33.64,56.21
2901,-0.00049,-0.01318,1.05688,0.03222,-0.01132,0.44262,-18.99,33.04,56.06
2902,-0.03076,-0.05078,1.01099,0.00000,-0.00786,0.49681,-19.43,33.49,54.57
2903,-0.03784,-0.05493,0.99390,0.00999,-0.00972,0.54075,-20.63,33.94,53.67
2904,-0.01147,-0.03589,1.00781,-0.01172,0.00000,0.50933,-20.63,33.94,53.67
2905,-0.01416,-0.01245,1.01416,-0.00519,-0.00679,0.49788,-19.58,33.64,56.51
2906,-0.03955,-0.00439,1.01685,0.00706,-0.01252,0.54115,-19.73,33.49,55.02
2907,-0.08301,-0.00659,1.02319,-0.02463,0.00506,0.06951,-22.42,34.38,55.91
2908,0.03271,-0.04663,0.99658,-0.01212,0.00533,0.17683,-22.42,34.38,55.91
2909,-0.05566,-0.05225,1.00732,-0.01105,-0.00573,0.28709,-21.08,33.64,55.46
2910,-0.02075,-0.01538,1.01245,0.00732,-0.01145,0.38310,-19.14,32.44,56.21
2911,-0.06567,-0.09204,0.99658,-0.03316,0.00559,0.37244,-21.23,33.79,56.81
2912,0.05420,-0.05005,0.99951,-0.02637,0.00373,0.44754,-19.58,32.14,54.72
2913,-0.08325,-0.12695,0.94214,-0.04554,0.00067,0.60094,-19.58,32.14,54.72
2914,0.02637,-0.06348,1.00928,-0.02304,0.00346,0.91520,-21.08,31.69,55.17
2915,-0.00806,-0.13403,0.99854,-0.00866,-0.00759,1.25728,-20.33,31.39,56.21
2916,0.02637,-0.11938,0.98535,-0.02570,0.00573,1.41880,-22.87,33.94,55.91
2917,-0.00024,0.01880,1.02759,-0.00200,-0.00852,1.47086,-22.87,33.94,55.91
2918,-0.00195,-0.03320,1.00659,-0.01079,-0.00972,1.56101,-22.87,31.69,55.91
2919,-0.02466,-0.07910,1.00146,-0.02051,0.00253,1.53585,-22.42,30.95,56.21
2920,-0.00195,0.03955,0.98413,-0.02264,0.00053,1.43717,-24.52,30.80,56.81
2921,-0.05200,-0.03076,1.01514,-0.00759,-0.00053,1.36580,-25.12,30.65,55.17
2922,0.01733,-0.05371,1.02490,0.00093,-0.00985,1.09083,-25.12,30.65,55.17
2923,-0.05493,-0.07056,1.02075,-0.00253,-0.00626,1.05461,-25.41,30.65,56.21
2924,-0.05591,0.00342,1.00000,-0.01185,0.00280,1.01320,-26.46,30.20,56.51
2925,-0.04028,-0.04932,1.03979,-0.00240,0.00559,0.91599,-26.01,28.55,56.06
2926,-0.06177,-0.09375,1.01758,-0.00652,-0.01065,1.07059,-25.41,29.00,56.96
2927,0.02637,0.00000,1.05444,-0.01451,0.00240,1.23930,-25.41,29.00,56.96
2928,0.20044,-0.26294,1.05566,0.04314,-0.02623,1.33331,-28.11,28.55,56.81
2929,0.08545,-0.10571,1.01343,0.01984,-0.01625,1.13371,-27.96,28.26,56.96
2930,0.01807,-0.14722,0.96118,-0.02836,0.01185,1.04609,-28.11,30.05,56.06
2931,-0.14038,0.01147,0.96655,-0.02304,0.00879,1.18471,-28.11,30.05,56.06
2932,-0.09741,-0.04980,0.96704,-0.01558,0.00053,0.59548,-28.70,27.21,56.96
2933,-0.00513,-0.03833,0.99878,-0.00652,-0.00120,0.56725,-27.96,28.26,57.26
2934,-0.03418,-0.02271,1.05151,0.00599,-0.01305,0.48150,-30.20,28.26,57.26
2935,-0.04028,-0.00635,1.02393,0.00120,-0.00519,0.57471,-30.35,28.11,56.06
2936,-0.02271,-0.03662,0.99951,-0.00759,-0.00586,0.57684,-30.35,28.11,56.06
2937,-0.06958,-0.02075,1.00879,-0.02184,-0.00253,0.68616,-29.30,25.41,55.61
2938,0.04248,0.01270,1.06104,0.00360,-0.00226,0.56286,-29.75,26.46,56.96
2939,-0.04517,-0.05469,1.02173,0.00826,0.00373,0.91786,-27.66,26.76,55.91
2940,-0.04517,-0.04419,1.01416,0.00360,-0.00053,0.82638,-27.66,26.76,55.91
2941,-0.02222,-0.01221,0.98364,-0.00839,0.00399,0.85940,-31.25,26.01,55.17
2942,-0.10229,-0.05176,1.01025,0.00826,-0.00173,0.82105,-29.45,25.27,56.21
2943,0.00537,-0.06958,0.99561,-0.03222,-0.00506,0.80361,-31.99,26.01,56.96
2944,-0.01880,-0.01221,1.00757,-0.01425,0.00692,0.80188,-31.84,25.86,58.16
2945,-0.03198,0.06470,1.03906,0.00812,-0.03009,0.59881,-31.84,25.86,58.16
2946,-0.02026,0.11694,1.07910,0.02157,-0.01425,0.43516,-32.44,24.07,59.05
2947,-0.04370,0.06348,1.01880,0.02197,-0.01718,0.23755,-31.69,24.52,57.71
2948,0.01050,0.00903,1.03345,0.01744,-0.01545,0.17284,-32.14,23.92,56.06
2949,-0.06079,0.00244,1.00903,-0.01518,-0.00812,0.29601,-32.14,23.92,56.06
2950,-0.01392,-0.08203,1.00391,-0.00386,0.00399,0.33649,-32.74,23.32,56.96
2951,0.09204,-0.03833,1.04395,-0.00879,-0.01025,0.35074,-31.10,22.72,57.11
2952,-0.00879,-0.03027,1.04419,0.00253,-0.01718,0.57498,-33.34,23.47,57.56
2953,-0.08228,-0.03955,0.99780,-0.02024,-0.01358,0.37857,-31.39,24.37,58.16
2954,0.02783,-0.05054,1.03516,-0.01012,-0.01012,0.19574,-31.39,24.37,58.16
2955,0.05933,0.05200,1.05981,0.04115,-0.02224,0.19894,-31.99,24.07,56.51
2956,0.00317,-0.09033,1.00024,-0.00533,-0.01531,0.08695,-32.59,22.42,57.56
2957,0.01636,0.00415,1.03931,0.01585,-0.01558,-0.03968,-32.74,22.13,58.45
2958,-0.01050,-0.06372,0.99927,0.01531,-0.01878,-0.13942,-33.19,23.02,55.91
2959,-0.07227,-0.06274,0.95898,-0.02423,0.00866,-0.01531,-33.19,23.02,55.91
2960,0.03271,-0.08179,1.00024,0.03129,-0.03555,-0.04953,-32.59,21.98,56.36
2961,-0.06421,-0.03687,0.97949,-0.01678,-0.00866,-0.02450,-33.64,22.72,57.11
2962,0.03564,-0.06787,0.99805,0.09654,-0.05260,-0.08868,-32.89,21.98,57.86
2963,-0.02563,-0.07422,0.95728,0.01119,-0.00586,-0.14834,-32.89,21.98,57.86
2964,0.03906,0.08154,1.04761,0.00213,-0.00253,-0.10133,-31.84,23.92,58.16
2965,0.00122,-0.00317,1.09058,-0.00346,-0.00439,-0.01771,-32.59,21.23,58.16
2966,-0.02808,0.01489,1.01685,-0.01611,0.01585,0.11159,-31.84,22.72,58.16
2967,-0.00562,0.06860,1.06616,-0.01185,-0.01172,-0.03063,-32.59,23.47,58.16
2968,0.06250,-0.05420,1.03467,0.03009,-0.02850,0.05792,-32.59,23.47,58.16
2969,-0.08276,0.02612,1.04785,0.09254,-0.03449,0.15193,-31.99,23.32,57.26
2970,0.02466,0.01196,1.02441,0.01238,-0.01265,0.00972,-33.34,21.23,57.11
2971,-0.14600,0.03589,1.00391,-0.00732,-0.00226,0.03396,-32.44,21.83,56.21
2972,-0.00586,0.08716,0.99878,-0.01172,0.01358,0.23915,-32.44,21.83,56.21
2973,0.04712,-0.05591,1.01855,0.00812,-0.01984,0.13902,-32.74,23.02,58.01
2974,-0.04639,-0.13501,1.02344,0.01092,-0.02157,0.12504,-32.89,23.17,57.86
2975,-0.03491,-0.04272,1.00659,0.00719,-0.01225,0.30174,-32.74,22.13,56.51
2976,-0.11719,0.04102,0.98535,0.00000,-0.01305,0.23116,-33.34,21.98,57.56
2977,-0.01538,0.04932,1.01221,-0.00839,0.00692,0.07750,-33.34,21.98,57.56
2978,-0.03662,-0.03101,1.01050,0.01318,-0.01664,0.37151,-33.49,21.38,56.96
2979,-0.01270,-0.05591,1.00342,0.00280,-0.01092,0.25992,-33.49,22.57,56.96
2980,-0.04321,-0.08521,1.01221,0.02091,-0.01598,0.28349,-32.44,21.83,57.71
2981,-0.00952,-0.04761,1.01221,0.02690,-0.02344,0.14781,-34.24,21.38,57.71
2982,-0.01611,-0.03809,1.01953,0.02823,-0.01851,0.27284,-34.24,21.38,57.71
2983,-0.01807,-0.06128,1.01978,0.01238,-0.01744,0.23516,-33.79,21.08,57.71
2984,0.01270,-0.06665,1.03003,0.03209,-0.02463,0.19934,-32.89,21.68,57.56
2985,-0.03052,-0.04492,1.02319,0.02783,-0.01332,0.36485,-33.34,19.29,58.16
2986,-0.02368,-0.04224,0.99854,0.04700,-0.00679,0.58310,-33.34,19.29,58.16
2987,-0.04077,-0.03564,1.02612,-0.00533,0.01065,0.61546,-33.79,20.33,56.96
2988,-0.06592,-0.11133,1.02173,0.02543,-0.00692,0.60614,-34.83,19.73,57.86
2989,0.01978,-0.09619,1.05835,-0.01119,-0.01638,0.65341,-34.09,21.23,56.81
2990,0.02002,0.02783,1.01416,0.08256,-0.04993,0.71892,-34.09,21.23,56.81
2991,-0.04004,-0.04346,1.02588,0.08682,-0.05007,0.71706,-34.09,21.23,56.81
2992,-0.15161,0.13794,0.81152,-0.09201,0.07590,0.87511,-35.13,18.24,56.81
2993,0.01636,-0.03809,1.00610,0.02450,-0.00852,0.88017,-35.28,17.94,57.26
2994,0.01294,-0.03125,1.04565,0.08788,-0.03742,0.92092,-35.28,17.94,57.26
2995,0.02808,0.01025,1.01636,0.03675,-0.01558,0.88404,-35.28,17.94,57.26
2996,-0.01514,0.01758,1.00342,0.06791,-0.03382,0.73570,-35.13,18.54,57.86
2997,-0.04858,-0.01489,1.02271,0.10400,-0.02184,0.65434,-36.48,17.94,57.26
2998,-0.06372,0.00415,1.00342,0.07230,-0.01025,0.65061,-36.63,17.79,56.36
2999,-0.13770,-0.04175,1.00977,0.09587,-0.04035,0.76672,-36.63,17.79,56.36
3000,-0.06104,-0.00879,1.00977,0.13502,-0.06884,0.85687,-35.73,17.94,57.71
3001,0.00439,-0.03857,1.04370,0.09707,-0.04834,0.96859,-35.43,17.04,56.36
3002,0.05884,0.03442,1.06055,0.02423,-0.00985,0.97778,-35.13,17.49,58.16
3003,0.00391,-0.01831,0.97852,0.06498,-0.03981,0.91559,-35.13,17.49,58.16
3004,0.02466,0.06274,0.93872,0.07350,-0.03356,0.88816,-36.48,15.40,55.46
3005,0.06787,0.05640,0.98975,0.06032,-0.01704,0.74795,-37.38,15.85,58.16
3006,0.01050,-0.03003,1.02954,0.05140,-0.00985,0.62092,-36.93,15.85,57.11
3007,0.05151,0.01514,1.06348,0.07523,-0.01984,0.55554,-38.42,16.30,56.06
3008,-0.05640,0.00635,1.03003,0.04328,-0.03089,0.57138,-38.42,16.30,56.06
3009,-0.00073,0.05981,1.01074,0.02610,-0.06032,0.68110,-36.78,14.95,56.21
3010,-0.06104,0.02124,0.99951,0.01891,-0.02051,0.69682,-38.57,14.65,56.96
3011,-0.07056,0.04419,1.01807,-0.00333,-0.01704,0.82198,-37.52,12.26,56.96
3012,-0.04321,-0.02979,1.02197,0.02077,0.00293,0.89935,-38.12,13.60,56.81
3013,0.00195,0.04102,1.00562,0.01851,0.02011,0.93464,-38.12,13.60,56.81
3014,0.03125,0.00635,1.01538,0.00306,0.03196,0.84888,-37.08,12.26,57.26
3015,0.06494,0.04834,1.03345,0.00093,0.02890,0.77138,-38.57,12.26,56.51
3016,0.03198,0.04517,1.01001,0.01491,0.02437,0.75114,-38.12,11.66,57.11
3017,0.01489,0.05688,0.98926,-0.01784,0.03502,0.62638,-38.12,11.66,57.11
3018,-0.07007,0.10742,0.63428,0.12504,-0.02157,0.56858,-38.27,11.21,58.45
3019,-0.08032,-0.05737,1.09814,-0.01132,0.02370,0.77152,-37.08,11.21,56.51
3020,0.03662,0.16748,0.86768,-0.14701,0.04634,0.71533,-37.52,10.76,56.96
3021,0.04468,0.07788,0.94458,0.53077,-0.19082,0.71519,-37.82,10.76,56.51
3022,-0.04297,-0.04810,1.06592,-0.16032,0.00999,0.68457,-37.82,10.76,56.51
3023,0.03003,0.09375,0.93555,0.41452,-0.12850,0.78989,-38.42,8.67,58.16
3024,-0.09180,-0.06030,1.08374,-0.11931,0.03515,0.65554,-38.12,10.61,57.56
3025,-0.04785,0.00684,0.99365,0.07124,0.02610,0.80095,-36.93,10.61,57.86
3026,0.03198,0.03076,1.00537,0.09428,-0.04035,0.83091,-36.93,10.61,57.86
3027,-0.03833,0.00415,0.99561,0.07776,-0.01238,0.82398,-39.32,9.27,57.26
3028,0.01270,0.01831,0.98242,0.07617,0.02250,0.88497,-39.32,8.07,58.01
3029,-0.02246,0.00757,1.01245,0.02863,0.05260,0.90894,-39.02,8.52,58.45
3030,-0.07178,-0.08398,1.09644,-0.01185,-0.00573,0.90774,-38.42,7.18,56.36
3031,-0.02710,0.00879,1.04004,-0.09215,-0.00146,0.89336,-38.42,7.18,56.36
3032,-0.00659,0.02905,0.98682,-0.03995,0.00146,0.84862,-39.92,8.67,56.36
3033,0.07983,0.07690,0.94067,-0.02703,-0.02983,0.84289,-38.57,8.52,56.21
3034,-0.08398,-0.11572,1.10669,-0.04820,-0.01425,0.81240,-39.92,6.73,57.56
3035,-0.04956,-0.08838,1.09766,-0.07510,-0.00413,0.82625,-38.57,7.03,58.75
3036,-0.02612,0.00928,1.00806,-0.07723,0.03555,0.82918,-38.57,7.03,58.75
3037,0.08447,0.01831,1.02344,-0.06352,0.11185,0.60667,-40.66,5.98,57.56
3038,0.01172,-0.03687,1.03467,0.00546,0.13396,0.44888,-38.87,5.68,56.36
3039,-0.10254,-0.02759,1.00708,0.00453,0.06112,0.45487,-39.47,6.43,57.11
3040,0.03760,0.02832,1.02393,0.00293,0.04594,0.58097,-39.47,6.43,57.11
3041,-0.00684,0.02905,1.00586,0.05606,0.06232,0.39694,-41.11,7.03,57.26
3042,-0.01294,0.01221,1.00586,0.01731,0.03036,0.31186,-39.02,6.28,58.75
3043,-0.01221,0.02734,1.01587,0.00439,0.01851,0.31092,-40.22,5.23,57.56
3044,-0.02124,-0.01611,1.00513,0.00466,0.02530,0.36618,-40.22,5.98,58.90
3045,-0.00879,-0.00635,1.01660,-0.02530,-0.02304,0.41372,-40.22,5.98,58.90
3046,-0.00391,0.03174,1.01416,-0.03103,-0.01718,0.35660,-39.92,5.98,57.86
3047,-0.00781,0.02734,1.00854,-0.07177,-0.04075,0.34528,-39.17,4.93,56.81
3048,-0.03247,0.00854,1.02100,-0.09108,-0.06911,0.39668,-41.11,5.83,58.01
3049,0.02588,0.04883,0.98901,-0.05113,-0.06977,0.47711,-41.11,5.83,58.01
3050,0.01392,0.00244,1.02881,-0.03595,-0.02836,0.39015,-40.07,5.08,58.01
3051,-0.00391,0.01196,1.01147,-0.03502,0.01105,0.30147,-39.77,5.38,59.05
3052,0.01172,0.00195,1.01685,-0.03835,0.02264,0.21319,-40.07,4.34,58.01
3053,-0.00464,0.00708,1.01196,-0.01585,0.04221,0.07444,-40.66,2.99,57.56
3054,-0.00317,0.00098,1.01025,-0.01398,0.02623,0.05366,-40.66,2.99,57.56
3055,-0.00854,0.00317,1.01538,-0.01052,0.01878,0.00919,-41.71,4.93,58.16
3056,-0.00781,0.00049,1.00928,-0.01198,0.02104,-0.00027,-39.77,2.09,58.01
3057,-0.00635,0.00830,1.01196,-0.02703,0.01411,-0.01039,-38.57,4.34,59.50
3058,-0.01050,0.00610,1.01318,-0.03569,0.00360,-0.02716,-41.71,2.99,58.90
3059,-0.00122,0.00977,1.01099,-0.05087,-0.00453,-0.05087,-39.32,2.84,56.96
3060,0.04712,0.06348,1.02026,-0.08642,-0.02024,-0.13089,-40.66,3.74,58.90
3061,-0.03149,-0.01147,1.01489,-0.05619,-0.08522,-0.35393,-38.87,3.29,57.86
3062,0.19800,0.15454,1.00439,-0.04767,-0.10932,-0.65168,-40.51,3.89,57.71
3063,-0.04565,0.03418,0.98877,0.01984,-0.05180,-0.89975,-40.51,3.89,57.71
3064,0.00195,0.03076,1.04590,-0.03196,-0.06112,-0.90587,-39.32,4.63,58.45
3065,0.02686,0.09326,1.01733,0.02357,-0.02344,-1.00667,-39.02,5.08,58.01
3066,0.02759,0.08813,1.01636,0.01571,-0.03569,-1.08178,-39.32,4.63,57.71
3067,0.06299,0.05103,0.95557,0.06152,-0.02929,-1.14516,-39.32,5.83,57.71
3068,0.02979,0.10181,0.95190,0.05579,-0.05193,-1.20149,-39.32,5.83,57.71
3069,0.00122,0.08252,1.06079,0.03475,-0.02517,-1.36420,-38.87,6.43,57.86
3070,-0.04443,0.06543,1.00928,0.06432,-0.03782,-1.51414,-39.77,7.33,56.51
3071,-0.01050,0.00806,1.04150,0.08775,-0.00013,-1.82440,-38.57,7.33,56.96
3072,0.14819,-0.05884,1.05591,0.10493,0.00599,-1.91042,-38.57,7.33,56.96
3073,0.06836,-0.02197,1.01392,0.13622,0.03675,-2.11841,-39.17,9.42,56.06
3074,0.01514,-0.01489,1.02441,0.10346,-0.00067,-2.17900,-38.57,10.02,58.75
3075,0.02393,-0.00122,1.02368,0.13462,0.02836,-2.12840,-39.32,11.51,58.01
3076,-0.04150,-0.06494,1.00708,0.07217,-0.04474,-2.04304,-38.42,11.36,57.86
3077,-0.07129,-0.04810,1.09033,0.04314,-0.05726,-1.84064,-38.42,11.36,57.86
3078,-0.06592,-0.04370,1.01855,0.11705,-0.10386,-1.77340,-36.63,14.80,57.56
3079,-0.04419,-0.06641,1.07471,0.04474,-0.07097,-1.78299,-36.78,14.20,56.51
3080,0.04175,0.10889,0.90527,0.09707,-0.05433,-1.78046,-37.38,14.80,56.81
3081,0.01953,0.09668,0.99536,-0.06751,-0.02224,-1.79870,-37.38,14.80,56.81
3082,0.02100,0.01880,0.93726,-0.24674,-0.01917,-1.87034,-37.52,16.44,57.26
3083,0.15186,0.03003,0.96362,-0.03089,-0.02770,-1.96235,-35.88,17.04,57.56
3084,0.03564,0.01099,1.02271,0.07870,-0.05246,-2.08472,-36.63,17.49,57.11
3085,-0.04639,-0.07690,1.05176,0.01039,-0.08256,-2.06675,-36.63,17.04,57.56
3086,-0.00806,-0.04639,0.96899,-0.00826,-0.05526,-2.02467,-36.63,17.04,57.56
3087,-0.05005,0.12891,1.15015,0.02450,-0.07390,-1.86621,-34.83,19.73,57.11
3088,0.04712,-0.11768,1.18311,-0.10306,-0.05326,-1.80403,-33.49,19.88,57.71
3089,-0.18042,0.04517,0.90771,-0.05952,-0.06312,-1.74863,-33.34,21.68,58.16
3090,0.06201,-0.04590,1.00781,-0.07736,-0.03862,-1.63452,-33.64,22.42,57.56
3091,-0.04614,-0.08862,1.05737,-0.04541,-0.05206,-1.60629,-33.64,22.42,57.56
3092,0.02563,-0.10889,1.02686,-0.07870,-0.03662,-1.56581,-30.95,22.13,57.26
3093,0.05054,-0.00366,1.03442,-0.16578,-0.00200,-1.54610,-32.74,23.32,57.71
3094,-0.01050,-0.14502,1.12500,-0.17204,0.00626,-1.49723,-31.10,24.37,56.81
3095,-0.00659,0.02246,1.03247,-0.07883,-0.01478,-1.38950,-31.10,24.37,56.81
3096,-0.07397,-0.17017,1.15186,-0.27710,0.01212,-1.41587,-31.25,23.02,56.96
3097,-0.01538,-0.06714,1.06396,-0.21638,0.01252,-1.35076,-29.75,26.01,58.01
3098,-0.02026,-0.04663,1.02026,-0.11239,-0.01158,-1.40921,-30.95,25.27,58.01
3099,-0.02197,-0.14917,1.03687,-0.32850,-0.00852,-1.20561,-30.35,26.61,56.36
3100,-0.15137,0.04419,0.99048,-0.22277,-0.36046,-0.81839,-30.35,26.61,56.36
3101,-0.02344,-0.02295,0.99634,-0.13729,0.12424,-0.79549,-28.40,26.01,57.26
3102,0.01514,-0.03320,1.01489,-0.30293,0.16232,-0.91306,-30.50,28.26,58.45
3103,-0.05005,-0.01538,1.02905,-0.32810,0.19641,-1.00388,-29.45,26.01,57.71
3104,-0.04443,0.01025,1.01172,-0.29681,0.09001,-1.09722,-29.45,26.01,57.71
3105,-0.02319,0.03027,1.02808,-0.14634,0.03915,-1.22998,-28.40,25.56,58.01
3106,0.04419,0.03296,1.02173,-0.05979,0.01318,-1.31134,-27.36,27.36,57.11
3107,0.09009,-0.04614,1.01440,-0.03409,0.00812,-1.30841,-26.91,28.26,58.45
3108,0.07227,0.00317,0.98975,-0.03182,0.00746,-1.29363,-27.36,27.66,57.11
3109,0.04907,0.00073,1.00586,-0.02597,-0.00360,-1.59217,-27.36,27.66,57.11
3110,0.01733,0.01563,0.99414,-0.00732,-0.01198,-1.79630,-25.12,28.70,58.75
3111,0.04248,0.04834,1.04565,0.00466,-0.02650,-1.85050,-26.91,27.51,56.51
3112,0.03711,0.05640,1.02466,0.00439,-0.01212,-1.96355,-26.31,30.35,56.06
3113,0.05566,0.03491,1.07056,0.02011,-0.02836,-2.31003,-26.31,30.35,56.06
3114,0.04321,0.10132,1.07910,0.04607,-0.04581,-2.42734,-23.17,31.39,58.01
3115,0.04248,-0.01587,1.04224,0.03848,-0.03848,-2.55091,-23.47,30.80,56.81
3116,-0.08105,-0.05005,1.03442,0.01917,-0.02277,-2.41535,-20.78,30.80,57.11
3117,-0.02661,0.04932,0.94189,0.01411,-0.01558,-2.28779,-21.38,32.14,56.96
3118,0.07422,0.01880,1.09521,0.03782,-0.03675,-2.24518,-21.38,32.14,56.96
3119,-0.09814,0.14746,0.96899,0.04634,-0.02144,-2.21721,-19.43,33.04,56.36
3120,-0.24390,0.20142,1.01001,-0.00253,-0.03289,-2.35850,-20.03,33.04,58.16
3121,0.05884,-0.15332,1.01440,0.01691,-0.01971,-2.40177,-17.19,34.53,56.81
3122,-0.03613,-0.00732,1.02588,0.01531,-0.03595,-2.48739,-15.10,33.94,56.51
3123,0.02271,-0.04395,0.98315,0.01505,-0.01997,-2.58247,-15.10,33.94,56.51
3124,-0.02417,-0.02246,1.01831,0.01891,-0.02597,-2.63200,-14.95,33.79,56.81
3125,-0.02661,-0.04468,1.01147,0.01292,-0.03036,-2.53160,-15.85,33.94,55.91
3126,-0.02148,-0.05396,1.01929,0.02077,-0.03808,-2.32814,-11.51,35.58,56.21
3127,-0.06934,-0.03076,1.04028,0.00945,-0.01944,-2.13293,-11.51,35.58,56.21
3128,-0.09961,-0.11206,1.02515,-0.00146,-0.02903,-1.96315,-13.60,36.33,58.01
3129,-0.02808,-0.04199,1.04883,0.02490,-0.02423,-1.88099,-10.02,36.33,55.91
3130,-0.06470,-0.08960,1.03296,0.01478,-0.02437,-1.82666,-9.72,37.82,54.72
3131,-0.07300,-0.02271,1.00269,0.00932,-0.01771,-1.81641,-9.87,36.03,55.31
3132,-0.03320,-0.06348,1.01392,0.00626,-0.01252,-1.78445,-9.87,36.03,55.31
3133,0.04102,-0.07544,1.02490,0.02503,-0.00200,-1.73771,-7.77,35.58,56.21
3134,0.00586,-0.06152,1.01514,0.01252,-0.01798,-1.56754,-7.33,37.23,56.06
3135,-0.00732,-0.06104,1.01123,-0.01531,-0.01012,-1.48005,-7.47,37.38,56.21
3136,0.02441,-0.05078,1.03394,0.00719,-0.02117,-1.44450,-7.47,37.38,56.21
3137,-0.03784,0.06519,1.02173,0.02863,-0.02503,-1.36567,-5.23,37.38,54.42
3138,-0.00830,-0.07202,1.01538,0.00559,-0.01079,-1.17073,-5.83,37.23,58.16
3139,-0.01489,-0.03613,0.99243,-0.00959,-0.00559,-0.90747,-5.08,36.93,56.06
3140,-0.02808,-0.00073,1.01782,0.01611,-0.01425,-1.08857,-4.63,37.97,55.02
3141,-0.03223,0.01392,1.02539,0.01598,-0.02317,-1.22359,-4.63,37.97,55.02
3142,-0.04272,0.00488,1.00415,0.00666,-0.01478,-1.41800,-2.84,36.48,55.61
3143,-0.01831,-0.06592,0.97046,-0.00732,-0.00506,-1.53957,-1.64,37.08,55.46
3144,-0.02856,0.04370,1.00586,0.01065,-0.02157,-1.78139,-2.09,36.48,55.61
3145,-0.03735,-0.03296,1.00342,0.00519,-0.02091,-1.89564,-2.09,36.48,55.61
3146,0.00220,0.06958,1.04175,0.04847,-0.02570,-1.82320,-0.45,37.08,54.42
3147,0.01709,-0.09351,1.02393,0.01092,-0.01598,-1.81987,0.00,37.23,55.02
3148,0.00049,-0.00586,1.01807,0.03808,-0.01957,-1.69044,0.00,37.23,55.02
3149,-0.00415,-0.05347,1.01709,0.02610,-0.01917,-1.63465,0.00,36.03,54.57
3150,0.00610,0.03931,1.02734,0.04168,-0.03688,-1.67939,0.00,36.03,54.57
3151,-0.00952,-0.09863,1.01831,0.00599,-0.01558,-1.66288,2.09,35.73,55.02
3152,-0.00562,0.08008,1.01465,0.03049,-0.02091,-1.53451,3.44,36.33,56.21
3153,-0.02002,-0.09692,1.01221,0.01411,-0.00652,-1.38671,3.89,36.03,55.31
3154,-0.00879,-0.07764,1.00928,0.00093,-0.00812,-1.18857,3.59,36.03,53.82
3155,0.00684,-0.10107,1.00684,0.00053,-0.01065,-1.07765,3.59,36.03,53.82
3156,0.00708,-0.06104,1.01270,0.00093,-0.00599,-1.01000,3.74,34.83,55.17
3157,0.01514,0.05859,1.01929,0.00373,-0.01039,-0.99616,5.23,35.58,55.91
3158,-0.00952,0.04492,1.00610,0.01318,-0.01172,-1.20362,5.23,35.88,55.17
3159,-0.00562,-0.06055,1.02661,0.02410,-0.01491,-1.28231,5.23,35.88,55.17
3160,0.00366,-0.11279,1.02026,-0.00253,-0.01451,-1.36474,6.88,36.93,54.57
3161,0.00806,-0.02661,1.01709,0.01744,-0.01451,-1.47885,6.13,36.03,53.82
3162,-0.04272,-0.07935,1.00439,-0.01105,-0.00253,-1.30894,6.58,36.48,55.02
3163,0.04956,0.00684,1.04248,0.01878,-0.00812,-1.30735,8.52,35.88,54.72
3164,-0.02783,-0.01904,1.02051,0.01332,-0.01864,-1.31400,8.52,35.88,54.72
3165,-0.01611,-0.06299,1.00708,0.01917,-0.01425,-1.17326,9.12,34.98,55.31
3166,-0.01025,-0.05151,1.00342,-0.00320,-0.01398,-1.04116,10.32,35.13,55.91
3167,-0.02466,-0.06812,0.98145,-0.01305,-0.01238,-0.90641,10.76,35.88,55.46
3168,-0.02246,-0.00806,1.01465,0.01185,-0.01545,-0.73210,10.76,35.88,55.46
3169,0.00391,-0.06714,1.02124,0.00240,-0.01878,-0.76499,10.61,35.28,53.22
3170,-0.03467,-0.00977,1.00171,0.00386,-0.00573,-0.83011,11.36,35.73,54.27
3171,-0.04028,-0.03223,1.00391,0.01465,-0.00959,-0.93144,11.81,33.64,53.67
3172,0.04785,-0.06714,1.02222,0.01931,-0.01465,-1.10574,13.01,33.94,54.72
3173,0.01440,-0.12402,1.02173,-0.00253,-0.01225,-1.12625,13.01,33.94,54.72
3174,0.00439,-0.04858,0.97021,0.02916,-0.00120,-1.25488,13.31,34.83,54.12
3175,0.00732,-0.05957,1.03882,-0.00293,-0.00852,-1.10668,12.71,33.79,54.27
3176,0.01099,-0.12988,1.01465,-0.01904,-0.01079,-0.93410,12.41,32.74,54.57
3177,-0.00952,-0.11328,1.00830,0.00719,-0.01451,-0.92718,12.26,32.14,53.67
3178,-0.02466,0.00562,1.01636,-0.00679,-0.00613,-0.83357,12.26,32.14,53.67
3179,-0.02441,-0.01929,1.00366,0.00586,-0.01252,-0.93424,13.16,32.74,55.31
3180,-0.00659,0.00806,1.02930,0.01119,-0.00839,-1.01067,14.35,33.64,53.67
3181,-0.00171,-0.01099,1.01025,0.01744,-0.01558,-1.09363,14.35,32.44,53.37
3182,0.01563,0.00073,1.02979,0.03569,-0.02117,-1.22426,14.35,32.44,53.37
3183,-0.00830,-0.04810,1.02026,0.00892,-0.01997,-1.11347,15.55,31.69,54.12
3184,0.01758,-0.06445,1.02026,-0.00226,-0.00826,-1.05062,16.59,32.14,52.92
3185,-0.02490,-0.11719,0.99951,0.00146,-0.01358,-1.01373,16.44,31.10,52.77
3186,0.00659,-0.11597,1.01782,-0.00573,-0.01012,-0.83716,16.74,31.84,54.27
3187,-0.02686,-0.06055,1.00952,0.00000,-0.00666,-0.63863,16.74,31.84,54.27
3188,0.00195,-0.03540,1.01514,0.00253,-0.01585,-0.57138,16.74,33.49,55.02
3189,-0.00342,-0.12549,0.99854,-0.01851,-0.01651,-0.52265,17.04,30.65,53.67
3190,-0.01001,0.04468,1.01611,0.00772,-0.01465,-0.63769,17.49,31.10,53.82
3191,-0.01953,-0.09717,1.00806,-0.00173,-0.00652,-0.70494,17.49,31.10,53.82
3192,0.00415,0.00928,1.00806,0.02037,-0.01411,-0.77764,18.39,30.65,54.12
3193,-0.01050,-0.04468,0.99194,0.00120,-0.00826,-0.62957,19.43,29.60,53.82
3194,-0.00171,-0.12720,1.01074,-0.01731,-0.00546,-0.49135,19.73,29.60,54.27
3195,0.00073,-0.03931,1.01587,0.01758,-0.01025,-0.42677,19.73,29.60,54.27
3196,0.00098,-0.07324,0.99634,-0.01585,-0.00453,-0.23090,19.73,29.60,54.27
3197,0.00244,-0.09985,1.00854,-0.00479,-0.01318,-0.19987,19.43,28.85,53.22
3198,-0.02661,0.01855,1.02734,0.00573,-0.01318,-0.07084,19.14,31.69,52.92
3199,0.03125,-0.02588,1.02393,0.01438,-0.01558,0.04088,18.84,30.20,53.37
3200,-0.00342,-0.10889,1.02319,-0.00333,-0.00639,0.15872,18.84,30.20,53.37
3201,-0.01123,0.06616,1.03418,0.02210,-0.00506,0.33649,17.34,30.20,53.37
3202,-0.01318,-0.11426,1.00977,-0.00706,-0.01398,0.45340,18.69,28.11,54.57
3203,0.01807,-0.08057,1.02710,0.00186,-0.01278,0.54595,18.24,29.30,52.47
3204,-0.03052,-0.02905,0.99121,-0.00706,-0.01105,0.67711,18.24,29.30,52.47
3205,0.00293,0.01514,1.02417,0.00373,-0.00613,0.78111,18.09,29.45,53.67
3206,-0.01465,-0.04932,1.01733,-0.00413,-0.01678,0.89629,18.69,29.30,52.03
3207,-0.00195,-0.04541,1.00879,-0.01558,-0.00626,1.02652,17.94,30.05,53.22
3208,-0.00220,-0.07861,1.00610,-0.00866,-0.00999,1.15768,18.24,31.10,53.82
3209,0.00195,-0.02393,1.00903,-0.01132,-0.01278,1.34356,18.24,31.10,53.82
3210,0.00537,-0.07129,1.00195,-0.02517,-0.01145,1.42066,16.74,30.80,53.52
3211,0.01123,-0.01953,0.99854,-0.02463,-0.00293,1.57779,16.44,32.74,53.82
3212,0.01392,-0.08374,1.00757,-0.02051,0.00519,1.73891,15.55,32.44,53.37
3213,-0.01831,-0.06665,1.01685,-0.01332,0.00186,1.79897,15.55,32.44,53.37
3214,-0.01563,-0.04492,1.01245,-0.01451,-0.00546,1.76661,14.80,32.14,52.33
3215,-0.02100,-0.04224,1.01489,0.00533,-0.01744,1.67286,14.35,32.89,54.12
3216,-0.06836,-0.03223,1.00464,-0.01571,-0.00746,1.67513,12.71,33.04,53.52
3217,-0.02002,-0.02515,1.02173,-0.00120,-0.01358,1.69337,12.71,31.84,52.47
3218,-0.00464,-0.02881,1.00488,-0.01731,-0.01105,1.63358,12.71,31.84,52.47
3219,-0.01880,-0.03613,1.00903,-0.01678,0.00120,1.62759,12.41,34.24,53.22
3220,0.00439,-0.01587,1.01953,-0.00320,0.01638,1.74970,11.66,33.79,53.52
3221,0.01489,-0.04346,1.00464,-0.00972,-0.00866,1.84850,10.76,33.64,53.37
3222,0.02905,-0.07153,1.00269,-0.01598,0.01305,2.01548,9.27,33.94,52.33
3223,0.04297,-0.15063,1.01245,0.00573,-0.00200,1.91455,9.27,33.94,52.33
3224,-0.01270,-0.09180,1.01172,-0.00706,0.01198,2.02427,8.22,33.64,53.67
3225,-0.05151,0.00293,1.01489,-0.01385,0.01438,2.14984,7.92,34.98,52.77
3226,-0.02734,0.02051,1.01367,-0.02091,0.00386,2.04864,5.23,35.88,53.37
3227,0.02954,0.02686,1.01782,-0.02077,-0.00040,2.06901,5.23,35.88,53.37
3228,0.01709,-0.03784,1.01221,-0.00573,0.00599,2.06475,4.63,34.98,53.22
3229,-0.00122,-0.00562,1.01929,-0.01158,0.01185,2.26648,5.08,33.79,53.22
3230,-0.07617,0.10107,0.99487,-0.01478,-0.00626,2.04078,4.34,35.73,54.27
3231,0.06738,-0.12988,1.00586,-0.01398,0.01824,2.16302,3.44,36.33,52.92
3232,0.01416,-0.10889,1.02222,0.00053,0.00466,2.08046,3.44,36.33,52.92
3233,-0.05396,0.02832,1.02539,-0.02170,0.00120,2.39232,2.69,37.08,51.58
3234,-0.04199,0.06641,1.01611,-0.01531,0.00559,2.30350,-0.45,36.33,52.62
3235,0.04248,-0.13574,1.01465,-0.02344,0.00373,2.29924,0.45,36.63,53.37
3236,-0.04443,0.03369,1.02197,-0.02157,0.00360,2.15010,0.45,36.63,53.37
3237,-0.00732,-0.01855,1.00537,-0.01838,-0.00706,2.20496,-1.20,37.38,52.33
3238,-0.06006,0.04395,1.01465,-0.03023,-0.00053,2.46928,-1.64,36.63,52.92
3239,0.03271,-0.07593,1.00171,-0.04035,0.00186,2.68899,-3.74,37.38,52.33
3240,0.05005,-0.02002,1.01147,-0.02224,-0.00226,2.95305,-3.89,36.48,53.22
3241,0.00830,-0.03149,1.01343,-0.00226,-0.00293,3.28061,-3.89,36.48,53.22
3242,-0.03247,-0.02319,1.01099,-0.03902,0.01678,3.36770,-5.08,37.23,52.03
3243,-0.07080,0.02100,1.04419,-0.00466,0.00240,3.19792,-5.68,34.83,54.12
3244,-0.06445,-0.01489,1.00317,-0.02557,0.00133,2.94918,-8.22,36.33,52.62
3245,-0.06445,-0.04443,1.02441,-0.00040,-0.00852,2.68154,-9.12,36.48,54.27
3246,-0.08179,-0.00562,1.01270,-0.01451,0.00133,2.42534,-9.12,36.48,54.27
3247,-0.05884,-0.01489,0.98999,-0.02929,0.00280,2.21455,-10.61,36.03,54.27
3248,-0.01294,-0.04248,1.02979,-0.01198,0.00306,2.29897,-11.36,34.98,53.82
3249,-0.00195,-0.01025,1.02588,-0.01718,0.01411,2.65823,-13.60,33.64,53.67
3250,0.03418,-0.03687,1.01392,-0.00493,0.01798,3.00045,-13.60,33.64,53.67
3251,0.01294,-0.04126,1.02124,-0.02863,0.01917,3.11097,-14.35,33.94,53.67
3252,-0.00488,-0.02954,1.00806,-0.02823,0.00533,2.85770,-15.70,34.24,52.77
3253,-0.03760,-0.01611,1.01050,-0.01438,0.00573,2.63853,-15.10,32.44,53.37
3254,-0.06372,0.02539,1.00488,-0.02384,0.00186,2.20616,-18.09,31.69,54.42
3255,-0.04687,0.00439,1.01099,-0.01638,0.00533,1.74890,-18.09,31.69,54.42
3256,-0.03076,-0.02246,1.01563,-0.00226,-0.00093,1.43172,-18.99,31.84,53.22
3257,-0.04980,-0.02148,1.00488,-0.01318,0.00000,1.26873,-19.58,32.89,52.33
3258,-0.02832,-0.06689,1.01196,-0.00240,-0.00573,1.28071,-20.78,29.60,54.57
3259,-0.02197,-0.05200,1.01123,-0.01651,-0.00027,1.32799,-20.78,29.60,54.57
3260,-0.03174,-0.01221,1.01880,-0.00493,-0.00919,1.27339,-20.78,31.10,54.27
3261,-0.02905,-0.01196,1.01367,-0.01238,0.00626,1.41867,-21.38,32.14,54.12
3262,-0.02905,-0.03271,1.00854,-0.00866,0.01238,1.61494,-23.77,30.35,54.57
3263,0.01270,-0.03125,1.01636,-0.00266,0.00360,1.65143,-22.13,29.75,54.72
3264,-0.00757,-0.02466,1.02075,-0.01664,0.00639,1.57979,-22.13,29.75,54.72
3265,-0.01147,0.00244,1.01587,-0.01305,0.00919,1.51560,-23.47,29.30,53.22
3266,-0.01294,-0.11841,1.01050,-0.02543,0.00439,1.34756,-24.37,30.20,53.67
3267,-0.01709,0.06274,1.02222,0.01065,-0.01758,0.90694,-24.67,28.26,53.67
3268,-0.02124,-0.05054,1.01025,0.00053,-0.00320,0.86033,-23.47,29.30,52.77
3269,-0.02441,0.02222,1.01904,0.02224,-0.00985,0.83037,-23.47,29.30,52.77
3270,-0.02295,-0.00903,1.01733,0.00746,-0.00453,0.76060,-25.27,28.55,53.82
3271,-0.01587,-0.03735,1.01050,0.02397,-0.01611,0.79149,-25.27,28.55,54.57
3272,-0.01929,-0.03296,1.01392,0.02610,-0.01052,0.83983,-25.71,29.00,54.42
3273,-0.01538,-0.03735,1.01807,0.04408,-0.01398,0.80574,-25.71,29.00,54.42
3274,-0.01831,-0.01025,1.00684,0.05140,-0.01332,0.82491,-26.46,27.51,53.67
3275,-0.02319,-0.03125,1.01245,0.06964,-0.02250,0.89083,-25.27,27.66,52.77
3276,-0.06641,-0.11401,1.06079,0.10466,-0.03902,1.14143,-26.16,27.21,55.46
3277,-0.05518,0.06567,1.01611,0.32610,-0.06764,1.80416,-26.46,28.26,55.17
3278,0.00171,-0.00122,1.02563,0.21092,-0.02357,1.94943,-26.46,28.26,55.17
3279,-0.01636,-0.00391,1.01196,0.14408,-0.00346,1.94624,-27.36,26.61,54.27
3280,0.00024,-0.04858,1.03857,0.13808,-0.01185,1.78978,-28.11,25.86,53.82
3281,-0.04614,-0.06079,1.03271,0.09121,0.00945,1.68312,-28.70,26.01,52.62
3282,0.04492,0.01880,0.98120,0.11505,0.00466,1.82799,-28.70,26.01,52.62
3283,0.00049,0.01807,1.03223,0.11252,-0.00293,1.52040,-30.50,24.82,54.12
3284,-0.00562,-0.04370,1.02466,-0.00040,0.00586,1.00907,-30.35,23.92,53.82
3285,0.03979,0.02734,1.01099,-0.04181,0.01891,1.23185,-30.50,26.01,53.37
3286,-0.04175,-0.03442,1.01978,-0.00759,0.01664,1.33757,-29.75,24.07,53.37
3287,-0.15430,-0.01465,1.01636,0.06112,0.01545,1.45169,-29.75,24.07,53.37
3288,0.02881,-0.01636,0.98975,0.03236,0.05020,1.40282,-30.80,22.42,53.82
3289,-0.04346,-0.07593,1.03638,0.08056,-0.02091,1.03464,-31.84,21.68,53.82
3290,-0.00464,-0.10815,1.05176,-0.08056,0.03342,1.16314,-31.69,22.57,54.42
3291,0.01245,-0.01807,0.95776,0.08828,0.00652,1.70695,-31.69,22.57,54.42
3292,0.02954,-0.02026,0.99390,-0.00439,0.03302,2.21455,-31.84,21.68,53.52
3293,-0.01904,-0.01782,1.03711,-0.06085,0.05420,2.37501,-31.99,21.83,54.42
3294,-0.05054,-0.03809,1.04224,-0.06711,0.06458,2.30683,-34.98,20.33,55.17
3295,0.00220,-0.00977,1.00146,-0.05979,0.04927,2.18140,-34.38,19.73,53.22
3296,0.00146,0.01270,0.99536,0.02690,0.02623,2.07194,-34.38,19.73,53.22
3297,-0.03540,-0.00562,1.04688,-0.03782,0.02450,1.86981,-35.43,17.49,53.22
3298,-0.06445,0.06592,1.03467,-0.01198,0.03875,1.63931,-35.13,17.04,55.02
3299,0.00708,-0.00366,0.99658,-0.08815,0.04767,1.59151,-36.48,16.15,54.12
3300,-0.05737,0.04517,1.00903,-0.00919,0.04261,1.73665,-34.24,16.44,53.67
3301,-0.00464,-0.01587,1.02319,-0.03888,0.04607,1.76315,-34.24,16.44,53.67
3302,-0.03345,-0.04004,1.02173,-0.04341,0.04847,1.99431,-35.88,14.80,55.02
3303,-0.02075,-0.07300,0.98462,-0.03196,0.07630,2.25317,-36.63,14.35,55.31
3304,0.01904,-0.11182,1.07251,-0.07750,0.05939,2.77967,-36.93,14.80,54.27
3305,-0.08325,0.08228,0.99878,0.09840,0.04408,3.01963,-36.93,14.80,54.27
3306,-0.03442,0.04395,0.93848,0.06685,0.04274,2.91350,-37.82,11.21,54.72
3307,-0.04419,0.01563,0.94312,-0.08296,0.06045,3.03161,-37.38,10.61,54.57
3308,0.11865,-0.02734,1.03369,-0.00360,0.01531,2.94053,-37.67,9.87,55.31
3309,-0.00293,-0.01294,0.99780,0.03089,0.05286,2.76889,-38.57,7.77,54.72
3310,0.00146,0.00708,0.99121,0.05420,0.03649,2.46635,-38.57,7.77,54.72
3311,0.00464,0.05005,1.03076,0.02583,0.01065,2.22094,-37.08,7.33,54.12
3312,0.02368,0.03735,0.99927,0.08123,0.02357,1.98965,-38.42,5.68,53.82
3313,-0.01343,-0.01538,1.04370,0.00706,0.03435,1.96182,-39.02,3.59,55.17
3314,-0.05640,0.03296,1.00098,0.04874,0.04061,1.81494,-39.02,3.59,55.17
3315,0.03516,0.05737,0.87964,0.12290,0.14727,1.82959,-39.47,4.49,55.02
3316,-0.14038,0.12256,0.96118,-0.00812,0.03968,1.43425,-38.12,3.29,56.36
3317,-0.02563,0.03027,0.97656,0.08189,0.01252,1.19283,-39.77,1.64,53.67
3318,-0.07202,-0.06641,1.03735,0.12131,0.01798,1.23877,-39.02,2.39,55.17
3319,-0.01855,-0.07227,1.00684,0.11358,0.01491,1.34649,-39.02,2.39,55.17
3320,-0.04053,-0.11450,1.01099,0.10306,0.02290,1.62879,-40.66,2.24,55.02
3321,0.01270,-0.10327,0.98853,0.21771,0.03582,1.73825,-39.02,0.90,54.42
3322,0.00317,-0.14185,0.98828,0.11638,0.05060,2.02760,-39.02,-0.15,54.42
3323,0.01563,0.07642,1.03931,-0.00892,0.04234,1.91068,-38.42,0.00,55.02
3324,0.01025,0.19458,1.02319,-0.03835,0.03342,1.36873,-38.42,0.00,55.02
3325,-0.01074,0.16089,0.99023,0.05246,0.00652,0.61306,-39.17,-1.79,55.02
3326,-0.02783,-0.04126,1.03662,-0.16924,0.02583,0.71959,-38.42,-1.50,55.02
3327,0.03540,0.03442,1.01123,0.00613,0.02423,1.22199,-39.32,-3.14,55.17
3328,0.01270,0.03076,1.00562,-0.12610,0.04248,1.23398,-39.32,-3.14,55.17
3329,-0.03760,-0.03394,1.03418,-0.03435,0.04368,1.46767,-39.17,-2.54,53.82
3330,-0.02856,0.07861,0.97778,0.07257,0.01411,1.01640,-38.42,-3.74,55.31
3331,-0.00781,0.05811,1.00537,0.06112,0.00493,0.60880,-38.57,-4.34,54.72
3332,-0.04883,0.01611,1.02441,-0.02290,0.00746,0.51079,-39.77,-3.14,54.42
3333,-0.06421,0.02051,1.02856,0.01172,0.00839,0.45167,-39.77,-3.14,54.42
3334,-0.04224,-0.00684,1.03076,-0.08096,0.01345,0.56139,-39.02,-4.34,56.21
3335,0.00977,-0.01196,0.99927,-0.07910,0.00786,0.68656,-37.82,-5.38,54.72
3336,-0.03638,0.06128,0.97900,-0.01465,0.00852,0.54901,-37.52,-4.34,55.17
3337,0.01514,-0.00439,1.00952,0.01638,0.00852,0.67964,-37.52,-4.34,55.17
3338,0.03247,-0.01123,1.00879,0.00040,0.00732,0.69975,-39.17,-4.19,55.02
3339,-0.21533,-0.04175,0.96802,0.05033,0.01158,0.78031,-39.47,-4.93,55.31
3340,0.09644,0.15674,0.79687,-0.12117,0.16205,1.70709,-38.27,-5.38,56.96
3341,-0.04419,-0.09009,1.10425,-0.23689,0.06658,1.39177,-37.82,-6.28,55.46
3342,-0.03394,0.01587,0.99463,-0.02836,0.03049,1.55369,-37.82,-6.28,55.46
3343,-0.00684,-0.00977,1.03613,-0.16458,0.05593,1.41600,-39.32,-7.77,54.42
3344,-0.03711,-0.05688,0.99341,-0.07870,0.04727,1.43105,-38.12,-6.73,55.61
3345,-0.08984,-0.17773,1.10107,-0.00093,0.00426,1.20029,-38.42,-7.92,56.06
3346,-0.02319,-0.02319,1.01904,-0.19880,0.06019,1.48058,-38.42,-7.92,56.06
3347,-0.03564,-0.00732,0.99609,-0.10733,0.04274,1.48405,-37.52,-9.27,55.46
3348,0.01465,0.11499,0.99976,-0.08456,0.03089,1.62573,-37.38,-9.87,55.61
3349,0.01953,0.10620,1.01855,-0.10213,0.03182,1.65635,-37.08,-10.76,55.91
3350,0.02930,-0.00513,1.01318,-0.04527,0.01744,1.63638,-37.08,-11.21,56.21
3351,0.03271,0.04834,1.02905,-0.02956,0.01864,1.53331,-37.08,-11.21,56.21
3352,-0.01196,0.01904,1.00244,-0.06977,0.01971,1.28751,-36.03,-11.96,56.21
3353,-0.00610,-0.01099,1.02148,-0.07430,0.02157,1.17818,-36.63,-15.10,56.36
3354,0.01709,0.01733,1.01782,-0.10546,0.01145,0.84795,-36.03,-13.45,54.42
3355,-0.06177,-0.10474,1.02319,-0.14368,0.03342,0.53210,-34.98,-14.65,55.46
3356,-0.01904,0.04028,1.01538,-0.05886,0.01198,0.61452,-34.98,-14.65,55.46
3357,0.03223,-0.00171,1.02124,-0.03182,0.01292,0.53037,-36.03,-13.75,55.17
3358,-0.01318,-0.03369,1.00757,-0.03382,0.01198,0.49282,-35.73,-14.65,55.17
3359,-0.00879,-0.05518,1.01611,-0.02943,0.00399,0.50027,-37.67,-14.80,55.31
3360,-0.00708,0.04761,1.01172,-0.02463,0.00466,0.42118,-37.67,-14.80,55.31
3361,-0.01929,-0.02075,1.01465,-0.02210,-0.00226,0.44328,-34.53,-14.95,55.91
3362,-0.00415,-0.02173,1.02026,-0.01957,0.00399,0.39335,-35.88,-15.55,56.81
3363,-0.01318,-0.02246,1.01611,-0.03169,0.00280,0.42211,-34.38,-15.85,56.06
3364,0.00049,-0.03418,1.01465,-0.02996,-0.00160,0.45407,-36.18,-16.30,54.57
3365,-0.01294,-0.02466,1.01001,-0.04075,0.00652,0.49721,-36.18,-16.30,54.57
3366,-0.02539,-0.00903,1.01343,-0.05220,0.01252,0.59881,-33.79,-16.44,54.12
3367,-0.03467,-0.03125,1.00854,-0.04860,0.01398,0.59615,-34.83,-15.85,55.31
3368,-0.00635,-0.04272,1.01367,-0.05246,0.00692,0.45181,-35.88,-16.74,55.61
3369,-0.01953,0.03687,1.01489,-0.04301,0.00493,0.37164,-35.88,-16.74,55.61
3370,-0.01929,-0.03320,1.00659,-0.04101,0.00373,0.32597,-34.98,-15.40,54.42
3371,-0.02368,-0.01709,1.01196,-0.04634,0.00746,0.29202,-34.53,-17.64,54.12
3372,-0.01538,0.02563,1.01099,-0.02903,-0.00599,0.26285,-34.83,-16.74,55.31
3373,0.03687,-0.07935,1.02563,-0.02437,-0.00160,0.38323,-34.83,-16.30,55.31
3374,0.06030,-0.02417,1.01318,-0.04408,0.00053,0.76712,-34.83,-16.30,55.31
3375,0.05078,-0.00610,1.01343,-0.05087,0.01119,1.11999,-35.13,-17.04,54.27
3376,0.01929,-0.01611,1.00586,-0.06818,0.00519,1.43172,-33.79,-18.84,55.17
3377,0.00000,0.00537,1.01563,-0.04221,0.00160,1.68352,-33.49,-17.19,56.51
3378,-0.05688,-0.01929,1.01587,-0.04181,0.00533,1.56634,-34.38,-18.24,55.61
3379,-0.01880,-0.03442,1.01172,-0.04248,-0.00519,1.35129,-34.38,-18.24,55.61
3380,-0.00195,-0.00732,1.00928,-0.05752,-0.00093,1.29376,-33.79,-19.14,54.42
3381,-0.03076,-0.06714,1.00342,-0.06179,0.00027,1.30934,-34.38,-19.29,55.02
3382,0.00903,-0.05176,1.00171,-0.08149,-0.00919,1.41440,-32.59,-20.03,53.52
3383,-0.01343,-0.06299,1.02441,-0.07830,-0.00479,1.53558,-32.59,-20.03,53.52
3384,-0.00024,0.04126,1.00635,-0.05859,-0.01238,1.74637,-32.14,-22.72,55.02
3385,0.05078,-0.07178,0.94580,-0.03302,-0.01904,1.38338,-31.99,-21.83,55.17
3386,-0.02563,0.04883,1.06299,-0.12530,-0.04221,0.91373,-32.14,-22.42,54.27
3387,0.05371,0.33594,1.20410,-0.10120,-0.06045,0.79695,-31.25,-23.02,56.21
3388,0.01514,-0.04224,1.02148,0.05020,0.00746,0.72651,-31.25,-23.02,56.21
3389,-0.04932,0.02612,1.00879,-0.01305,-0.01505,0.83171,-31.39,-22.42,56.06
3390,-0.04883,0.00952,1.01978,0.01944,-0.00386,0.57151,-30.05,-23.47,55.31
3391,-0.03467,0.01392,1.02515,0.02117,-0.01172,0.40174,-31.99,-23.32,54.72
3392,-0.00854,-0.04248,1.00342,-0.03755,-0.01558,0.29827,-31.99,-23.32,54.72
3393,0.05273,-0.14478,1.00659,0.00386,-0.00306,0.37377,-29.15,-23.77,55.17
3394,0.06763,-0.09863,1.03296,-0.05486,-0.00786,0.83011,-29.15,-25.27,55.17
3395,-0.04004,0.01929,1.00879,-0.05446,-0.01105,1.02119,-30.20,-23.77,54.42
3396,0.01392,0.00146,1.02271,-0.10293,-0.01385,1.14822,-30.35,-25.12,53.82
3397,0.08496,-0.05835,0.96997,-0.12117,-0.03089,1.47872,-30.35,-25.12,53.82
3398,0.06934,-0.00464,0.98926,-0.09441,-0.02370,1.71721,-29.75,-23.77,55.46
3399,0.01123,-0.06689,1.00708,-0.03222,-0.01598,1.89404,-29.15,-26.01,54.12
3400,0.04932,-0.10547,1.00171,-0.05406,-0.01811,2.07700,-29.60,-26.91,55.31
3401,0.02783,-0.06494,0.95825,-0.04514,-0.02783,2.38033,-29.60,-26.91,55.31
3402,-0.03369,-0.13379,1.01196,-0.17164,-0.03396,2.42641,-27.66,-27.51,53.37
3403,-0.07568,0.10303,1.00244,-0.20932,-0.02903,2.39392,-25.12,-30.65,55.17
3404,-0.06226,0.07617,0.89233,-0.43236,-0.05712,2.04624,-25.56,-30.80,55.02
3405,-0.12085,0.11890,1.05347,0.09148,-0.02690,1.53611,-25.56,-30.80,55.02
3406,-0.06421,-0.00879,1.00098,-0.11505,-0.02224,1.01027,-25.56,-30.80,55.02
3407,-0.01245,-0.06250,1.01025,0.08402,-0.00652,0.88470,-25.12,-30.20,55.17
3408,-0.03345,0.02686,1.01001,-0.04607,-0.01771,0.67711,-24.37,-30.20,54.42
3409,-0.03979,-0.03857,1.02686,0.02104,-0.01238,0.59122,-24.67,-30.95,54.12
3410,-0.03809,-0.02173,0.99902,-0.01625,-0.01065,0.47671,-24.67,-30.95,54.12
3411,0.02417,-0.09058,1.00513,0.05539,-0.00453,0.55181,-24.52,-33.04,55.61
3412,0.08618,-0.16333,1.02588,0.01651,-0.01585,0.97192,-24.37,-32.89,56.21
3413,0.02417,-0.11060,1.01489,-0.04807,-0.03409,1.51947,-23.77,-30.35,53.52
3414,-0.14111,0.03027,0.97192,0.03941,-0.02370,1.82893,-23.77,-30.35,53.52
3415,-0.10449,0.15894,1.07129,0.07470,-0.01092,0.88990,-23.47,-31.10,54.57
3416,-0.00195,-0.12427,0.96631,0.07430,-0.01065,0.73463,-23.77,-31.10,53.82
3417,0.05347,-0.12793,1.03809,0.04727,-0.00826,1.12705,-22.87,-31.69,54.72
3418,0.08057,-0.08521,1.03735,0.03609,-0.01651,1.44556,-22.72,-32.74,55.02
3419,-0.05127,0.13696,1.09668,-0.00466,0.00213,0.83037,-22.72,-32.74,55.02
3420,-0.00903,-0.08057,1.00391,0.09374,-0.00692,0.65567,-20.78,-33.79,55.31
3421,0.02222,-0.12549,1.02661,0.01225,-0.00386,0.88484,-21.08,-34.83,54.72
3422,-0.00928,-0.06787,1.01953,0.02929,-0.00866,1.16540,-21.53,-33.04,55.61
3423,-0.03857,-0.02661,0.99634,-0.01864,-0.01105,1.28511,-21.53,-33.04,55.61
3424,-0.03516,0.01465,1.00317,-0.01638,-0.00985,1.25448,-21.38,-35.13,55.46
3425,-0.03662,0.00610,1.02563,-0.01611,-0.00826,1.11400,-19.43,-33.49,55.02
3426,-0.02930,0.00903,1.00781,0.02943,-0.00892,0.95874,-18.39,-33.94,55.17
3427,-0.05811,-0.03125,0.97021,-0.12783,-0.01411,0.93597,-18.99,-35.73,53.52
3428,-0.03589,0.03979,1.05225,0.10919,0.00533,0.80281,-18.99,-35.73,53.52
3429,-0.02783,-0.02246,0.99512,0.09348,-0.00080,0.94436,-19.58,-35.88,55.46
3430,-0.02930,0.16284,1.02344,0.24541,-0.01372,1.01600,-17.04,-34.83,55.17
3431,-0.03491,-0.06226,1.01611,0.07563,-0.01305,1.08883,-19.14,-35.58,54.42
3432,-0.02173,-0.01953,1.01294,0.06658,-0.01145,1.37100,-19.14,-35.58,54.42
3433,-0.05444,-0.02954,1.02393,0.09854,-0.01971,1.39776,-16.74,-36.03,55.31
3434,-0.02588,0.02734,1.01147,0.10466,-0.03262,1.60828,-16.44,-35.73,55.31
3435,-0.03442,0.01733,1.02344,0.08695,-0.02117,1.63824,-16.00,-35.28,55.31
3436,-0.02197,0.01416,1.01733,0.05752,-0.02317,1.54117,-16.30,-34.38,54.72
3437,-0.03857,0.02222,1.01294,0.02903,-0.01012,1.38285,-16.30,-34.38,54.72
3438,-0.00049,-0.00488,1.02173,0.01957,-0.00599,1.25129,-15.55,-36.33,54.42
3439,-0.00488,-0.01709,1.01709,0.04234,-0.01238,1.10002,-14.20,-35.73,55.61
3440,-0.04565,-0.02637,1.01709,0.00439,0.00053,1.25768,-13.45,-35.73,55.02
3441,-0.01904,-0.03394,1.00342,0.01345,0.00080,1.27712,-14.05,-35.88,54.72
3442,-0.01221,-0.03735,1.01367,0.01345,-0.00253,1.43651,-14.05,-35.88,54.72
3443,-0.04687,-0.03052,1.01172,-0.00360,0.00839,1.64663,-14.05,-36.63,55.91
3444,-0.04956,0.00757,1.01904,0.00879,-0.00852,1.74237,-11.81,-37.38,55.91
3445,0.05469,-0.02881,1.01367,-0.02423,0.00000,1.99404,-11.66,-38.42,56.06
3446,0.02808,0.04639,1.02539,-0.01851,0.00692,2.08299,-11.66,-38.42,56.06
3447,-0.04102,0.00781,1.00806,-0.00852,0.00360,1.92706,-10.61,-36.03,55.31
3448,-0.01563,-0.03076,0.99731,-0.02943,0.00905,1.96528,-9.72,-38.12,55.91
3449,-0.02051,-0.01440,1.02148,0.00719,-0.00413,1.80988,-9.27,-37.08,54.72
3450,0.01563,-0.01929,1.01611,-0.01771,0.00866,1.86728,-7.62,-37.67,55.02
3451,-0.00854,-0.03979,1.02271,-0.00320,-0.00519,1.92134,-7.62,-37.67,55.02
3452,-0.00244,-0.03613,1.00586,-0.02969,0.01571,1.99777,-8.67,-37.97,54.57
3453,0.01563,-0.07373,1.02197,-0.01678,0.00373,1.81827,-6.13,-37.23,54.27
3454,-0.00269,-0.03442,1.01978,-0.03449,0.01997,1.93239,-5.23,-38.12,54.12
3455,0.01318,-0.00293,1.00977,-0.03449,0.01292,1.96688,-5.23,-38.12,54.12
3456,-0.00708,-0.05786,1.00293,-0.01292,0.00346,1.98046,-4.34,-39.17,55.02
3457,0.00854,-0.03174,1.01221,-0.02557,0.01411,2.02640,-4.19,-37.82,54.72
3458,0.01367,-0.00098,1.03589,-0.01811,0.00786,1.98126,-2.54,-37.97,54.57
3459,-0.01953,-0.05981,1.00464,-0.02530,0.00945,1.71907,-3.29,-38.42,54.27
3460,0.00488,0.01782,1.03296,-0.01012,-0.00519,1.69883,-3.29,-38.42,54.27
3461,0.02344,0.01172,1.03247,-0.00826,-0.00120,1.55635,-1.79,-38.72,53.52
3462,-0.01953,0.03516,1.01587,-0.01451,0.00253,1.59244,-1.20,-38.12,54.72
3463,-0.01563,-0.07568,1.00122,-0.01012,-0.00399,1.43851,1.05,-38.42,53.22
3464,-0.00073,0.04053,1.02637,-0.00479,-0.00067,1.47646,0.15,-39.02,54.72
3465,-0.00513,-0.03760,1.00903,-0.01332,0.00679,1.32133,0.60,-37.97,53.82
3466,0.02954,0.00806,1.02197,-0.01678,-0.00919,1.25648,1.79,-37.23,53.22
3467,0.00464,-0.01074,1.00684,-0.00599,-0.00280,1.10202,3.29,-39.47,53.52
3468,0.00244,-0.00122,1.00757,-0.00626,0.00399,0.94129,1.20,-37.38,54.12
3469,-0.01904,0.01929,1.00049,-0.00533,0.00360,0.79935,1.20,-37.38,54.12
3470,0.00488,-0.00513,1.02393,0.00879,-0.01265,0.70947,4.19,-37.38,53.67
3471,0.00244,-0.01855,1.01538,0.00746,-0.01145,0.56978,2.99,-38.12,54.72
3472,-0.00684,0.01587,1.01392,0.00945,-0.00972,0.54382,1.94,-37.82,55.17
3473,-0.02563,-0.02295,1.01514,-0.00666,-0.00573,0.56259,4.19,-37.38,54.42
3474,-0.02148,-0.01978,1.00977,-0.01332,-0.00706,0.79362,4.19,-37.38,54.42
3475,-0.05347,-0.02954,1.01172,0.00067,-0.00413,1.00201,4.34,-36.93,55.02
3476,0.01343,0.01196,1.02466,-0.00453,-0.00306,1.05834,5.23,-37.38,54.42
3477,0.02539,-0.01440,1.01855,-0.00546,0.00479,1.06060,3.74,-38.12,53.67
3478,0.00317,-0.00122,1.00635,-0.00067,0.00466,0.90308,3.74,-38.12,53.67
3479,0.01245,-0.02954,1.01831,-0.01278,0.00027,0.90188,5.98,-37.08,53.37
3480,-0.00757,-0.03223,1.01025,-0.01025,-0.00067,0.90002,7.03,-38.12,54.42
3481,-0.00977,-0.01074,1.02881,-0.00546,-0.00426,1.02705,5.38,-37.23,54.27
3482,0.02637,-0.00073,1.02222,-0.00040,0.00173,1.20681,7.77,-35.88,55.17
3483,-0.01685,-0.00928,1.00732,-0.01039,0.00146,1.33211,7.77,-35.88,55.17
3484,0.00293,-0.01855,1.02026,-0.00905,0.00426,1.38564,7.77,-37.08,54.72
3485,-0.00586,0.03784,1.02075,-0.00346,0.00053,1.46714,8.22,-37.38,54.42
3486,-0.00439,0.02271,1.01025,0.00479,0.00999,1.49230,9.12,-36.93,55.02
3487,-0.01953,-0.01953,1.01147,0.00280,-0.00133,1.34024,9.12,-36.93,55.02
3488,-0.01685,-0.01147,1.02637,0.00360,-0.00812,1.47712,9.12,-36.48,54.27
3489,-0.01636,-0.03638,0.99634,0.01252,0.00306,1.57846,8.67,-34.98,54.27
3490,0.03369,0.03198,1.00488,-0.00919,-0.00453,1.67300,9.42,-36.03,53.52
3491,-0.04004,-0.04956,1.01807,0.00599,-0.00599,1.49790,10.32,-35.13,55.91
3492,0.00977,0.04932,1.01855,0.01731,-0.00293,1.57899,10.32,-35.13,55.91
3493,0.01880,-0.00293,1.01953,-0.01798,0.00266,1.32652,12.26,-36.63,52.62
3494,0.01001,-0.01685,1.02686,-0.00413,0.00613,1.23371,11.96,-35.28,54.57
3495,-0.00269,-0.05933,1.00586,-0.01531,-0.00186,1.50029,13.16,-35.28,54.27
3496,0.00830,-0.04712,1.01978,-0.00679,-0.00972,1.87220,13.45,-35.73,53.82
3497,0.02808,-0.03833,1.01880,-0.02410,0.00080,2.12081,13.45,-35.73,53.82
3498,0.02173,-0.01563,1.01611,-0.03262,0.00346,2.17727,14.20,-34.98,54.57
3499,-0.02100,0.07397,1.03125,0.00546,-0.00107,2.00842,14.80,-32.44,54.12
3500,0.04370,0.04004,1.00586,0.02024,0.00373,1.83572,15.85,-33.94,52.92
3501,0.01050,-0.00439,1.00854,0.01358,0.01105,1.75183,15.85,-33.94,52.92
3502,0.00610,-0.06470,1.02588,-0.05180,-0.00959,1.55529,15.85,-32.14,53.37
3503,0.04150,0.04199,1.01953,-0.01238,-0.00759,1.52040,16.74,-33.04,53.22
3504,-0.01245,-0.04175,1.02490,-0.01132,0.00453,1.57126,17.34,-31.69,55.17
3505,-0.00635,0.03564,1.00635,-0.00666,-0.00320,1.54850,17.34,-31.69,52.62
3506,-0.00293,-0.01855,0.98853,0.01891,-0.00506,1.42160,17.34,-31.69,52.62
3507,0.03809,-0.00781,1.02100,0.00559,-0.00133,1.45475,19.73,-30.80,53.52
3508,0.00537,0.00244,1.03564,0.02344,-0.01238,1.41600,21.08,-29.75,54.72
3509,-0.00488,-0.02881,0.99097,0.01731,-0.00133,1.33171,19.88,-29.00,52.92
3510,0.02002,-0.04272,1.01685,-0.01917,0.00666,1.09349,19.88,-29.00,52.92
3511,0.03271,0.02100,1.02197,-0.00107,-0.01198,1.03504,20.33,-28.70,54.42
3512,-0.04883,-0.04761,1.00415,-0.02144,0.00586,0.99908,19.73,-29.30,52.77
3513,-0.01465,-0.03467,1.02051,-0.02903,0.00905,0.95954,21.53,-27.66,53.82
3514,-0.02002,-0.08618,1.02979,-0.02916,0.01105,0.96859,22.13,-27.51,53.37
3515,0.01465,-0.06592,1.01709,-0.00746,0.00972,1.08737,22.13,-27.51,53.37
3516,-0.08105,-0.04687,1.01001,-0.03156,0.01438,1.27126,21.98,-28.11,53.22
3517,-0.04248,-0.02271,1.01221,-0.03875,0.00719,1.26500,22.13,-28.26,53.37
3518,0.04102,-0.02954,1.00977,-0.03316,0.02104,1.22173,23.02,-26.91,54.27
3519,-0.02344,-0.02075,1.01587,-0.03489,0.01465,1.21067,23.62,-25.56,55.17
3520,-0.03174,0.00757,1.00684,-0.03076,0.01225,1.03158,23.62,-25.56,55.17
3521,-0.00537,0.01123,1.01270,-0.02716,0.01265,0.96113,24.67,-24.07,54.42
3522,-0.00171,-0.00342,1.01587,-0.02810,0.00373,0.80787,23.77,-25.86,55.02
3523,-0.11133,-0.04614,0.91724,-0.18296,0.05859,0.74928,23.92,-24.82,52.62
3524,-0.00635,-0.01660,1.02417,-0.06072,0.01438,0.86499,23.92,-24.82,52.62
3525,-0.01440,-0.03369,1.02124,-0.03276,0.00905,0.99802,24.67,-25.56,52.62
3526,0.03125,-0.06909,1.03076,0.00679,-0.01678,1.43052,23.92,-26.46,52.92
3527,-0.03540,-0.02783,1.04419,-0.01731,-0.00040,1.75116,25.27,-25.41,53.82
3528,-0.04980,-0.04224,1.03809,0.00053,0.00067,1.70416,26.31,-25.12,54.27
3529,-0.11182,-0.10718,0.84375,-0.18389,0.05420,1.74557,26.31,-25.12,54.27
3530,-0.06128,-0.14063,0.82495,-0.24994,0.07310,1.69044,25.71,-25.56,52.92
3531,-0.00293,-0.05151,1.02026,-0.07670,0.00280,1.75849,26.91,-23.02,52.92
3532,0.08545,-0.08862,0.99512,-0.11292,0.00586,2.08366,26.16,-21.08,53.37
3533,0.09033,0.13672,1.05420,-0.06578,0.01531,2.33786,26.16,-21.08,53.37
3534,0.00415,-0.01221,1.00220,-0.07350,0.01345,2.02280,27.66,-21.38,52.33
3535,-0.05859,-0.01465,1.00195,0.00346,-0.00573,2.08619,27.06,-19.29,53.52
3536,-0.07324,0.01147,0.98193,-0.02969,0.00200,1.82054,28.70,-19.88,52.92
3537,-0.03369,0.04810,1.04224,-0.02676,-0.01252,1.45062,27.21,-19.14,53.67
3538,0.00562,0.04517,1.07959,-0.00479,-0.02690,0.03768,27.21,-19.14,53.67
3539,-0.02759,0.00928,0.99707,-0.07057,-0.00573,0.04008,28.70,-18.39,52.92
3540,-0.03979,-0.11084,0.99609,0.01811,0.00213,0.94982,29.45,-18.84,54.42
3541,0.03564,-0.03687,1.04395,-0.02437,-0.00759,1.12705,29.30,-19.29,53.52
3542,-0.04028,-0.03833,1.00537,-0.02184,-0.00306,1.26687,29.30,-19.29,53.52
3543,-0.11963,0.10547,0.99951,-0.03475,0.00053,0.94822,30.20,-18.39,52.92
3544,-0.01416,-0.08423,0.99023,-0.00160,-0.00613,0.64755,29.60,-16.30,53.22
3545,0.15454,0.13501,1.31323,0.10333,-0.04700,-0.12397,29.75,-17.19,51.88
3546,-0.05957,0.00269,0.98462,-0.08456,0.00053,-0.11971,29.30,-17.04,53.22
3547,-0.02002,-0.03418,1.03442,-0.02557,-0.00626,-0.03995,29.30,-17.04,53.22
3548,0.03711,-0.02710,1.05127,0.05699,-0.00692,0.37085,30.80,-17.04,52.47
3549,0.00879,-0.05518,1.01538,-0.01651,-0.00626,0.40027,29.15,-17.19,53.67
3550,-0.02026,-0.02197,1.00415,-0.02344,-0.00320,0.47431,30.80,-17.04,53.52
3551,-0.01147,-0.04004,1.00220,-0.01398,-0.00852,0.51612,30.05,-17.49,53.22
3552,0.00366,-0.02222,1.01123,-0.04794,-0.00360,0.54475,30.05,-17.49,53.22
3553,-0.00586,-0.01953,1.03833,-0.02370,-0.00386,0.62811,30.20,-15.70,52.92
3554,0.01904,-0.01367,1.03979,0.01731,-0.01065,0.80041,31.10,-16.30,52.47
3555,0.02588,-0.03979,1.00488,-0.00493,-0.00892,0.94769,29.75,-16.89,52.92
3556,-0.02124,-0.06616,0.99854,-0.01145,-0.00972,1.06114,29.75,-16.89,52.92
3557,-0.01489,-0.05054,0.96533,-0.00160,-0.00266,0.99003,29.30,-16.74,53.22
3558,-0.02319,-0.00586,1.02856,-0.03435,-0.01198,0.90761,29.60,-15.10,52.03
3559,0.00244,-0.03345,1.03320,-0.00173,-0.01704,0.72811,30.80,-14.35,52.77
3560,-0.00391,-0.02222,1.02954,0.01345,-0.01105,0.65847,30.05,-14.80,53.52
3561,0.00391,-0.05200,1.02637,-0.00919,-0.01105,0.62757,30.05,-14.80,53.52
3562,-0.02856,-0.02393,1.00195,-0.02503,-0.01491,0.57045,31.84,-13.60,52.03
3563,0.00073,-0.05933,0.98975,-0.02091,-0.00772,0.53530,31.39,-12.56,53.52
3564,-0.01636,-0.04810,1.01855,0.00306,-0.00985,0.45287,31.99,-14.20,52.92
3565,-0.01660,-0.03540,1.02612,-0.02823,-0.00652,0.29867,31.99,-14.20,52.92
3566,0.01074,-0.01709,1.01782,-0.01838,-0.00599,0.34781,31.99,-13.01,52.33
3567,-0.01685,-0.00537,1.01196,-0.02104,-0.00666,0.30839,32.14,-13.31,52.03
3568,0.00122,-0.01489,1.01904,-0.01172,-0.00107,0.16898,30.80,-13.31,53.52
3569,0.01563,-0.04785,1.03174,-0.00160,-0.00439,0.06032,32.89,-14.05,52.47
3570,0.01196,-0.05566,1.02222,-0.00519,-0.00746,0.04248,32.89,-14.05,52.47
3571,-0.00513,-0.04565,1.01953,0.00679,-0.00493,0.07537,33.19,-12.26,52.62
3572,-0.00171,-0.04102,1.01514,0.01638,-0.01012,0.07417,31.69,-13.45,51.58
3573,-0.00366,-0.04004,1.01050,0.00746,-0.01465,0.05886,31.84,-13.31,52.47
3574,-0.01611,-0.03296,1.00732,0.00280,-0.01132,0.06272,33.64,-14.35,52.47
3575,0.00464,-0.03955,1.01416,0.01465,-0.00772,0.03529,33.64,-14.35,52.47
3576,-0.00439,-0.03784,1.01465,0.02330,-0.01385,0.00599,31.69,-12.71,53.37
3577,-0.00293,-0.03882,1.01978,0.00905,-0.01132,0.00373,31.99,-13.45,52.62
3578,-0.00635,-0.02905,1.01440,0.01518,-0.01398,0.00466,31.39,-12.86,52.77
3579,-0.00024,-0.03003,1.01563,0.01971,-0.01145,0.00706,31.39,-12.86,52.77
3580,-0.00952,-0.03174,1.01318,0.02184,-0.01238,0.00360,31.39,-13.31,52.77
3581,-0.01465,-0.02466,1.00366,0.02823,-0.01212,-0.00559,32.89,-14.05,52.77
3582,-0.02026,-0.01636,1.01294,0.00759,-0.01318,-0.03009,30.80,-11.36,52.77
3583,-0.21460,0.11914,1.02661,0.02796,-0.01238,-0.34128,32.59,-13.60,53.52
3584,-0.08740,0.04541,0.99609,0.01411,-0.00679,-0.88657,32.59,-13.60,53.52
3585,0.01880,-0.03613,1.03662,0.02290,0.00013,-0.92465,32.44,-12.71,53.37
3586,0.04248,0.01660,1.00171,0.01265,0.00040,-0.92824,31.99,-13.01,52.33
3587,0.03320,-0.05640,1.01978,0.02557,-0.00506,-0.95488,30.05,-13.31,53.22
3588,-0.01050,-0.05322,1.03003,0.01838,-0.00213,-0.90121,30.05,-13.31,53.22
3589,0.01563,-0.04028,1.01050,0.00679,0.00692,-0.89509,29.75,-14.65,52.33
3590,0.14355,-0.08960,1.04565,-0.01372,-0.00892,-0.82585,30.50,-14.65,53.67
3591,0.00903,-0.10913,0.96655,-0.01079,0.00186,-0.59828,31.39,-13.60,53.52
3592,-0.02148,-0.03198,0.99243,-0.01638,-0.00266,-0.61213,31.25,-15.40,52.62
3593,-0.08301,0.07983,1.02637,0.03489,-0.00067,-0.92971,31.25,-15.40,52.62
3594,0.16089,-0.19800,1.10156,-0.03369,-0.02077,-1.12092,29.75,-15.70,51.58
3595,0.00366,0.07007,1.02905,0.04194,-0.00280,-0.95821,29.60,-15.85,51.73
3596,0.03564,-0.07617,1.04541,0.04594,-0.01598,-0.87019,30.35,-16.74,54.57
3597,0.01099,-0.01880,1.01318,0.02210,-0.00639,-0.82771,30.35,-17.04,54.27
3598,-0.00220,-0.04199,1.01074,0.01185,-0.01611,-0.62012,30.35,-17.04,54.27
3599,0.02197,-0.02368,1.03076,0.03129,-0.00879,-0.59908,30.05,-15.85,52.77
3600,0.03345,-0.11255,1.02466,0.03143,-0.01784,-1.32426,29.30,-18.99,52.77
3601,0.09326,-0.22168,1.02344,0.06218,-0.01838,-1.11733,30.35,-17.49,51.43
3602,0.01221,-0.09253,1.01685,0.05233,-0.01811,-0.96966,30.35,-17.49,51.43
3603,-0.02051,-0.00977,0.97729,0.00972,-0.00173,-1.03224,29.30,-17.04,52.47
3604,0.01929,-0.10254,1.03687,0.07044,-0.03342,-1.22971,28.85,-18.24,50.68
3605,-0.00977,0.02563,1.01294,0.05539,-0.01571,-1.23983,28.11,-19.29,52.62
3606,-0.00464,-0.02222,1.00366,0.04980,-0.02290,-1.54264,28.11,-19.29,51.73
3607,0.00244,0.01221,1.02881,0.05779,-0.02091,-1.75516,28.11,-19.29,51.73
3608,0.01514,-0.00244,1.01074,0.05047,-0.02437,-1.89790,27.96,-20.63,52.62
3609,-0.00171,-0.00366,1.00830,0.07843,-0.02490,-2.02054,27.36,-21.98,52.47
3610,-0.00781,0.01074,1.00854,0.08788,-0.04115,-2.26156,27.36,-21.98,52.47
3611,-0.02490,-0.00806,1.02417,0.10306,-0.04447,-2.53413,27.36,-21.98,52.47
3612,-0.00586,-0.01392,1.00952,0.11172,-0.05699,-2.59432,26.31,-22.72,52.47
3613,-0.03857,-0.02100,1.00122,0.05752,-0.03981,-2.54825,26.46,-23.32,52.62
3614,-0.02563,-0.00635,1.01025,0.05233,-0.03609,-2.52201,24.82,-24.37,52.03
3615,-0.00952,0.04614,1.04395,0.05912,-0.04075,-2.61296,24.82,-24.37,52.03
3616,0.01904,-0.04639,0.99805,0.04341,-0.02210,-3.14453,24.37,-24.82,52.03
3617,0.01294,-0.07251,0.98267,0.02716,-0.02144,-3.33121,22.72,-26.61,53.52
3618,0.04956,-0.06982,1.01074,0.06112,-0.03848,-3.49127,21.23,-27.66,53.22
3619,0.06616,-0.08325,1.01074,0.05965,-0.03422,-3.43455,19.88,-29.00,52.92
3620,0.07788,-0.06348,1.02124,0.03755,-0.03848,-3.29300,19.88,-30.20,52.92
3621,0.06567,-0.09839,1.00952,0.02397,-0.03222,-3.10205,18.84,-29.45,54.12
3622,-0.01001,-0.04175,1.00708,0.04061,-0.02850,-2.84466,20.33,-30.20,53.67
3623,-0.02710,-0.02246,1.01367,0.01944,-0.01864,-2.67674,16.30,-30.20,54.12
3624,-0.02295,-0.01440,1.01465,0.02969,-0.02996,-2.53679,16.30,-30.20,54.12
3625,-0.04614,-0.02612,1.01465,0.02264,-0.02756,-2.49232,15.40,-32.74,52.77
3626,-0.02783,-0.05396,1.01709,0.02703,-0.01238,-2.62348,15.85,-33.19,54.12
3627,-0.01538,-0.00854,1.00952,0.03742,-0.02250,-2.68234,15.10,-33.19,52.62
3628,0.03589,-0.04321,1.02002,0.03835,-0.01811,-2.53160,13.01,-33.64,54.12
3629,0.00195,0.00171,1.01440,0.03435,-0.02011,-2.22347,13.01,-33.64,54.12
3630,0.00464,-0.00342,1.01733,0.01012,-0.01132,-2.08605,12.71,-34.24,55.61
3631,-0.01685,-0.00757,1.01660,0.00746,-0.02064,-2.12800,11.96,-35.28,53.22
3632,0.06543,-0.00757,1.02466,0.01744,-0.03222,-2.28552,9.72,-36.33,54.12
3633,0.01953,0.00830,1.01563,0.03435,-0.02583,-2.49312,9.72,-36.33,54.12
3634,-0.00586,-0.03271,1.01440,0.02543,-0.02650,-2.76250,7.03,-34.83,54.72
3635,-0.02295,-0.07275,1.02344,-0.00826,-0.01305,-2.73081,8.37,-35.73,53.22
3636,-0.00171,-0.03271,1.01025,0.03582,-0.01931,-2.41855,7.62,-37.67,54.27
3637,-0.02197,-0.04272,1.00854,0.01638,-0.01491,-2.06635,7.77,-35.88,52.92
3638,0.01904,-0.03540,1.01392,0.00453,-0.01358,-1.69137,7.77,-35.88,52.92
3639,-0.02466,0.01636,1.01611,0.02224,-0.01731,-1.43624,4.34,-37.23,54.57
3640,-0.01636,0.01904,1.02686,0.02570,-0.01425,-1.29549,2.84,-37.97,53.52
3641,0.02832,-0.03101,1.01294,0.01132,-0.01531,-1.41401,4.34,-37.23,54.57
3642,0.03784,0.01782,1.01563,0.02796,-0.01345,-1.61507,4.34,-37.23,54.57
3643,0.04028,0.01416,1.02075,-0.00186,-0.01531,-1.76954,2.24,-37.82,53.67
3644,0.00293,-0.03394,1.01587,0.00186,-0.00639,-2.13333,1.20,-37.82,54.42
3645,0.00684,-0.02173,1.02832,0.00080,-0.01278,-2.18872,0.45,-39.02,53.67
3646,-0.02026,0.01611,1.01343,0.01598,-0.01678,-2.09005,0.15,-37.82,54.72
3647,0.01196,-0.03418,1.02588,0.02783,-0.01957,-1.90296,0.15,-37.82,54.72
3648,0.06030,-0.06787,1.02515,0.01132,-0.02304,-1.62599,0.15,-38.57,55.17
3649,-0.05127,-0.02417,1.03027,0.00439,-0.03409,-1.27033,-1.05,-36.48,54.27
3650,-0.08301,0.04834,0.99683,0.01518,-0.00866,-1.08710,-0.30,-38.72,53.82
3651,-0.01001,0.00146,1.01489,0.01851,-0.01971,-0.97778,-2.54,-37.67,53.52
3652,0.02734,-0.01929,1.01953,0.00466,-0.01678,-0.93530,-2.54,-37.67,53.52
3653,0.02100,-0.04517,1.03003,0.00812,-0.00373,-1.07339,-3.59,-37.67,54.57
3654,0.00073,-0.00806,1.02759,0.00373,-0.00413,-1.36767,-3.74,-38.12,55.46
3655,0.03003,-0.03516,1.00562,0.00879,-0.00666,-1.58605,-5.23,-37.08,54.42
3656,0.00732,-0.00464,1.01489,0.02170,-0.02131,-1.77473,-5.23,-37.08,54.42
3657,-0.05200,-0.03125,1.01392,0.00160,-0.01691,-1.68818,-5.23,-37.82,54.72
3658,-0.07007,0.00928,1.01953,0.01851,-0.01771,-1.54224,-5.83,-36.48,54.57
3659,-0.06787,-0.01782,1.01123,0.01318,-0.01771,-1.33624,-6.13,-39.17,54.27
3660,-0.05054,-0.01367,1.01294,0.00812,-0.02317,-1.20468,-6.13,-36.48,55.61
3661,-0.01831,-0.03101,1.01978,0.01025,-0.02170,-1.12412,-6.13,-36.48,55.61
3662,-0.01636,-0.02832,1.00684,-0.00120,-0.00559,-1.15248,-6.28,-38.12,55.46
3663,-0.00024,-0.01904,1.01636,0.01372,-0.01798,-1.28031,-8.22,-37.82,54.72
3664,0.01123,-0.00122,1.02075,0.01625,-0.02344,-1.47393,-8.37,-36.93,53.82
3665,0.02441,0.01758,1.02417,0.01917,-0.01185,-1.62426,-8.37,-36.93,53.82
3666,0.00586,-0.00781,1.02515,0.01744,-0.02863,-1.89923,-9.42,-37.67,54.57
3667,-0.02319,-0.05054,1.01758,0.02037,-0.02131,-1.96022,-9.87,-37.67,56.06
3668,-0.02441,0.00879,1.03394,0.01611,-0.02890,-1.96115,-10.32,-37.08,55.46
3669,-0.00464,-0.01172,1.01050,0.02610,-0.02290,-1.89617,-11.51,-38.12,55.46
3670,-0.03394,-0.03467,1.01050,0.01545,-0.02157,-1.83399,-11.51,-38.12,55.46
3671,-0.03638,-0.00537,1.01514,0.00692,-0.01638,-1.59843,-12.56,-36.33,54.12
3672,-0.02002,-0.00464,1.01196,0.02743,-0.01531,-1.54916,-12.41,-37.23,54.57
3673,0.00269,-0.04517,1.01196,0.02024,-0.00972,-1.56154,-15.40,-36.03,55.31
3674,0.01489,-0.03271,1.02026,0.02011,-0.01904,-1.51041,-14.20,-35.73,54.57
3675,0.03442,0.04517,1.02515,0.02317,-0.03156,-1.15621,-14.20,-35.73,54.57
3676,-0.00269,0.01904,1.00708,0.02756,-0.01278,-1.36966,-14.35,-37.38,55.17
3677,-0.01831,-0.01831,1.00464,0.00945,-0.01105,-1.40668,-15.40,-37.23,55.02
3678,0.00000,0.02783,1.01465,0.01252,-0.00799,-1.31360,-16.44,-36.03,54.27
3679,-0.00464,0.00098,1.01318,-0.00546,-0.00666,-1.34250,-16.44,-36.03,54.27
3680,-0.01538,-0.00195,1.01758,0.00666,-0.00759,-1.15208,-18.39,-36.63,55.17
3681,-0.02905,-0.01050,1.01245,0.01065,-0.01079,-0.98590,-16.30,-35.58,54.72
3682,-0.03662,-0.02881,1.01831,0.01025,-0.01358,-0.96606,-18.69,-35.28,54.57
3683,-0.03955,-0.03589,1.01318,0.01012,-0.01372,-0.91107,-18.24,-35.28,53.82
3684,-0.01904,-0.01978,1.02002,0.01891,-0.01678,-0.89629,-18.24,-35.28,53.82
3685,-0.04321,-0.04321,1.01196,0.00692,-0.01305,-0.96366,-17.34,-35.88,55.17
3686,-0.02441,-0.00586,1.02222,0.00426,-0.01678,-1.08644,-19.58,-35.13,56.21
3687,0.01538,0.04272,1.01465,-0.00067,-0.00905,-1.13331,-19.73,-35.28,56.06
3688,-0.01465,-0.02051,1.01709,0.01411,-0.01838,-1.25115,-19.73,-35.28,56.06
3689,0.00513,0.00488,1.01660,0.01864,-0.02064,-1.28471,-20.33,-34.83,54.42
3690,0.01123,-0.01807,1.01636,0.00652,-0.01305,-1.26553,-21.98,-34.53,54.27
3691,0.00610,0.00391,1.02075,0.01039,-0.01252,-1.13730,-19.88,-32.89,55.17
3692,0.00098,-0.01050,1.01904,0.01105,-0.01438,-1.06060,-20.78,-33.79,56.06
3693,0.00854,-0.02588,1.01831,0.00399,-0.01798,-1.02598,-20.78,-33.79,56.06
3694,-0.00146,-0.01465,1.01294,0.00053,-0.00999,-1.01360,-22.28,-31.54,56.36
3695,-0.00488,-0.01001,1.01416,0.00439,-0.01678,-1.08431,-22.72,-31.84,55.61
3696,-0.00366,-0.00220,1.02612,-0.00826,-0.00852,-1.26687,-23.17,-32.89,56.21
3697,-0.04150,0.00317,1.00854,-0.00333,-0.01265,-1.37792,-22.87,-31.39,54.42
3698,-0.05127,0.00293,1.00610,-0.01345,-0.00040,-1.50628,-22.87,-31.39,54.42
3699,-0.00903,-0.02808,1.00854,-0.00972,-0.00759,-1.41600,-23.17,-32.14,56.21
3700,-0.00415,0.00464,1.01099,0.00533,-0.01305,-1.33451,-23.92,-31.39,55.17
3701,0.01343,-0.00586,1.01587,0.00399,-0.01558,-1.28684,-26.01,-31.54,55.02
3702,0.00635,0.01563,1.00757,0.00013,-0.01252,-1.26181,-26.01,-31.54,55.02
3703,-0.00586,0.01611,0.99927,0.00932,-0.01744,-1.23837,-25.56,-30.05,55.31
3704,-0.01758,-0.02515,1.01855,0.01531,-0.02344,-1.15674,-25.71,-30.20,55.17
3705,0.01563,0.00366,1.01099,0.01944,-0.02024,-1.10308,-26.01,-31.10,54.27
3706,-0.02490,-0.00049,1.01025,-0.00186,-0.01664,-1.16607,-25.56,-30.80,53.52
3707,-0.01270,0.02344,1.01294,0.01372,-0.02250,-1.14290,-25.56,-30.80,53.52
3708,-0.00464,-0.02563,1.01636,-0.00879,-0.01105,-1.23864,-26.16,-29.00,55.46
3709,-0.01172,-0.02002,1.01172,0.00306,-0.01105,-1.22692,-27.36,-28.55,55.31
3710,0.02783,-0.01099,1.01660,0.00746,-0.02064,-1.26167,-28.11,-27.66,54.27
3711,0.01831,-0.02612,1.00684,-0.00586,-0.01358,-1.30295,-28.11,-27.66,54.27
3712,-0.02002,-0.02612,1.01367,0.00439,-0.01039,-1.34117,-27.81,-26.91,54.27
3713,-0.01343,-0.04150,1.00659,0.00000,-0.01878,-1.35062,-29.45,-27.21,54.72
3714,-0.07227,-0.09912,1.00342,0.01598,-0.00439,-1.02252,-29.60,-27.66,54.27
3715,0.01196,-0.02856,1.01563,0.01851,-0.02503,-1.32559,-29.45,-27.21,55.17
3716,-0.03857,-0.04639,1.02051,0.01052,-0.02184,-1.37126,-29.45,-27.21,55.17
3717,-0.03101,-0.02246,1.01245,0.01145,-0.01864,-1.26380,-31.25,-26.01,55.46
3718,-0.03955,-0.04199,1.01416,0.01678,-0.02637,-2.09870,-30.05,-25.41,55.02
3719,-0.05469,0.03149,1.01855,0.01598,-0.03822,-2.48460,-31.10,-24.67,54.57
3720,-0.05249,0.02808,0.99731,0.01664,-0.02250,-2.89952,-31.10,-24.67,54.57
3721,-0.05005,-0.03027,1.00854,0.01478,-0.03249,-3.06530,-30.95,-23.77,55.46
3722,-0.01440,-0.06006,0.99951,0.01718,-0.02290,-3.18700,-33.19,-21.83,56.51
3723,-0.01880,-0.00659,1.02881,0.04434,-0.02104,-3.03907,-33.49,-23.02,55.17
3724,0.02026,-0.05298,1.01367,0.01891,-0.02184,-2.78567,-33.79,-21.08,54.12
3725,0.00952,-0.07178,1.01416,0.01664,-0.01198,-2.53227,-33.79,-21.08,54.12
3726,-0.01245,-0.01025,0.99976,-0.00293,-0.00852,-2.26981,-33.49,-19.58,55.91
3727,0.00049,-0.05298,1.01636,0.00945,-0.00985,-2.26861,-34.38,-18.54,53.82
3728,0.02637,0.02759,1.01538,0.02423,-0.01864,-2.20164,-35.73,-17.19,52.92
3729,0.01172,0.00122,1.00610,0.02104,-0.01758,-2.15170,-34.53,-16.44,54.42
3730,-0.07031,-0.06079,1.01440,0.02131,-0.02490,-2.23453,-34.53,-16.44,54.42
3731,-0.00171,-0.04346,1.01733,0.02250,-0.01944,-2.38513,-36.48,-16.15,53.67
3732,-0.04272,-0.02539,1.00195,0.01398,-0.01558,-2.37647,-37.08,-15.40,55.91
3733,0.00854,-0.02368,1.01025,0.01758,-0.01332,-2.18845,-37.08,-14.65,53.37
3734,0.01953,-0.01611,1.02173,0.01638,-0.01585,-2.05756,-37.08,-14.65,53.37
3735,-0.00293,-0.01758,1.02026,0.02011,-0.01851,-1.96315,-36.48,-12.26,54.42
3736,0.03613,-0.03540,1.02441,0.02224,-0.02170,-1.83705,-36.18,-9.42,53.82
3737,-0.01172,-0.01489,1.02051,0.01212,-0.00959,-1.70296,-38.27,-10.47,53.37
3738,-0.02344,-0.04517,1.00977,0.01411,-0.02370,-1.63412,-38.57,-10.47,55.17
3739,-0.03418,-0.00928,1.01270,0.01198,-0.01984,-1.59790,-38.57,-10.47,55.17
3740,-0.00024,-0.03198,1.02490,0.01664,-0.01625,-1.67619,-36.18,-9.87,53.52
3741,-0.04321,0.00293,1.01392,0.01425,-0.02104,-1.57712,-38.57,-8.52,54.12
3742,-0.02539,-0.02393,1.01172,0.00146,-0.00959,-1.52999,-38.87,-9.12,54.27
3743,0.00000,-0.03198,1.01611,0.00919,-0.00772,-1.40801,-38.87,-9.12,54.27
3744,0.00342,-0.01904,1.01807,-0.00040,-0.01238,-1.13384,-39.77,-7.03,54.42
3745,-0.04224,-0.04224,1.00903,0.01691,-0.00546,-1.15342,-38.27,-6.28,55.17
3746,-0.03833,-0.02734,1.01489,0.00746,-0.01545,-1.23131,-38.27,-7.77,54.42
3747,-0.03564,-0.02197,1.00684,0.00439,-0.01278,-1.29150,-39.77,-5.38,56.21
3748,-0.02588,-0.02710,1.01270,0.01625,-0.02064,-1.21613,-39.77,-5.38,56.21
3749,0.00146,-0.02051,1.01685,0.01731,-0.01931,-1.03104,-38.12,-3.29,55.02
3750,-0.03198,-0.02197,1.01953,0.00892,-0.01225,-0.93677,-39.47,-4.49,56.06
3751,-0.04712,-0.01514,1.01514,0.01678,-0.00985,-1.04090,-40.07,-3.59,54.42
3752,-0.01880,-0.01123,1.01245,0.01638,-0.00919,-1.03783,-38.87,-4.19,53.82
3753,-0.00537,-0.01758,1.01123,0.00146,-0.00586,-1.02944,-38.87,-4.19,53.82
3754,0.01367,-0.02124,1.01953,0.01345,-0.00360,-1.04423,-39.32,-2.09,54.72
3755,-0.04883,-0.03955,1.00732,0.01611,-0.01372,-1.22945,-39.77,-0.90,53.67
3756,-0.03638,-0.03711,1.01367,0.01531,-0.00985,-1.41827,-38.87,-1.79,53.82
3757,-0.05347,-0.01831,1.01343,0.00879,-0.01105,-1.50229,-38.87,-1.79,53.82
3758,-0.01709,-0.05054,1.01392,0.00626,-0.01065,-1.62959,-40.22,-1.05,52.77
3759,-0.03467,-0.01318,1.02417,0.00945,-0.01278,-1.62586,-39.02,-0.15,54.72
3760,-0.00537,0.00684,1.01880,0.01984,-0.01744,-1.57446,-37.82,-0.15,55.46
3761,0.01025,-0.01050,1.01880,0.01345,-0.01585,-1.46261,-39.17,1.50,54.27
3762,0.01587,0.00684,1.01294,0.01172,-0.02144,-1.41547,-39.17,1.50,54.27
3763,-0.01855,-0.00342,1.00244,0.00413,-0.00959,-1.39124,-39.32,1.64,54.12
3764,-0.01099,-0.03442,1.01123,0.00093,-0.00799,-1.33091,-38.87,2.24,53.52
3765,-0.01733,-0.01807,1.02148,0.01571,-0.01611,-1.27272,-37.52,2.39,53.67
3766,-0.03174,-0.03442,1.00513,-0.00892,-0.00240,-1.20175,-37.52,2.39,53.67
3767,-0.06592,-0.05859,0.99976,0.01105,-0.01052,-1.32625,-38.57,4.34,53.37
3768,-0.02881,-0.01563,1.02222,0.02384,-0.01758,-1.42892,-39.17,4.93,54.27
3769,-0.05786,-0.02490,1.01416,0.00905,-0.01172,-1.51041,-38.27,4.63,55.17
3770,-0.01733,-0.01636,1.02905,0.02157,-0.02477,-1.64916,-38.87,6.43,53.52
3771,-0.03833,-0.01660,1.00513,0.01438,-0.01451,-1.76834,-38.87,6.43,53.52
3772,0.00952,-0.02173,1.02417,0.00905,-0.00253,-1.79870,-39.02,6.58,55.46
3773,0.00684,-0.02515,1.03394,0.02637,-0.02250,-1.74344,-39.02,7.03,54.12
3774,-0.01611,0.00781,1.01440,0.02703,-0.01758,-1.61521,-39.17,7.92,54.57
3775,-0.01904,-0.03564,1.01025,0.01478,-0.01851,-1.52200,-38.12,7.92,53.22
3776,-0.01660,-0.03687,1.01099,0.01491,-0.00905,-1.57220,-38.12,7.92,53.22
3777,0.03247,-0.02661,1.03271,0.01478,-0.01678,-1.57340,-36.93,8.67,54.27
3778,-0.01416,-0.00952,1.01807,0.01065,-0.02210,-1.44290,-37.52,9.27,54.12
3779,0.03101,-0.06445,1.00464,-0.05752,0.01292,-0.25127,-36.48,10.47,53.67
3780,-0.00146,-0.00220,1.02979,0.00866,-0.01225,-0.30786,-36.48,10.47,53.67
3781,-0.05957,0.08252,1.03955,0.04767,-0.02743,-0.42611,-35.88,11.36,55.02
3782,0.00146,-0.04590,0.98584,-0.02463,0.00826,-0.48869,-37.52,10.76,53.67
3783,-0.06006,-0.04639,1.00659,0.01398,-0.01465,-0.50440,-36.78,11.21,54.12
3784,-0.02612,-0.00171,0.99072,-0.01598,-0.00413,-0.54382,-36.78,11.96,53.37
3785,-0.07275,-0.08276,1.01782,0.03182,-0.02969,-0.71879,-36.78,11.96,53.37
3786,-0.03052,0.04517,1.04419,0.02210,-0.02210,-0.67018,-36.78,10.76,54.12
3787,0.02295,-0.02393,1.00610,0.00519,-0.01718,-0.91812,-36.93,11.66,53.52
3788,-0.03003,-0.03467,1.00610,0.01092,-0.02157,-0.55860,-36.93,12.56,53.82
3789,-0.00806,-0.02930,1.00806,0.00626,-0.01079,-0.62944,-36.93,12.56,53.82
3790,0.00317,-0.01221,1.01489,0.00439,-0.00919,-0.49548,-37.52,12.26,54.12
3791,0.01758,-0.04102,1.01611,0.01731,-0.01758,-0.76073,-36.03,13.01,52.92
3792,-0.01221,-0.01611,1.02002,0.00186,0.00133,-0.51998,-36.93,13.31,53.22
3793,-0.00952,-0.02271,1.00488,0.00240,-0.00226,-0.55354,-35.43,12.56,53.52
3794,-0.01611,-0.02002,1.01611,0.01198,-0.01119,-0.48789,-35.43,12.56,53.52
3795,-0.00537,-0.02832,1.01855,0.01225,-0.01238,-0.42384,-35.88,12.86,54.27
3796,-0.03467,-0.02515,1.02075,0.00999,-0.00786,-0.38922,-36.18,15.10,53.22
3797,-0.01294,-0.02832,1.01123,0.00386,-0.01411,-0.36419,-36.03,13.01,54.72
3798,-0.02319,-0.02954,1.01343,0.00519,-0.01092,-0.28389,-36.03,13.01,54.72
3799,-0.03027,-0.02368,1.01782,-0.00027,-0.00799,-0.18309,-35.28,13.45,54.12
3800,0.00830,-0.02539,1.01855,0.00266,-0.00519,-0.04461,-36.78,14.20,54.42
3801,-0.01343,-0.02100,1.01123,-0.00080,-0.00706,0.02237,-35.88,14.35,55.02
3802,-0.01685,-0.02271,1.01440,0.00226,-0.00506,0.02463,-37.08,14.65,54.72
3803,-0.01587,-0.01953,1.01099,0.00306,-0.00453,0.02637,-37.08,14.65,54.72
3804,-0.01465,-0.02588,1.01465,0.00519,-0.00599,0.01851,-35.13,14.05,53.82
3805,-0.02148,-0.03711,1.01343,0.00466,-0.00280,0.03023,-36.63,15.10,54.27
3806,-0.01733,-0.06030,1.01587,0.00053,-0.00826,0.12397,-36.93,14.35,53.52
3807,0.00073,-0.05151,1.01660,-0.00200,-0.00506,0.28815,-35.73,14.65,53.37
3808,-0.01392,-0.04761,1.01758,-0.00453,-0.00360,0.45247,-35.73,14.65,53.37
3809,-0.00391,-0.04614,1.01245,-0.00786,0.00533,0.59841,-35.73,14.95,53.67
3810,-0.02368,0.00439,1.01929,-0.00905,0.00013,0.70547,-36.93,12.86,55.02
3811,-0.01831,-0.02271,1.01270,-0.00626,0.00133,0.84902,-35.13,14.05,53.22
3812,-0.01587,-0.03052,1.01880,-0.01212,0.00146,0.85767,-35.13,14.05,53.22
3813,-0.02808,-0.01978,1.01440,-0.00493,0.00027,0.91227,-36.18,12.11,53.22
3814,-0.01904,-0.03198,1.00244,-0.00573,0.00186,0.94769,-35.88,12.71,55.17
3815,-0.02173,-0.04687,1.01440,-0.01172,0.00133,0.96233,-36.63,11.36,53.82
3816,-0.03101,-0.02246,1.01587,-0.01079,0.00280,1.06526,-36.63,11.36,53.82
3817,-0.03369,-0.07690,1.01001,-0.02583,0.01079,1.08484,-36.63,11.36,53.82
3818,-0.03931,-0.02002,1.02783,-0.00706,0.01145,1.16460,-37.38,11.36,53.67
3819,-0.01782,-0.05103,1.00806,-0.02756,0.01252,1.12652,-37.08,11.21,54.12
3820,0.01099,-0.02588,1.01709,-0.02716,0.00812,1.16393,-37.08,11.21,54.12
3821,-0.00439,-0.03027,1.01343,-0.01411,-0.00080,1.27339,-37.08,11.21,54.12
3822,-0.02344,-0.01050,1.02515,-0.00799,0.00426,1.36740,-38.12,7.47,53.82
3823,-0.03760,0.01855,1.01782,-0.01731,-0.00266,1.39470,-38.12,8.67,53.82
3824,-0.04517,-0.02148,1.01465,-0.00186,-0.01558,1.56927,-38.12,7.47,53.52
3825,-0.06128,0.01074,1.01685,-0.01212,0.00080,1.60988,-38.12,7.47,53.52
3826,0.03198,-0.00293,0.99927,-0.02024,-0.00226,1.79950,-37.52,6.58,53.37
3827,-0.05176,-0.04028,1.01709,-0.01771,0.00919,1.86102,-38.12,5.68,53.52
3828,-0.00146,-0.00781,1.00903,-0.02690,0.00280,1.94957,-38.27,7.03,53.37
3829,0.00684,-0.01831,1.00342,-0.01838,0.00493,1.91681,-39.17,5.68,53.82
3830,-0.00586,-0.03784,1.02515,-0.01931,0.00719,2.04211,-38.57,4.34,54.12
3831,0.03540,0.01538,1.02856,-0.00200,-0.00666,2.11016,-37.67,3.29,52.03
3832,-0.05884,-0.06592,0.99585,-0.00985,0.00173,2.06688,-39.02,2.39,54.42
3833,-0.00391,-0.06128,1.00269,-0.03382,0.01198,2.12733,-38.42,2.24,53.82
3834,-0.02515,-0.02930,1.02930,-0.02597,-0.00186,2.10217,-38.42,2.24,53.82
3835,-0.02930,-0.03027,1.01709,-0.01198,-0.00732,2.13892,-39.32,2.09,54.12
3836,-0.07056,-0.01855,1.00928,-0.02490,0.00333,2.23759,-37.38,0.75,53.22
3837,-0.01367,-0.02661,1.00977,-0.02956,0.01212,2.23426,-38.57,-0.45,54.12
3838,-0.03296,-0.04883,1.01123,-0.04008,0.01558,2.26688,-38.87,-1.05,53.82
3839,-0.01953,-0.01880,1.01587,-0.02344,0.00945,2.24345,-38.87,-1.05,53.82
3840,-0.02881,-0.02637,1.00342,-0.02783,0.01385,2.25490,-38.12,-3.29,54.57
3841,-0.01099,0.00928,1.01880,-0.01771,0.00826,2.27101,-39.02,-3.59,53.37
3842,0.02417,-0.00659,1.01343,-0.01891,-0.00426,2.24584,-38.42,-5.23,54.27
3843,0.00073,-0.02368,1.01685,-0.00706,0.00146,2.33359,-38.42,-5.23,54.27
3844,-0.01831,-0.02100,1.05469,0.00053,-0.00479,2.37674,-39.77,-5.38,54.12
3845,0.02319,-0.03638,1.02173,-0.02943,-0.00413,2.37221,-38.87,-6.43,54.27
3846,-0.03687,-0.05811,0.99463,-0.03715,0.01065,2.43173,-36.48,-8.07,54.42
3847,-0.00439,-0.04395,1.00000,-0.02250,0.00879,2.49778,-37.67,-7.92,55.02
3848,0.02808,-0.04858,0.98315,-0.04607,0.01212,2.67541,-37.67,-7.92,55.02
3849,0.01001,-0.07471,1.00366,-0.03768,0.01451,2.67581,-38.12,-11.36,54.57
3850,-0.04639,-0.00952,1.02368,-0.00959,0.00652,2.71083,-36.48,-12.26,54.42
3851,0.01099,-0.01978,1.02954,-0.00226,-0.00599,2.68353,-36.93,-13.31,53.82
3852,0.04370,-0.05396,1.00684,0.01478,-0.01491,2.64212,-36.93,-13.31,53.82
3853,0.00952,-0.02344,1.01953,-0.02157,0.00146,2.68047,-36.48,-14.65,54.12
3854,-0.02173,-0.02539,0.98633,-0.01238,-0.00240,2.51962,-36.48,-14.95,52.92
3855,0.01245,0.04663,1.07788,-0.00293,-0.01212,2.59538,-36.63,-16.30,54.27
3856,0.01855,0.01343,1.02783,-0.01012,-0.00280,2.58114,-35.13,-17.79,53.52
3857,-0.01294,-0.06836,0.98804,-0.02956,0.00746,2.58939,-35.13,-17.79,53.52
3858,0.03003,0.03174,1.04419,-0.01997,0.00466,2.62761,-34.09,-18.24,54.57
3859,-0.05835,-0.00977,1.01465,-0.02450,0.00306,2.54159,-33.34,-18.99,53.22
3860,-0.00977,-0.01099,1.02734,-0.00932,-0.00839,2.47181,-33.79,-21.08,53.67
3861,-0.03491,0.01099,1.01001,-0.02397,0.00786,2.38166,-34.38,-21.23,54.27
3862,-0.01587,-0.02441,1.01440,-0.01744,0.00146,2.28992,-34.38,-21.23,54.27
3863,0.00146,-0.04028,0.98242,-0.03156,0.00293,2.26315,-32.14,-20.93,53.82
3864,0.00000,-0.06152,0.99585,-0.03049,0.00892,2.31256,-31.84,-21.98,54.27
3865,0.00073,0.48511,0.99854,-0.03981,-0.00506,2.13359,-31.69,-23.02,54.12
3866,0.01245,-0.05273,0.99194,-0.01931,0.00493,2.26715,-31.69,-23.02,54.12
3867,-0.05493,0.14795,1.01514,-0.03475,0.01385,1.92547,-30.80,-24.67,53.82
3868,-0.15771,-0.36426,0.97534,-0.05353,-0.00320,0.32278,-29.15,-24.52,53.67
3869,0.03394,0.54272,1.00537,-0.08282,-0.00133,0.84143,-30.35,-25.41,54.27
3870,-0.00854,-0.12109,0.98877,0.01997,-0.01198,-0.04514,-30.50,-26.01,54.12
3871,-0.01025,-0.03931,1.06543,0.01505,-0.02490,0.43423,-30.50,-26.01,54.12
3872,-0.08081,-0.10864,1.01465,0.02796,-0.00626,0.70840,-29.45,-25.27,53.67
3873,0.05249,0.26831,1.01489,0.01119,-0.01838,0.83597,-30.80,-25.41,53.82
3874,-0.01172,-0.02246,1.01758,0.02264,-0.01518,1.13464,-27.36,-27.36,53.82
3875,-0.20679,-0.17847,0.99976,-0.00453,0.00453,0.67178,-27.36,-27.36,53.82
3876,-0.01685,0.04492,1.02051,-0.00320,-0.00945,1.12186,-29.45,-26.01,54.72
3877,-0.06592,-0.11426,1.01147,0.01411,-0.00280,1.26434,-28.70,-26.76,53.67
3878,-0.05859,-0.10791,1.02734,-0.02317,0.01252,1.14316,-28.55,-27.36,54.57
3879,-0.10107,-0.02661,0.99951,-0.00533,0.00879,1.17445,-27.66,-27.51,54.42
3880,-0.01758,-0.00146,1.05078,-0.01917,0.00692,1.27885,-27.66,-27.51,54.42
3881,-0.01440,-0.02002,1.02075,-0.01332,0.00959,1.32173,-27.96,-28.26,54.12
3882,-0.06079,-0.01733,0.99365,-0.01425,0.00027,1.34902,-27.66,-27.21,53.67
3883,0.00146,0.03125,0.99976,0.00333,0.00320,1.34250,-26.16,-28.26,53.67
3884,-0.00488,-0.01831,1.00659,-0.00559,-0.00027,1.27699,-25.71,-30.20,54.42
3885,-0.03882,0.01831,0.99878,-0.01225,0.00000,1.17885,-25.71,-30.20,54.42
3886,-0.02075,-0.02075,1.01074,-0.00506,-0.01332,1.19403,-24.52,-28.55,54.57
3887,0.01147,-0.04028,1.01685,-0.01598,-0.00333,1.09629,-24.82,-28.55,54.27
3888,0.01855,0.01318,1.02563,-0.00373,-0.00320,1.10561,-23.62,-30.20,53.67
3889,-0.01929,-0.03174,1.02515,-0.01092,-0.01052,1.15661,-23.62,-30.20,53.67
3890,-0.00952,-0.00293,1.00903,0.00373,-0.00453,1.23185,-25.27,-31.10,54.57
3891,-0.02417,-0.03638,1.01343,-0.00533,0.00027,1.17059,-23.17,-30.20,54.42
3892,-0.02979,0.00366,1.01416,-0.01079,-0.00360,1.15621,-23.17,-31.39,54.12
3893,-0.04028,-0.05713,0.99854,-0.02170,0.00772,1.18790,-21.38,-30.95,53.67
3894,-0.01221,0.01514,1.01758,-0.01598,0.00746,1.19869,-21.38,-30.95,53.67
3895,-0.04272,-0.03906,1.01587,-0.00599,-0.00360,1.34476,-23.62,-32.89,53.67
3896,0.01025,0.00952,1.01587,-0.01012,-0.00812,1.32759,-21.98,-31.54,55.02
3897,-0.00195,0.00903,1.01758,-0.00040,-0.00533,1.28378,-22.87,-32.44,54.42
3898,-0.01929,-0.02612,1.00952,-0.00360,-0.00293,1.26101,-22.87,-32.44,54.42
3899,0.01636,-0.01709,1.01416,-0.00533,0.00173,1.24436,-20.33,-32.89,54.12
3900,0.00415,-0.03174,1.01660,-0.01558,0.00652,1.16886,-19.73,-32.29,53.82
3901,-0.01587,-0.01782,1.01270,-0.01545,0.00213,1.19336,-19.88,-32.89,53.67
3902,-0.06543,-0.01294,1.00659,-0.01585,-0.00013,1.34942,-19.58,-32.14,54.72
3903,-0.01099,0.01074,1.01831,0.00053,-0.01545,1.53039,-19.58,-32.14,54.72
3904,-0.02783,-0.05225,1.01392,-0.00360,-0.00519,1.60362,-17.19,-33.49,54.57
3905,0.00391,-0.04126,1.01538,-0.00972,0.00213,1.71241,-18.09,-32.14,54.42
3906,-0.02417,-0.02954,1.01221,-0.00533,-0.00067,1.73891,-16.59,-34.38,53.67
3907,-0.00415,-0.01758,1.01733,-0.00586,-0.00666,2.04677,-16.30,-33.94,54.12
3908,0.00342,-0.01611,1.01758,-0.00226,0.00493,1.76501,-16.30,-33.94,54.12
3909,0.02905,0.00928,1.02222,-0.01997,-0.00666,1.92227,-14.65,-33.79,54.27
3910,-0.03540,-0.05249,1.01978,-0.01451,0.01225,1.68605,-15.10,-34.83,54.72
3911,0.03735,0.04321,1.02246,-0.00253,0.00173,1.86022,-13.16,-36.03,53.22
3912,0.04248,-0.03711,1.02490,-0.01305,-0.00040,1.63478,-13.16,-36.03,53.22
3913,-0.03442,-0.01221,1.01221,0.00453,-0.00013,1.87247,-15.10,-36.33,52.92
3914,-0.01978,-0.02002,1.01099,-0.00320,-0.00173,1.64623,-12.56,-36.33,54.12
3915,-0.01929,-0.08545,1.01123,-0.01718,0.00160,1.91628,-11.96,-36.48,54.27
3916,-0.06274,-0.01709,1.01782,-0.01305,0.00360,2.16781,-11.66,-36.48,54.57
3917,-0.05664,0.02246,1.02148,-0.01132,0.00533,2.39125,-11.66,-36.48,54.57
3918,0.04663,0.02148,1.01440,-0.02344,0.00985,2.28606,-9.12,-36.03,53.52
3919,0.02808,-0.01611,1.00903,-0.03342,0.01917,2.33546,-9.42,-34.98,55.31
3920,-0.01099,0.08032,1.01367,-0.02850,0.01079,2.06462,-8.37,-37.97,53.52
3921,-0.01294,0.00781,1.01221,-0.01784,0.01811,2.08605,-8.37,-37.97,53.52
3922,-0.02271,-0.01831,1.00635,-0.01558,0.00399,1.87140,-6.88,-36.48,55.31
3923,0.02734,0.01050,1.01270,-0.01704,-0.00200,1.88805,-6.73,-36.63,52.62
3924,0.03760,0.00562,1.01245,-0.01425,-0.00146,1.67766,-6.28,-37.38,54.72
3925,0.00244,-0.02173,1.00830,-0.02051,0.00226,1.77873,-4.34,-37.97,55.02
3926,-0.03247,0.00977,1.01245,-0.01931,0.00386,1.83731,-4.34,-37.97,55.02
3927,0.00146,-0.00732,1.01880,-0.01664,0.00772,1.90829,-3.89,-37.67,53.52
3928,0.01733,-0.00244,1.01929,-0.00826,0.00559,1.97833,-3.89,-37.67,55.31
3929,-0.00732,-0.02295,1.01074,-0.01332,0.01198,1.98272,-2.54,-36.03,53.52
3930,0.03076,-0.04077,1.01123,-0.02503,0.00533,1.92307,-2.09,-38.42,55.61
3931,-0.01318,-0.01343,1.01514,-0.00533,0.01132,1.83838,-2.09,-38.42,55.61
3932,-0.01855,0.00464,1.01880,-0.00133,0.01451,1.70069,-0.30,-37.67,53.22
3933,-0.02759,-0.02490,1.01147,-0.00133,0.00945,1.63784,-0.90,-37.08,55.17
3934,-0.00928,-0.00439,1.01050,-0.01092,0.00479,1.51241,0.90,-38.12,54.42
3935,0.00317,-0.02490,1.01343,-0.01252,0.00373,1.48311,0.90,-38.12,54.42
3936,0.00537,-0.00391,1.01807,-0.01292,0.00493,1.49030,1.35,-36.48,53.52
3937,0.01611,0.01123,1.01050,-0.01651,0.00320,1.44090,2.24,-36.33,54.42
3938,0.02417,-0.02246,1.01294,-0.01558,0.00053,1.42080,4.34,-36.93,54.27
3939,0.02490,0.01733,1.01123,-0.00333,-0.00732,1.57486,2.69,-35.88,54.12
3940,-0.02393,-0.02539,1.00562,-0.00706,0.00027,1.66461,2.69,-35.88,54.12
3941,-0.00122,0.01147,1.00854,-0.01957,0.00839,1.61494,4.34,-37.67,54.27
3942,0.01196,-0.02441,1.01245,-0.01451,0.00786,1.58485,5.23,-36.33,55.17
3943,-0.01636,-0.01929,1.01343,-0.02037,0.01225,1.63958,5.38,-36.03,54.57
3944,-0.00293,-0.00928,1.01001,-0.00706,0.01411,1.66514,5.38,-36.03,54.57
3945,-0.03125,0.00391,1.02100,-0.00959,0.00013,1.69244,7.33,-36.48,53.82
3946,-0.00342,-0.01538,1.01465,-0.02091,0.00586,1.69963,7.47,-36.33,54.12
3947,0.00562,-0.01074,1.02368,-0.02410,0.00067,1.80363,8.37,-36.03,54.57
3948,0.01221,-0.00073,1.01782,-0.02264,0.00586,1.84810,7.77,-34.83,52.92
3949,-0.02271,0.02124,1.01245,-0.02184,-0.00506,1.83731,7.77,-34.83,52.92
3950,0.00415,-0.03149,1.01123,-0.01411,-0.00080,1.83771,10.91,-34.98,54.57
3951,0.01514,0.02710,1.01392,-0.02477,0.00652,1.79058,10.02,-34.38,53.67
3952,-0.01172,-0.01245,1.01123,-0.02250,-0.00027,1.59164,11.51,-34.83,53.67
3953,-0.05078,-0.04712,1.01953,-0.01971,0.01119,1.41480,12.26,-33.64,53.67
3954,-0.01416,-0.04858,1.01099,-0.01744,0.00346,1.45622,12.56,-34.83,54.72
3955,0.02124,0.03174,1.02295,-0.00453,-0.00546,1.47140,13.31,-34.38,54.12
3956,-0.04932,-0.04443,1.01465,-0.01292,0.00000,1.57273,12.56,-34.83,54.42
3957,0.00439,0.01050,1.01831,-0.01957,0.00719,1.75809,12.26,-33.64,54.12
3958,-0.02051,-0.03149,1.01318,-0.01718,0.00253,1.90496,12.26,-33.64,54.12
3959,-0.00488,-0.03540,1.01172,-0.02690,0.00972,2.00003,14.80,-33.19,53.67
3960,0.02515,-0.00830,1.01343,-0.01651,0.00493,2.17540,14.95,-32.29,53.22
3961,0.02808,0.01880,1.00830,-0.01611,0.01252,2.07074,17.64,-31.39,55.46
3962,0.06372,-0.00903,1.00830,-0.02850,0.02091,1.80975,17.19,-31.10,55.02
3963,0.04028,-0.01978,1.01709,-0.01997,0.00146,1.49576,17.19,-31.10,55.02
3964,0.04663,0.00781,1.00928,-0.02131,0.01132,1.41654,17.04,-30.20,55.91
3965,-0.00610,-0.05200,1.01416,-0.00386,-0.00586,1.32559,17.64,-30.95,53.67
3966,-0.04565,-0.04028,1.01270,-0.00839,0.01012,1.36101,17.94,-30.35,54.57
3967,0.01294,-0.03101,1.01465,-0.00826,0.00240,1.63172,17.94,-30.35,54.57
3968,-0.01099,-0.00391,1.00171,-0.00772,-0.00905,1.91801,19.73,-28.55,52.77
3969,-0.03589,-0.02710,1.01782,-0.01904,0.01664,2.06315,20.33,-28.70,54.42
3970,0.01685,-0.01147,1.01245,-0.01332,0.00826,2.21255,19.58,-28.70,53.67
3971,0.00073,0.10376,1.03735,-0.03236,0.02730,2.15117,19.58,-27.96,55.46
3972,0.05884,0.11279,1.03906,0.00280,0.00200,1.21001,19.58,-27.96,55.46
3973,-0.08838,0.16406,0.99756,-0.02716,0.03449,1.29350,20.78,-27.36,54.27
3974,0.16064,-0.18677,1.00562,0.01119,-0.00493,0.84928,21.38,-27.96,54.12
3975,0.00317,0.03540,1.01221,-0.01585,-0.00466,1.29683,21.53,-27.36,54.57
3976,-0.02393,0.00708,1.01563,-0.02077,0.00759,1.19802,21.53,-27.36,54.57
3977,0.00830,0.00220,1.02100,0.00759,-0.01411,1.03597,22.42,-26.46,55.46
3978,0.00562,-0.03003,1.02441,-0.02131,-0.00399,1.06300,22.87,-26.01,55.17
3979,-0.00195,0.01196,1.03589,-0.01198,-0.00706,1.33145,22.42,-25.27,52.92
3980,-0.04883,0.29614,0.97290,-0.04953,0.03981,0.85807,23.17,-24.52,54.72
3981,-0.01733,-0.20288,0.96606,-0.01145,0.01358,1.04010,23.17,-24.52,54.72
3982,-0.07617,-0.07544,1.01465,-0.00759,0.00053,1.62133,24.07,-23.92,53.82
3983,0.02808,0.06812,1.01709,0.00053,-0.01292,1.56607,24.37,-23.02,55.17
3984,0.03638,0.02051,1.00928,-0.02876,0.00093,1.46048,24.67,-21.83,54.12
3985,-0.04736,0.59790,0.95288,-0.02437,0.04727,0.73570,24.07,-22.42,54.27
3986,0.01440,-0.16650,1.02295,-0.00160,0.01225,0.43117,24.07,-22.42,54.27
3987,0.01392,-0.04443,1.00220,-0.00679,-0.00546,0.83117,24.82,-23.17,56.06
3988,0.05859,-0.00513,0.99658,-0.01585,-0.00120,0.73237,25.41,-21.38,55.46
3989,-0.02759,-0.02979,0.99951,-0.01358,0.00692,0.66952,27.06,-21.23,54.57
3990,-0.03931,0.02026,1.00708,-0.01145,-0.00226,0.68470,27.06,-21.23,54.57
3991,-0.03296,-0.03540,1.01147,-0.01358,0.00786,0.53982,26.31,-20.48,54.57
3992,0.01221,0.03345,1.02393,0.00586,-0.00826,0.51559,25.71,-21.08,55.17
3993,-0.02856,-0.03247,1.01318,-0.00453,-0.01531,0.43955,27.06,-20.48,54.57
3994,-0.00879,-0.15820,1.01392,0.00639,-0.01891,0.09787,27.36,-19.73,55.61
3995,-0.04321,0.00024,1.01978,-0.00546,-0.01012,-0.07523,27.36,-19.73,55.61
3996,-0.04834,0.00195,1.01538,-0.00080,-0.01704,-0.39415,27.81,-21.23,54.27
3997,-0.05151,0.00635,1.01074,0.01172,-0.01065,-0.77458,26.46,-19.58,54.42
3998,-0.02759,-0.01318,1.01123,0.02503,-0.02051,-1.09696,26.76,-20.93,56.36
3999,-0.01489,0.00146,1.02295,0.01411,-0.02517,-1.33597,26.76,-20.93,56.36
4000,-0.01880,-0.00586,1.00244,0.02929,-0.03449,-1.57446,26.91,-20.33,55.46
4001,-0.01294,-0.05640,1.01001,0.01132,-0.01838,-1.72160,26.01,-21.68,56.06
4002,0.01685,-0.01978,1.00610,0.03928,-0.03875,-1.75702,24.67,-21.83,54.72
4003,-0.02905,-0.06494,1.01440,0.01012,-0.02996,-1.74197,24.67,-22.13,56.21
4004,-0.04468,-0.03882,1.02002,0.00493,-0.02810,-1.77846,24.67,-22.13,56.21
4005,-0.01807,-0.00903,1.00195,0.03742,-0.05153,-1.93705,25.12,-23.32,56.21
4006,-0.01636,-0.01880,1.02051,0.01571,-0.03662,-2.32880,23.47,-23.47,55.61
4007,-0.04321,-0.07935,1.02661,0.01944,-0.04674,-2.66436,23.62,-24.52,56.21
4008,-0.00708,-0.04858,1.03442,0.01305,-0.04993,-2.96050,23.62,-24.82,56.21
4009,-0.01318,-0.07104,1.02441,0.00479,-0.05193,-2.92881,23.62,-24.82,56.21
4010,0.01660,-0.05469,1.00879,0.03675,-0.05779,-2.76902,21.08,-27.21,56.51
4011,0.00098,-0.03833,1.02759,0.02730,-0.02943,-2.68154,20.33,-28.26,55.91
4012,-0.03174,-0.05518,1.01758,0.04847,-0.03622,-2.63853,20.03,-28.85,57.11
4013,0.02417,-0.00562,1.01904,0.03182,-0.02783,-2.68194,20.03,-28.85,57.11
4014,0.00684,-0.00513,1.01514,0.02610,-0.02783,-2.86689,18.39,-28.70,55.91
4015,-0.02295,-0.04492,1.01880,0.05020,-0.02437,-2.89672,17.34,-29.75,56.96
4016,0.00366,-0.00073,1.01074,0.03569,-0.03036,-2.75411,16.59,-30.35,57.11
4017,0.02197,0.01489,0.99536,0.03808,-0.02610,-2.86436,16.59,-29.75,56.51
4018,-0.02686,-0.03125,1.01367,0.03742,-0.02210,-2.93560,16.59,-29.75,56.51
4019,0.00317,0.01123,1.01831,0.03808,-0.02783,-2.82708,14.20,-30.80,55.61
4020,0.00049,-0.00977,1.00708,0.03941,-0.02530,-3.01723,12.41,-33.49,57.56
4021,-0.04370,-0.05591,1.00732,0.01212,-0.03156,-2.93028,12.41,-33.49,57.56
4022,-0.03687,-0.01270,1.00439,0.06485,-0.03023,-2.88820,12.41,-33.49,57.56
4023,-0.01514,-0.03857,1.01563,0.02956,-0.02969,-2.67421,9.87,-33.04,56.81
4024,-0.01172,-0.02832,1.01855,0.03782,-0.03076,-2.42188,9.42,-34.98,56.36
4025,0.00049,-0.00732,1.02148,0.02490,-0.03382,-2.31455,8.37,-33.79,56.36
4026,0.02783,0.01294,1.01782,0.03755,-0.03822,-2.40577,8.37,-33.79,56.36
4027,0.04199,0.05078,0.99121,0.03955,-0.03688,-2.68460,7.03,-33.79,56.36
4028,-0.01392,-0.08105,1.01514,0.00280,-0.03675,-2.88407,4.63,-36.03,57.11
4029,-0.01172,-0.02808,1.01318,0.01225,-0.02863,-2.72748,4.19,-36.63,56.21
4030,-0.01221,-0.05908,1.02295,-0.00226,-0.02597,-2.60284,4.34,-36.48,57.56
4031,-0.03271,-0.04907,1.01270,0.01292,-0.02810,-2.42694,3.29,-35.73,57.56
4032,0.00684,-0.03564,1.03052,-0.01318,-0.02237,-2.15969,1.64,-36.63,55.91
4033,-0.03882,-0.05273,1.00879,0.01598,-0.02650,-1.90136,0.30,-36.03,57.86
4034,-0.05151,-0.00952,0.99976,0.01931,-0.03515,-1.56940,-0.30,-35.73,57.56
4035,-0.00562,0.00195,1.01782,0.02716,-0.03103,-1.42772,-0.30,-35.73,57.56
4036,0.00317,0.01001,1.00781,0.04061,-0.03276,-1.46727,-0.45,-37.08,57.26
4037,0.02271,0.03320,1.01904,0.02197,-0.03289,-1.57579,0.15,-35.88,56.96
4038,0.04443,0.04761,1.02295,0.03848,-0.03196,-1.92134,-0.45,-35.88,56.21
4039,0.00806,-0.01904,1.00903,0.03835,-0.04075,-2.08965,-1.64,-37.38,56.21
4040,-0.00635,0.02124,1.00122,0.03529,-0.03728,-2.07580,-1.64,-37.38,56.21
4041,-0.02026,-0.01758,0.99805,0.04461,-0.03822,-1.97074,-5.23,-37.08,57.26
4042,-0.05078,-0.04102,1.02612,0.02663,-0.02916,-1.78791,-5.08,-36.03,57.11
4043,-0.04028,-0.04321,1.01367,0.02264,-0.02943,-1.31773,-5.23,-35.58,57.26
4044,-0.03662,-0.02930,1.01611,0.02170,-0.02477,-0.96034,-5.23,-35.58,57.26
4045,-0.00439,-0.01416,1.01733,0.02224,-0.02264,-0.83357,-5.68,-36.63,57.26
4046,-0.00195,0.00195,1.01709,0.01878,-0.02210,-0.88816,-6.58,-36.03,58.16
4047,0.00586,0.00635,1.01147,0.01478,-0.02277,-0.96952,-6.73,-35.88,56.21
4048,-0.00415,0.02344,1.01831,0.01638,-0.02503,-1.21147,-7.33,-36.48,58.16
4049,0.03076,0.01660,1.01416,0.01212,-0.02117,-1.46567,-7.33,-36.48,58.16
4050,0.01221,0.00952,1.01953,0.00879,-0.02863,-1.71028,-7.77,-35.88,56.51
4051,0.00000,-0.02979,1.02393,0.02610,-0.03276,-1.84717,-8.97,-35.58,56.51
4052,-0.04736,-0.04956,1.02197,0.01318,-0.02637,-1.66860,-10.02,-36.63,57.71
4053,-0.01782,-0.01489,1.00537,0.00506,-0.02996,-1.57047,-10.02,-36.63,57.71
4054,-0.04517,-0.03882,1.01025,-0.01358,-0.02131,-1.41467,-11.06,-36.33,56.21
4055,-0.01392,-0.02295,1.02124,0.01851,-0.02170,-1.16793,-8.97,-35.88,57.26
4056,-0.02417,-0.00830,1.01318,0.00786,-0.02197,-1.12119,-11.06,-35.58,58.75
4057,-0.01099,0.00317,1.01929,0.00613,-0.02051,-1.11959,-13.16,-34.53,56.36
4058,-0.00024,0.03198,1.00146,0.00999,-0.02290,-1.26047,-13.16,-34.53,56.36
4059,-0.02637,-0.01416,1.01050,0.00266,-0.02663,-1.42199,-13.01,-33.94,58.45
4060,0.00220,-0.00928,1.01489,-0.01598,-0.02437,-1.50242,-11.81,-34.83,57.71
4061,-0.00854,-0.00757,1.01758,-0.03382,-0.01798,-1.47566,-13.01,-35.13,56.96
4062,-0.01221,-0.02808,1.02954,-0.03475,-0.01198,-1.40096,-13.45,-36.03,57.11
4063,-0.02686,-0.01440,1.00537,0.00080,-0.01691,-1.27073,-13.45,-36.03,57.11
4064,-0.02197,-0.02393,1.00854,-0.02250,-0.01678,-1.08870,-14.95,-33.79,58.16
4065,-0.02515,-0.03564,1.02197,-0.00959,-0.00639,-0.96793,-15.10,-33.64,56.96
4066,-0.02588,-0.03906,1.02026,-0.00479,-0.01798,-0.80574,-14.95,-33.04,58.16
4067,-0.02441,-0.02026,1.01587,-0.00360,-0.01345,-0.77618,-14.95,-33.04,58.16
4068,-0.00439,0.01782,1.01123,0.01065,-0.01638,-0.74435,-16.00,-34.98,56.06
4069,-0.03223,-0.06250,1.02368,0.01025,-0.01838,-0.86686,-15.40,-34.53,56.36
4070,0.00537,0.03125,1.00684,0.02277,-0.02304,-1.00361,-15.10,-34.38,58.01
4071,0.00781,0.03149,1.01172,0.00226,-0.02477,-1.18071,-16.74,-34.24,57.56
4072,-0.00806,-0.01221,1.01587,0.01345,-0.02450,-1.20215,-16.74,-34.24,57.56
4073,-0.02075,0.00049,1.01099,-0.00453,-0.01838,-1.09190,-17.19,-34.24,57.86
4074,-0.01367,-0.01904,1.01147,-0.00040,-0.01345,-0.85914,-18.84,-32.89,58.01
4075,-0.00513,-0.01196,1.01880,-0.00399,-0.01531,-0.62864,-17.64,-32.44,58.45
4076,-0.01172,-0.01074,1.01221,-0.00652,-0.00852,-0.61865,-17.64,-32.44,58.45
4077,0.00122,-0.01172,1.01831,0.00533,-0.01345,-0.55167,-18.69,-32.74,57.56
4078,-0.02075,-0.00928,1.01465,0.01052,-0.01145,-0.59428,-18.99,-31.84,56.81
4079,0.00244,-0.00708,1.01001,0.00626,-0.00826,-0.78257,-19.43,-33.49,56.06
4080,-0.00317,-0.00830,1.02197,-0.00626,-0.01425,-0.81479,-20.48,-32.29,57.56
4081,-0.00732,-0.02148,1.01904,0.00226,-0.01625,-0.95687,-20.48,-32.29,57.56
4082,-0.01245,-0.00098,1.00781,0.01718,-0.02623,-0.92225,-19.58,-32.44,57.71
4083,-0.01367,-0.01587,1.01758,0.02450,-0.02517,-0.78377,-19.88,-32.44,58.01
4084,-0.01050,-0.01123,1.01123,0.03529,-0.02583,-0.70374,-19.43,-31.54,57.56
4085,-0.03442,-0.02783,1.02246,0.02077,-0.01718,-0.58443,-19.43,-31.54,57.56
4086,-0.01270,-0.01465,1.01563,0.00280,-0.01558,-0.37564,-21.68,-31.39,56.21
4087,-0.00635,-0.01025,1.01807,-0.00692,-0.01265,-0.32717,-20.48,-31.54,57.86
4088,-0.01660,-0.01343,1.01831,-0.00413,-0.00852,-0.41412,-21.23,-32.74,57.56
4089,-0.00757,0.00537,1.01270,-0.00333,-0.01079,-0.50467,-21.53,-32.29,57.11
4090,0.00903,-0.00928,1.01147,-0.01904,-0.01198,-0.70694,-21.53,-32.29,57.11
4091,0.01245,0.01782,1.00830,0.00666,-0.01718,-0.82412,-21.98,-32.29,57.11
4092,-0.03027,-0.04883,1.02612,-0.01744,-0.01824,-1.05448,-23.02,-31.10,56.06
4093,-0.02905,-0.00342,1.02124,0.02663,-0.02530,-1.08311,-22.42,-31.69,57.26
4094,-0.03320,-0.02417,1.01172,0.03595,-0.03049,-1.10441,-23.02,-31.54,58.16
4095,-0.03931,-0.04346,1.01587,0.01172,-0.02290,-0.96153,-23.02,-31.54,58.16
4096,-0.01831,-0.00366,1.01758,0.04221,-0.02810,-0.85594,-22.42,-30.65,56.96
4097,-0.01880,-0.02026,1.01880,0.02157,-0.01878,-0.73969,-24.37,-31.39,57.71
4098,-0.00854,-0.01025,1.01294,0.00200,-0.01052,-0.75807,-23.62,-30.20,57.26
4099,-0.00391,-0.01978,1.02393,0.00639,-0.01625,-0.72225,-23.62,-30.20,57.26
4100,0.00220,-0.02124,1.02197,0.00666,-0.01585,-0.81892,-25.27,-30.05,57.56
4101,0.00269,0.00293,1.01489,0.03649,-0.02610,-0.90041,-25.41,-31.39,56.51
4102,-0.00464,0.00708,1.01147,0.05712,-0.03462,-0.97019,-24.37,-29.75,56.96
4103,0.00293,0.00269,1.00928,0.03449,-0.02836,-1.07605,-26.16,-29.00,57.26
4104,0.00171,0.00269,1.01685,0.03902,-0.03662,-1.12838,-26.16,-29.00,57.26
4105,-0.00879,0.00024,1.00854,0.02863,-0.02770,-1.12625,-27.21,-29.45,57.71
4106,-0.03027,-0.01050,1.01636,-0.00027,-0.02157,-1.05275,-26.31,-29.30,58.16
4107,-0.02515,0.00977,1.00317,0.00133,-0.01758,-0.98470,-27.06,-29.60,57.11
4108,-0.05005,-0.00342,1.01001,0.00626,-0.02357,-0.87738,-27.06,-29.60,57.11
4109,-0.06519,-0.01392,1.01270,0.00399,-0.01678,-0.82425,-26.46,-28.26,56.51
4110,-0.05884,-0.04443,1.00610,-0.02091,-0.01172,-0.79069,-25.41,-27.96,58.01
4111,-0.04785,-0.01758,1.01636,-0.01971,-0.00826,-0.83477,-26.76,-28.11,56.81
4112,-0.06372,-0.02686,1.03027,-0.04101,-0.00626,-0.90747,-27.36,-26.91,56.06
4113,-0.02881,-0.00562,1.00586,-0.00746,-0.01771,-0.94369,-27.36,-26.91,56.06
4114,-0.04468,-0.06934,1.01563,0.01345,-0.02131,-1.04369,-29.15,-26.01,56.96
4115,-0.02783,0.00195,1.02197,0.01185,-0.03049,-1.16274,-28.40,-26.46,56.51
4116,0.03369,0.03735,1.00488,0.02850,-0.03542,-1.07019,-29.15,-27.21,57.71
4117,0.00171,-0.03149,1.02832,0.00479,-0.02490,-0.92518,-27.96,-25.27,56.21
4118,0.03735,0.00732,1.01660,0.01891,-0.02250,-0.74276,-27.96,-25.27,56.21
4119,0.00122,0.00659,1.01538,0.00506,-0.01558,-0.56233,-29.15,-26.01,55.46
4120,0.03638,0.02271,1.00098,0.01465,-0.01398,-0.41226,-29.75,-24.82,56.21
4121,0.00830,-0.00708,1.00415,0.01744,-0.01518,-0.26965,-29.45,-26.46,56.21
4122,0.00464,0.00391,1.01172,0.02850,-0.01571,-0.21678,-29.45,-26.46,56.21
4123,-0.00464,-0.00684,1.02173,0.00719,-0.01558,-0.25047,-29.60,-24.67,57.11
4124,0.00366,-0.00146,1.01733,0.00360,-0.00559,-0.27977,-30.50,-24.07,57.26
4125,-0.01709,-0.01904,1.00879,-0.00599,-0.00759,-0.36858,-29.45,-23.02,56.21
4126,-0.01611,-0.00293,1.01563,-0.02836,-0.00133,-0.53237,-30.20,-25.56,56.96
4127,-0.00879,0.01270,1.01929,-0.00919,-0.00333,-0.02503,-30.20,-25.56,56.96
4128,-0.02417,-0.06763,1.03101,0.08535,-0.03262,-0.65407,-28.55,-24.37,55.31
4129,-0.00464,-0.02148,1.01782,0.03302,-0.01984,-0.54635,-27.81,-25.41,57.11
4130,-0.03101,0.00000,1.00830,0.04754,-0.03103,-0.46432,-30.05,-24.67,56.81
4131,-0.01514,-0.01465,1.01489,0.04341,-0.03289,-0.42065,-30.05,-24.67,56.81
4132,-0.02783,-0.01465,1.01514,0.06711,-0.03755,-0.39295,-29.75,-24.07,57.71
4133,-0.00903,-0.00708,1.00903,0.05806,-0.03609,-0.29894,-30.05,-25.12,57.56
4134,-0.01245,0.00049,1.00293,0.03143,-0.02277,-0.34887,-30.35,-23.17,56.81
4135,-0.01318,-0.00293,1.01050,0.01545,-0.01771,-0.35859,-30.95,-21.83,57.26
4136,-0.00562,-0.00098,1.01538,0.02357,-0.02317,-0.35007,-30.95,-21.83,57.26
4137,-0.01001,-0.00220,1.01392,0.00905,-0.01172,-0.33875,-31.39,-24.67,56.06
4138,-0.00635,-0.01123,1.02637,-0.01465,-0.00639,-0.44555,-31.84,-24.67,54.27
4139,-0.02002,0.00171,1.00977,-0.02690,-0.00759,-0.43702,-31.84,-25.12,57.56
4140,-0.04126,-0.00781,1.02100,-0.05499,0.00346,-0.43596,-31.84,-25.12,57.56
4141,-0.03760,0.00073,1.01904,-0.05712,0.00320,-0.36033,-31.84,-23.47,58.16
4142,-0.02856,0.00000,1.01147,-0.04141,-0.00040,-0.28483,-30.95,-23.77,56.96
4143,-0.04199,-0.01270,1.01123,-0.07417,0.01625,-0.29708,-29.75,-24.07,56.51
4144,0.01123,-0.01489,1.01904,-0.04061,-0.00226,-0.21878,-31.69,-22.57,56.21
4145,-0.00610,-0.02490,1.01782,-0.00706,-0.00746,-0.15606,-31.69,-22.57,56.21
4146,-0.02100,-0.01660,1.01855,-0.01518,-0.00493,-0.13862,-30.95,-23.02,56.96
4147,-0.01636,-0.01709,1.01416,0.01039,-0.00999,-0.09121,-32.44,-22.57,56.21
4148,0.00415,-0.00928,1.01367,0.03475,-0.02304,-0.03409,-31.10,-23.92,57.56
4149,-0.01587,-0.00806,1.01514,0.03489,-0.02104,0.00839,-31.69,-23.02,57.26
4150,0.01807,-0.00415,1.01636,0.03742,-0.01771,0.04221,-31.69,-23.02,57.26
4151,-0.00708,-0.00146,1.01270,0.05100,-0.01451,0.02450,-31.10,-23.17,57.11
4152,-0.00684,-0.00757,1.01782,0.04128,-0.02117,0.01558,-30.20,-21.83,57.71
4153,-0.01392,-0.00708,1.01050,0.03662,-0.01678,0.00932,-31.25,-23.77,55.91
4154,-0.02832,-0.02759,1.02881,0.00573,-0.00586,0.00692,-31.25,-23.77,55.91
4155,-0.03638,-0.02295,1.02173,0.00786,-0.00706,0.05486,-31.84,-22.42,56.36
4156,-0.02881,-0.02148,1.01538,-0.02011,0.00053,0.14514,-30.95,-21.38,58.75
4157,-0.04443,-0.02930,1.01343,-0.01598,-0.00306,0.23143,-31.25,-22.13,57.71
4158,-0.06323,-0.08594,1.06519,0.07377,-0.02570,0.36259,-31.25,-21.83,56.51
4159,-0.01025,0.01392,1.00708,0.05739,-0.01651,0.39295,-31.25,-21.83,56.51
4160,-0.01636,0.00122,1.01099,0.06991,-0.00985,0.51825,-29.75,-23.32,57.71
4161,-0.01025,0.00635,1.01050,0.04914,-0.01052,0.63383,-31.10,-23.92,56.81
4162,-0.01465,0.01050,1.00781,0.05060,-0.00453,0.75767,-31.69,-24.82,56.96
4163,-0.00171,0.00635,1.01172,0.03302,0.00213,0.73170,-31.69,-24.82,56.96
4164,0.00464,-0.00073,1.01001,0.01571,0.00146,0.71013,-30.95,-23.02,56.96
4165,-0.01440,0.01318,1.01147,0.03502,0.00053,0.71879,-30.20,-23.32,57.71
4166,-0.00903,0.00732,1.00317,0.01212,0.00373,0.76499,-30.05,-24.37,57.11
4167,-0.01221,0.00732,1.00537,0.01971,0.00559,0.84289,-30.35,-25.86,55.61
4168,-0.03711,0.00391,1.01953,0.02397,0.00346,0.83277,-30.35,-25.86,55.61
4169,-0.01416,-0.02051,1.00879,-0.00107,0.00613,0.78843,-27.96,-24.52,57.71
4170,-0.03784,-0.03027,1.02417,-0.01345,0.01318,0.71959,-29.30,-23.47,57.11
4171,-0.04028,-0.00098,1.00732,0.00786,0.00666,0.80228,-28.70,-24.07,56.96
4172,-0.02173,-0.01904,1.01855,-0.00160,0.00053,0.78710,-29.45,-25.27,58.01
4173,0.00317,0.00342,1.00830,0.00506,0.00746,0.70321,-29.45,-25.27,58.01
4174,-0.02222,-0.00366,1.02759,0.00186,0.00027,0.59535,-28.85,-25.41,57.56
4175,0.00732,-0.01392,1.02344,0.02037,-0.00280,0.68776,-28.55,-25.86,56.81
4176,-0.01172,0.00098,1.01123,0.02011,0.00599,0.66566,-26.76,-25.41,57.56
4177,-0.00830,-0.00830,1.02222,-0.02370,0.01052,0.63610,-26.76,-25.41,57.56
4178,-0.01123,0.00073,1.01050,-0.01132,0.00586,0.61399,-28.85,-27.36,57.11
4179,-0.02441,-0.01123,1.02026,-0.00666,0.00732,0.60108,-27.96,-25.56,56.96
4180,0.00122,-0.00439,1.01074,0.00852,0.00493,0.72025,-26.76,-26.61,57.11
4181,0.01685,-0.02661,1.01685,0.02517,-0.00626,0.64901,-27.36,-26.61,56.06
4182,-0.02271,-0.01147,1.02393,0.03968,-0.00133,0.70481,-27.36,-26.61,56.06
4183,-0.00513,-0.00293,1.01221,0.03143,-0.00386,0.53530,-26.76,-26.91,57.86
4184,-0.01294,-0.02393,1.04102,0.04674,-0.00932,0.35726,-25.56,-28.55,56.36
4185,-0.00073,0.00024,1.01611,0.08535,-0.02131,0.21638,-27.81,-27.36,57.11
4186,-0.00513,0.02539,0.99170,0.08456,-0.01145,0.20799,-27.81,-27.36,57.11
4187,-0.02148,-0.03760,1.04663,-0.07763,0.00040,0.32451,-27.66,-26.46,57.26
4188,-0.00342,-0.00317,1.01270,0.00399,-0.00293,0.30267,-27.21,-27.96,58.01
4189,-0.01099,0.02393,0.99609,0.02743,-0.01052,0.24062,-25.71,-28.26,58.45
4190,-0.01172,0.01074,1.00928,0.00186,-0.00692,0.27777,-26.91,-27.51,57.26
4191,-0.00293,0.00195,1.01465,0.00253,-0.00599,0.27324,-26.91,-27.51,57.26
4192,-0.02271,-0.00293,1.01416,0.01158,-0.00719,0.21918,-25.27,-28.55,57.11
4193,-0.01636,-0.01758,1.03638,-0.01305,-0.00453,0.26259,-25.41,-27.21,56.96
4194,-0.00684,0.00806,1.00732,0.04128,-0.01358,0.28629,-25.12,-26.46,56.96
4195,0.01343,-0.00879,1.02417,0.03808,-0.00905,0.15340,-25.12,-26.46,56.96
4196,0.01123,0.00781,1.01050,0.09121,-0.01398,0.05726,-25.12,-26.46,56.51
4197,-0.01172,-0.00708,1.02393,0.06485,-0.00706,0.00826,-25.56,-26.16,56.81
4198,-0.01074,0.00610,1.01221,0.08948,-0.01305,0.00652,-26.01,-26.91,56.36
4199,-0.01245,0.00244,1.01563,0.08775,-0.01145,0.00226,-25.12,-27.21,56.51
4200,-0.00537,0.00977,1.02271,0.13356,-0.01864,0.00812,-25.12,-27.21,56.51
4201,-0.00806,0.01587,1.00830,0.12384,-0.01305,0.00812,-25.12,-26.76,57.26
4202,-0.01025,0.00977,1.01245,0.13382,-0.01545,0.01025,-25.56,-28.85,57.11
4203,-0.01074,0.01294,1.01440,0.16312,-0.01145,0.01079,-24.82,-26.91,58.90
4204,-0.00903,0.01440,1.01172,0.16232,-0.01398,0.01518,-25.27,-26.16,57.56
4205,-0.00659,0.01001,1.02588,0.20613,-0.01465,0.01425,-25.27,-26.16,57.56
4206,-0.00342,0.03271,1.00903,0.20653,-0.01345,0.01664,-23.92,-28.26,58.45
4207,-0.00757,0.04932,0.97949,0.10506,-0.01052,0.01305,-25.56,-27.66,59.65
4208,-0.01465,0.01733,1.02197,0.00879,-0.01744,0.01039,-26.31,-28.55,57.56
4209,-0.01001,0.02246,1.01245,0.04794,-0.01065,0.01292,-26.31,-28.55,57.56
4210,-0.01245,0.03711,0.99463,0.02876,-0.01864,0.00426,-25.27,-27.66,56.36
4211,-0.01416,0.02100,1.00562,-0.04527,-0.01585,0.00746,-25.12,-26.76,56.96
4212,-0.00928,0.02393,1.01294,-0.07723,-0.01238,0.00599,-25.41,-27.96,57.26
4213,-0.01172,0.02075,1.01294,-0.07324,-0.01238,0.00812,-24.82,-28.55,58.16
4214,-0.00586,0.01709,1.01758,-0.02557,-0.01318,0.00866,-24.82,-28.55,58.16
4215,-0.01514,0.01978,1.01245,-0.02437,-0.00985,0.00746,-25.41,-26.76,57.71
4216,-0.00366,0.01758,1.02466,-0.02304,-0.01265,0.01411,-26.16,-26.76,58.01
4217,-0.01172,0.02930,1.00513,-0.09840,-0.01305,0.00719,-27.21,-26.76,58.45
4218,-0.00488,0.00073,1.03418,-0.11784,-0.01145,0.00666,-27.21,-26.76,58.45
4219,-0.01172,0.01392,1.01489,-0.03582,-0.00866,0.00772,-26.46,-28.26,57.71
4220,-0.00269,0.01929,1.00977,-0.02756,-0.01105,0.01065,-24.67,-26.76,59.50
4221,-0.00830,0.01147,1.02490,-0.00599,-0.00293,0.00919,-24.37,-27.96,56.21
4222,0.00293,0.01147,1.02344,0.02743,-0.01318,0.00719,-25.71,-27.51,58.75
4223,-0.00562,0.05713,0.96680,-0.15513,-0.00027,0.00905,-25.71,-27.51,58.75
4224,-0.01343,-0.04883,1.08154,-0.16924,0.00173,0.00985,-25.12,-27.21,56.96
4225,-0.01953,0.06738,0.95337,-0.04980,-0.00200,0.01864,-25.56,-26.91,58.60
4226,-0.03809,0.00342,1.02612,-0.08962,0.00320,0.08642,-25.71,-26.76,57.71
4227,0.04687,0.00049,1.03394,-0.08709,0.00533,0.12770,-25.71,-26.76,57.71
4228,-0.01001,0.03833,0.97827,-0.07004,-0.00413,0.01571,-26.76,-26.16,57.11
4229,-0.02002,0.00952,1.01538,-0.11425,0.00799,0.04234,-25.71,-26.01,56.96
4230,-0.02563,0.00586,1.01685,-0.09854,0.00399,0.11105,-25.41,-28.26,56.96
4231,-0.02881,0.01636,1.01025,-0.02836,-0.00626,0.16272,-25.41,-28.26,56.96
4232,-0.03564,0.00537,1.01880,-0.01332,0.00067,0.29388,-25.41,-28.26,56.96
4233,-0.03638,0.01929,0.99707,0.02423,0.01092,0.64129,-25.41,-27.96,56.96
4234,0.01270,0.00562,1.01172,-0.02051,0.01385,0.62584,-25.71,-27.96,56.21
4235,0.01270,-0.00195,1.01660,-0.00439,0.00053,0.40360,-25.12,-28.26,57.26
4236,0.02026,-0.00708,1.02246,0.00040,0.00413,0.27524,-25.12,-28.26,57.26
4237,0.01172,0.01489,1.00928,0.01052,0.00053,0.23329,-24.07,-28.11,57.11
4238,0.01074,0.01099,1.00781,0.02637,-0.00533,0.12637,-24.82,-28.11,57.56
4239,0.00244,0.01660,1.01270,0.07670,-0.00972,0.04727,-25.12,-28.26,57.71
4240,-0.11426,-0.06470,1.04932,-0.02011,-0.00386,0.30014,-25.12,-28.26,57.71
4241,-0.00488,-0.05151,0.98706,-0.12930,0.02956,0.70334,-25.27,-28.85,56.81
4242,0.04590,0.03735,1.05859,-0.22211,0.02796,0.36552,-24.37,-28.70,56.96
4243,0.02393,0.07153,1.01538,-0.07883,0.00692,0.19108,-24.67,-29.00,58.01
4244,0.00439,-0.00488,1.01807,-0.10892,0.01758,0.02357,-24.07,-28.85,57.56
4245,-0.00562,0.02368,0.99463,-0.10639,0.00746,-0.00599,-24.07,-28.85,57.56
4246,-0.00391,0.02344,1.01343,-0.14208,0.02117,-0.03316,-24.52,-28.85,56.36
4247,-0.00244,-0.00781,1.00537,-0.19215,0.03848,-0.06032,-25.12,-29.45,57.26
4248,-0.02295,0.00928,1.01978,-0.20666,0.04487,-0.06791,-23.92,-28.70,56.96
4249,0.00684,0.01733,1.01563,-0.25220,0.05273,-0.09201,-23.92,-28.70,56.96
4250,-0.01196,0.02905,0.99731,-0.38509,0.08482,-0.32304,-24.52,-27.66,57.11
4251,-0.03491,-0.02759,1.02393,-0.14088,0.03649,-0.34009,-24.52,-30.05,57.86
4252,-0.00781,-0.08154,1.00171,-0.05939,0.01398,-0.33662,-24.82,-28.11,56.81
4253,0.02588,-0.30347,1.03052,-0.04900,0.01957,-0.04208,-25.12,-29.75,56.51
4254,0.02051,-0.13379,1.06616,-0.15939,0.03182,0.94116,-25.12,-29.75,56.51
4255,-0.10059,0.41675,1.02441,0.01052,-0.01012,0.25327,-24.07,-30.05,56.81
4256,-0.01318,-0.01782,1.01270,-0.03688,-0.00386,0.00692,-23.17,-30.20,56.51
4257,-0.01514,-0.01855,1.00488,-0.04967,-0.00373,0.01984,-23.77,-29.60,56.36
4258,-0.01758,-0.02319,1.00757,-0.03449,-0.00240,0.02170,-23.17,-30.95,58.01
4259,-0.02197,-0.01953,1.01074,-0.00692,-0.00852,0.03369,-23.17,-30.95,58.01
4260,-0.02051,-0.01709,1.01685,0.00586,-0.00519,0.02650,-23.92,-29.75,57.26
4261,-0.01294,-0.01538,1.01392,0.01292,-0.01571,0.01265,-24.67,-29.45,55.17
4262,-0.01489,-0.01538,1.01416,0.01505,-0.01305,0.00839,-23.77,-28.85,57.11
4263,-0.01904,-0.02466,1.00244,0.01984,-0.01491,0.00692,-23.77,-28.85,57.11
4264,-0.02197,-0.01929,1.00928,0.01598,-0.00932,0.00000,-23.77,-28.55,55.61
4265,-0.01221,-0.00708,1.01904,0.02543,-0.01957,0.01025,-23.62,-29.45,56.21
4266,-0.01904,-0.01978,1.01025,0.02876,-0.00999,0.01039,-25.56,-28.85,57.11
4267,-0.00439,0.03564,1.05151,0.12876,-0.03888,0.00945,-23.02,-30.35,56.81
4268,-0.01025,-0.00781,1.02295,0.05406,-0.02650,0.01252,-23.02,-30.35,56.81
4269,-0.01831,-0.02124,1.01099,0.02610,-0.01731,0.02810,-23.77,-30.05,57.86
4270,-0.01636,-0.02295,1.01025,0.02637,-0.02756,0.03808,-23.77,-29.30,56.81
4271,-0.01831,-0.04150,1.01880,0.00972,-0.01571,0.10373,-25.12,-29.45,56.51
4272,-0.01318,-0.01685,1.01538,-0.00067,-0.00519,0.11185,-25.12,-29.45,56.51
4273,-0.01880,-0.00708,1.01440,0.01185,-0.01318,0.07537,-23.47,-29.30,57.11
4274,-0.01636,-0.02148,1.01025,0.00120,-0.00759,0.09614,-22.87,-29.75,57.26
4275,-0.01221,-0.00757,1.01709,0.00280,-0.01345,0.09934,-24.82,-28.11,56.81
4276,-0.00903,-0.01416,1.00903,0.00186,-0.01079,0.10147,-25.12,-28.70,55.91
4277,-0.00928,-0.01172,1.01709,0.00892,-0.01358,0.07217,-25.12,-28.70,55.91
4278,-0.01318,-0.01172,1.01440,0.01198,-0.01212,0.08256,-23.77,-29.30,56.36
4279,-0.02051,-0.04639,1.01074,-0.00107,-0.01092,0.09521,-23.62,-29.00,56.96
4280,-0.00684,-0.02759,1.01392,-0.00799,-0.00413,0.12091,-24.82,-29.30,55.61
4281,-0.01367,0.00293,1.01123,0.00386,-0.00652,0.09894,-24.37,-29.75,56.96
4282,-0.00806,-0.00537,1.01465,0.00493,-0.00879,0.11252,-24.37,-29.75,56.96
4283,-0.01147,-0.01147,1.00854,-0.00413,-0.00599,0.11864,-23.47,-30.35,57.56
4284,-0.01025,-0.00879,1.01587,-0.00067,-0.00959,0.07630,-24.07,-29.30,57.86
4285,-0.00928,-0.00269,1.01343,-0.00719,0.00107,0.08136,-23.92,-29.75,55.91
4286,-0.01099,-0.00610,1.01489,-0.00666,-0.00253,0.08562,-23.92,-29.75,55.91
4287,-0.00879,-0.00830,1.01123,-0.01052,-0.00426,0.03928,-23.02,-29.60,56.36
4288,-0.01196,-0.01343,1.01416,-0.00546,-0.00067,0.03356,-23.77,-28.85,56.06
4289,-0.01318,-0.01221,1.01563,0.00173,-0.00985,0.00439,-23.47,-28.85,55.02
4290,-0.00830,-0.00928,1.02417,0.01798,-0.01878,0.02517,-23.77,-28.85,55.31
4291,-0.02466,-0.01538,1.01587,-0.01079,0.00266,0.01292,-23.77,-28.85,55.31
4292,-0.00757,-0.01294,1.01050,-0.01358,-0.00080,0.07057,-23.92,-29.75,56.96
4293,-0.02051,-0.01489,1.01904,-0.02277,-0.00200,0.03595,-23.77,-30.35,55.61
4294,-0.01196,-0.01563,1.01587,-0.00746,-0.01012,0.03555,-24.07,-30.80,56.81
4295,-0.01318,-0.01465,1.01538,-0.00759,0.00027,0.03555,-24.07,-30.80,56.81
4296,-0.01904,-0.01563,1.01123,-0.00945,-0.00080,0.03209,-23.92,-29.00,56.96
4297,0.00024,-0.00073,1.02979,0.03236,-0.01571,0.00652,-23.02,-30.05,58.16
4298,-0.01172,-0.01831,1.01123,-0.00386,-0.00293,0.01052,-23.47,-30.35,55.61
4299,-0.01489,-0.01343,1.01758,0.00945,-0.00959,0.01065,-22.87,-30.20,57.26
4300,-0.02588,-0.01587,1.01147,-0.00253,-0.00626,0.25060,-22.87,-30.20,57.26
4301,-0.01758,-0.03345,1.00830,0.01931,-0.01079,0.13622,-23.62,-29.45,55.17
4302,-0.00562,-0.00146,1.02051,-0.02024,0.01718,0.04767,-24.52,-29.60,57.11
4303,-0.02954,0.00708,0.97510,-0.01345,0.01811,0.01425,-24.52,-30.05,56.36
4304,0.03882,0.01587,1.01953,0.01545,-0.00959,-0.15420,-24.52,-30.05,56.36
4305,-0.03833,-0.02539,1.01538,-0.02157,-0.00293,-0.24861,-22.87,-30.65,58.75
4306,-0.02515,0.04126,1.00586,-0.00107,-0.00506,-0.28070,-24.07,-31.54,57.11
4307,-0.00635,-0.05591,1.01123,0.00626,-0.01744,-0.24688,-23.92,-29.45,57.26
4308,-0.02026,-0.02173,1.01123,-0.00932,-0.00320,-0.11545,-23.77,-30.05,57.11
4309,0.00732,0.00854,1.02954,-0.00080,-0.01052,-0.18522,-23.77,-30.05,57.11
4310,0.02710,-0.02466,0.99683,-0.00266,-0.00013,-0.30733,-23.77,-30.05,57.11
4311,-0.01367,-0.03369,1.02612,0.02490,-0.01851,-0.34009,-23.77,-29.30,56.36
4312,-0.02905,-0.02222,1.02271,0.02557,-0.01345,-0.34608,-23.77,-28.55,56.81
4313,-0.00806,-0.01563,1.00317,-0.00200,-0.01105,-0.36658,-22.87,-28.70,56.21
4314,-0.00244,0.00269,1.01953,0.01345,-0.01518,-0.47311,-22.87,-28.70,56.21
4315,0.01782,0.00830,0.97925,-0.02037,0.00559,-0.60906,-24.37,-31.39,56.96
4316,0.03711,0.01929,1.01880,-0.02836,-0.00040,-0.90348,-23.92,-28.26,56.96
4317,0.07568,0.02686,1.02051,0.04927,-0.02011,-1.14529,-24.37,-27.96,56.51
4318,0.02393,0.00635,1.01367,0.02743,-0.02144,-1.22465,-24.37,-27.96,56.51
4319,-0.01953,-0.04907,1.06982,0.06125,-0.05180,-1.18471,-25.71,-29.00,56.51
4320,-0.01855,-0.03467,1.00317,-0.02064,-0.00213,-0.99536,-25.56,-29.30,57.11
4321,-0.05688,0.00854,1.06763,0.05047,-0.01305,-1.08590,-25.56,-27.36,57.11
4322,-0.06030,-0.01147,0.99585,-0.00772,0.00466,-1.13011,-26.46,-29.00,56.51
4323,-0.06738,0.00000,0.91260,-0.06152,0.01984,-1.14170,-26.46,-29.00,56.51
4324,-0.02344,0.03882,1.00464,-0.03116,0.00945,-1.26394,-26.31,-29.30,57.11
4325,0.01416,0.09717,0.98267,0.00905,-0.00040,-1.48578,-26.31,-25.86,56.06
4326,0.00220,0.03955,0.99707,-0.00439,-0.01025,-1.76594,-26.31,-26.91,57.56
4327,-0.03027,0.02686,0.97803,0.02037,0.00027,-1.87407,-26.31,-26.91,57.56
4328,-0.00513,-0.04810,1.04761,-0.02277,0.00905,-1.81974,-29.15,-26.01,57.71
4329,-0.01318,-0.04517,1.04736,-0.00826,-0.01372,-1.79697,-29.15,-25.56,58.45
4330,-0.03125,-0.00317,1.00220,0.01811,-0.01132,-1.78445,-29.15,-25.56,57.26
4331,0.02466,0.03467,1.01001,-0.02064,-0.01105,-1.94304,-31.39,-25.12,57.86
4332,0.01196,0.01660,1.03271,-0.02224,-0.02783,-2.16781,-31.39,-25.12,57.86
4333,0.02148,0.00537,1.05493,0.01119,-0.02157,-2.37767,-30.05,-24.37,58.90
4334,0.02026,0.00098,1.01099,-0.00426,-0.00905,-2.43586,-31.10,-23.47,57.56
4335,-0.00146,0.00586,1.00000,-0.01878,-0.02051,-2.43027,-32.74,-21.83,57.71
4336,-0.03613,-0.01196,0.96802,0.04088,-0.00759,-2.31615,-33.64,-21.98,57.86
4337,0.00171,-0.04248,0.99146,-0.02277,-0.01092,-2.22694,-33.64,-21.98,57.86
4338,-0.01196,-0.07129,1.01172,-0.02956,0.01598,-2.16089,-34.53,-18.84,58.75
4339,-0.01147,-0.03589,1.04077,0.02064,-0.00280,-2.06888,-34.83,-19.29,58.16
4340,-0.00732,-0.04858,1.03882,-0.02969,-0.00240,-2.00709,-35.43,-18.24,58.60
4341,0.01538,0.01343,0.98169,0.04860,0.00839,-1.98179,-35.43,-18.24,58.60
4342,0.01953,-0.00903,1.00171,-0.00786,0.00426,-2.03266,-36.03,-17.19,58.01
4343,-0.00879,-0.03467,1.03516,-0.01691,-0.02104,-1.99897,-35.13,-16.30,59.65
4344,0.01855,-0.03662,1.01636,-0.01385,-0.02863,-1.99484,-35.43,-15.55,58.60
4345,-0.03711,-0.00903,0.97339,0.06232,-0.01252,-1.98086,-36.48,-15.70,59.50
4346,-0.00293,-0.00903,1.00000,-0.02117,-0.02344,-1.97686,-36.48,-15.70,59.50
4347,-0.03955,-0.00732,0.96509,0.01598,0.00320,-2.01961,-37.67,-14.80,58.90
4348,-0.03345,-0.00928,0.98291,-0.00293,-0.00067,-2.01282,-35.73,-12.71,59.05
4349,-0.03760,-0.00171,1.00830,0.05872,0.00613,-2.01601,-38.12,-13.31,59.65
4350,-0.08081,-0.05640,1.00610,-0.02304,-0.04408,-1.98725,-38.12,-13.31,59.65
4351,-0.07251,-0.05127,0.99854,-0.02943,0.00706,-1.92893,-39.02,-11.21,59.05
4352,-0.05078,-0.01343,0.99048,0.01158,-0.00399,-1.89351,-37.52,-10.76,58.45
4353,-0.06592,-0.01660,0.98608,0.07297,-0.02956,-1.94690,-39.47,-9.87,60.40
4354,-0.05176,-0.04346,1.02148,0.04354,-0.00479,-1.85489,-37.82,-10.02,58.01
4355,-0.02466,-0.01904,1.01733,-0.03822,0.00000,-1.84863,-37.82,-10.02,58.01
4356,-0.04004,-0.02271,1.03516,-0.01611,0.00746,-1.86395,-38.42,-7.47,58.60
4357,-0.02881,-0.02539,1.01392,0.01505,-0.01358,-1.88312,-39.02,-7.77,59.50
4358,-0.01489,-0.03296,1.03271,0.01478,-0.01145,-1.91947,-39.47,-6.43,60.70
4359,-0.00830,0.00977,1.00684,-0.00453,-0.00200,-1.92294,-38.57,-5.38,59.05
4360,-0.06641,-0.01709,0.97949,-0.02290,0.00120,-1.95569,-38.57,-5.38,59.05
4361,-0.03345,-0.00317,1.00000,0.04181,-0.00133,-1.95276,-38.57,-3.14,58.75
4362,-0.02515,-0.02979,1.02808,-0.02597,-0.00599,-1.91881,-39.92,-4.19,59.95
4363,-0.04565,-0.03223,1.01343,0.01278,-0.00626,-1.94930,-40.51,-1.64,59.80
4364,-0.00317,0.00952,1.04077,0.02956,-0.02756,-2.02640,-40.51,-1.64,59.80
4365,-0.00586,0.00757,1.03320,0.00652,-0.04075,-2.11029,-40.66,-1.50,59.65
4366,-0.03320,0.01514,1.01221,-0.00439,-0.01704,-2.22227,-39.92,-1.79,60.40
4367,-0.06226,0.00952,0.99731,0.01798,-0.00133,-2.27354,-39.47,0.00,58.60
4368,-0.03198,0.01123,1.00610,0.07217,0.00200,-2.39578,-39.32,1.20,59.80
4369,-0.01294,0.02832,0.98291,0.07856,-0.00213,-2.48233,-39.32,1.20,59.80
4370,-0.01440,0.02661,0.98267,0.07470,-0.00266,-2.49751,-40.07,3.59,59.50
4371,-0.00586,-0.01880,1.01855,0.04035,-0.01105,-2.47727,-40.22,2.99,60.70
4372,-0.01074,-0.00317,0.99219,0.02197,-0.00027,-2.38686,-40.22,4.93,61.44
4373,0.01831,-0.01416,1.01221,0.03902,-0.00652,-2.36768,-40.22,4.93,61.44
4374,0.00977,-0.02930,1.01831,0.05140,-0.02157,-2.31216,-38.27,7.33,60.25
4375,0.00342,-0.07300,1.00903,0.06378,-0.01185,-2.17420,-38.87,8.67,60.40
4376,0.12915,-0.07202,1.02759,0.03662,0.00146,-2.05583,-38.87,7.92,60.70
4377,0.04687,-0.09985,1.04761,-0.01398,-0.02823,-1.91441,-37.82,10.76,61.29
4378,-0.05005,-0.09058,1.00684,-0.09095,-0.01744,-1.59910,-37.82,10.76,61.29
4379,-0.01489,-0.04907,1.01440,-0.05792,-0.00919,-1.42239,-38.57,11.21,61.59
4380,-0.00854,-0.04102,1.02368,-0.01571,-0.04368,-1.44170,-38.12,12.86,61.15
4381,-0.07056,-0.01343,1.01001,0.05033,-0.01198,-1.39683,-37.67,12.11,62.19
4382,-0.05835,0.03613,1.00171,0.03808,-0.00240,-1.32239,-37.67,12.11,62.19
4383,-0.02563,0.06152,0.96851,0.00439,0.00826,-1.52799,-37.67,12.86,61.74
4384,-0.01880,0.03711,0.99658,0.03595,-0.02157,-1.82640,-36.48,13.45,60.85
4385,-0.00586,-0.02026,1.01343,0.09015,-0.00146,-1.91188,-37.52,14.65,62.34
4386,0.04956,-0.01978,1.02686,0.06791,-0.01558,-1.91015,-36.93,15.55,61.44
4387,-0.04248,-0.05005,1.00659,-0.07776,-0.01292,-1.75036,-36.93,15.55,61.44
4388,-0.05029,-0.02271,1.00391,-0.03955,-0.02903,-1.55995,-36.78,18.84,63.84
4389,-0.03345,-0.01733,1.00439,0.04128,0.00453,-1.50482,-36.63,17.79,60.70
4390,-0.03345,-0.01099,0.98389,0.05673,-0.03396,-1.64836,-36.03,17.94,61.59
4391,0.00024,-0.06714,1.02954,0.08522,-0.04341,-1.36407,-36.63,18.24,61.74
4392,0.02148,-0.03833,0.96948,0.07404,0.00586,-1.18804,-36.63,18.24,61.74
4393,0.00342,-0.09766,1.01294,0.01571,-0.01518,-0.96699,-35.28,20.63,62.64
4394,-0.00073,-0.04834,0.97778,0.00599,-0.01198,-0.63024,-34.83,20.03,61.44
4395,0.00073,-0.06714,1.02271,0.00200,-0.00386,-0.50334,-35.13,20.03,61.74
4396,-0.02490,0.01221,1.01685,-0.00133,-0.01491,-0.47604,-35.13,20.03,61.74
4397,-0.01831,-0.04346,1.02490,-0.08109,-0.01518,-0.62464,-35.13,21.68,62.94
4398,-0.03662,-0.00854,1.01807,0.02890,-0.00293,-0.77458,-33.19,21.38,62.34
4399,-0.04150,0.00439,1.01367,0.06991,-0.00360,-0.85408,-34.38,21.98,63.54
4400,-0.02344,-0.03149,1.04102,0.01718,-0.00573,-0.92145,-34.09,21.98,62.49
4401,-0.04053,-0.02905,1.01831,-0.00573,-0.01332,-0.91759,-34.09,21.98,62.49
4402,-0.01978,-0.00269,1.02710,0.08908,-0.00932,-0.84023,-33.19,22.13,63.39
4403,-0.03467,-0.02905,0.99707,0.01438,-0.02224,-0.69216,-34.24,23.02,62.34
4404,-0.02881,-0.06250,1.00586,-0.03222,-0.01398,-0.45434,-31.39,21.68,63.24
4405,-0.02197,-0.03198,1.02197,0.02197,-0.02397,-0.16525,-31.39,21.68,63.24
4406,-0.02710,-0.03687,0.98950,0.01052,-0.05047,0.03555,-33.34,23.47,63.99
4407,-0.02881,-0.00342,1.06641,0.07790,-0.05819,0.20080,-33.49,21.83,62.64
4408,-0.05591,0.02783,0.98535,0.01691,0.00559,0.24248,-33.64,23.17,61.44
4409,-0.01099,-0.01782,1.07739,0.02676,-0.02783,0.17683,-33.49,23.32,63.39
4410,0.00342,0.00024,1.05542,0.01917,-0.04474,0.20120,-33.49,23.32,63.39
4411,-0.01025,-0.02539,1.02905,0.02810,-0.01478,0.26898,-33.49,23.32,63.09
4412,-0.00830,-0.07788,1.01563,-0.00892,-0.01052,0.32704,-32.59,23.47,63.24
4413,0.00562,-0.07568,1.03296,0.02690,0.00879,0.34115,-33.79,22.57,63.39
4414,0.00244,-0.10352,0.96924,-0.03888,-0.04900,0.29681,-33.19,22.13,63.84
4415,0.01807,0.00293,1.08057,0.04527,-0.02903,0.25287,-33.19,22.13,63.84
4416,-0.03125,-0.05420,1.04272,0.03382,-0.00453,0.09414,-34.09,23.17,63.24
4417,0.02783,-0.00415,1.05542,-0.01025,-0.03955,-0.04514,-33.34,23.47,64.28
4418,-0.03735,-0.02686,1.00879,0.03036,0.00173,-0.12730,-34.53,23.32,64.88
4419,-0.04028,-0.04053,0.97363,-0.00226,-0.02583,-0.19401,-34.53,23.32,64.88
4420,-0.03149,-0.03052,0.96338,-0.04740,0.02051,-0.22677,-32.89,23.47,64.28
4421,-0.02441,-0.01709,0.98022,0.07936,-0.03595,-0.30693,-33.19,24.07,63.39
4422,-0.04736,-0.09863,0.87720,-0.11119,0.02743,-0.24461,-31.99,24.07,62.64
4423,-0.01587,-0.06104,1.03638,0.07057,-0.01664,-0.18123,-33.49,23.02,62.34
4424,0.01099,-0.04321,1.01172,-0.02477,-0.00985,-0.14448,-33.49,23.02,62.34
4425,0.03174,-0.04175,1.04541,0.06898,-0.08895,-0.12916,-32.59,23.92,62.49
4426,-0.04614,-0.06128,0.98389,-0.04527,0.04621,-0.02703,-31.99,24.52,63.09
4427,0.00220,0.01489,1.07471,0.09028,-0.05020,-0.03435,-33.19,25.56,63.84
4428,0.01343,-0.03271,1.01953,0.01278,0.01545,-0.06791,-33.19,25.56,63.84
4429,0.02173,-0.05981,1.00879,-0.02463,0.01944,-0.19401,-33.64,23.17,63.99
4430,0.00293,-0.05566,1.01904,-0.03222,0.01372,-0.19774,-33.49,24.52,63.39
4431,0.03857,-0.02490,1.05566,0.01585,-0.01718,-0.19907,-32.89,24.82,63.84
4432,0.01953,-0.03906,1.01660,0.01944,-0.02170,-0.21958,-32.89,23.92,63.24
4433,0.02222,-0.05420,1.01929,-0.00559,0.00000,-0.22757,-32.89,23.92,63.24
4434,-0.01294,-0.01343,1.02271,0.00413,-0.01491,-0.19654,-32.89,26.91,65.03
4435,-0.01611,-0.00195,1.04639,0.03835,-0.03449,-0.20506,-32.89,24.37,64.73
4436,-0.01758,-0.02759,1.01001,-0.05619,0.01784,-0.20506,-32.89,25.86,64.73
4437,-0.05029,0.01685,1.04614,0.10932,-0.04927,-0.21931,-32.89,25.86,64.73
4438,-0.01489,-0.02588,0.99487,-0.01012,0.02690,-0.19108,-32.89,25.12,65.03
4439,-0.03540,-0.02417,1.01050,0.02863,-0.02756,-0.20147,-31.84,25.86,63.99
4440,-0.01611,-0.00708,1.01807,0.00200,-0.00253,-0.23755,-33.19,26.46,64.88
4441,-0.02563,-0.02002,1.02246,0.01225,-0.01225,-0.28323,-33.19,26.46,64.88
4442,-0.01709,-0.02271,1.01172,-0.01984,0.00413,-0.32690,-30.95,26.46,64.88
4443,-0.02539,-0.01807,1.00684,-0.00559,-0.00493,-0.37910,-33.34,25.86,64.28
4444,-0.01367,-0.03101,1.01392,-0.00479,-0.00320,-0.44288,-32.74,25.27,64.43
4445,-0.04883,-0.02954,0.99341,-0.02716,0.00293,-0.44794,-31.39,25.41,64.28
4446,-0.05249,-0.01489,0.99756,0.07377,-0.03103,-0.47817,-31.39,25.41,64.28
4447,-0.03589,0.00928,1.03223,0.01824,-0.00866,-0.56086,-32.14,24.67,64.28
4448,-0.05322,-0.00928,0.98291,0.01638,-0.00333,-0.59282,-32.74,25.56,64.88
4449,-0.07959,-0.03906,0.94287,0.10852,-0.04607,-0.62278,-32.44,27.21,65.18
4450,-0.05469,-0.01685,0.97412,-0.09281,0.05739,-0.54914,-32.44,27.21,65.18
4451,-0.03882,-0.05518,0.96460,-0.00399,-0.01678,-0.51985,-31.25,26.01,63.39
4452,-0.03613,-0.02881,0.95972,0.00093,0.01305,-0.50174,-31.39,26.61,64.28
4453,0.01025,-0.05933,1.04321,-0.04021,0.00599,-0.43263,-31.10,26.91,65.33
4454,-0.01855,0.00049,1.02954,0.05619,-0.04234,-0.33716,-30.05,26.61,63.54
4455,0.01587,-0.01831,1.02881,-0.03182,-0.00067,-0.28110,-30.05,26.61,63.54
4456,-0.01929,-0.07813,0.98633,0.00905,-0.01784,-0.25873,-31.10,26.61,64.73
4457,0.01636,0.00073,1.06274,0.07177,-0.05420,-0.28003,-29.30,27.66,65.03
4458,-0.02295,-0.02490,1.02075,0.01025,0.01571,-0.29521,-31.39,28.11,63.99
4459,0.01392,-0.05542,0.99609,-0.03928,0.00692,-0.32131,-31.39,28.11,63.99
4460,0.06909,-0.07617,1.05225,-0.03036,-0.00533,-0.32278,-29.75,29.45,64.14
4461,0.03955,-0.03076,1.05518,0.00013,-0.03915,-0.29588,-30.35,27.66,65.03
4462,0.01855,-0.00269,1.06030,0.00213,-0.03103,-0.22930,-30.05,29.30,63.54
4463,0.00098,-0.03516,1.02832,0.00959,-0.06139,-0.19694,-29.45,27.96,64.88
4464,-0.03101,-0.04004,0.97241,-0.01997,0.00652,-0.19028,-29.45,27.96,64.88
4465,-0.04736,-0.05640,0.97144,-0.00107,0.01079,-0.20413,-29.15,28.70,65.18
4466,-0.05469,-0.06396,0.94849,-0.00732,-0.00360,-0.17324,-30.50,28.70,64.43
4467,-0.01758,-0.00195,1.06519,0.04288,-0.00959,-0.14088,-30.35,28.55,63.99
4468,-0.03052,-0.03760,0.99170,0.01478,-0.01678,-0.13342,-28.85,29.30,64.73
4469,0.00488,-0.04565,1.01587,-0.02144,-0.02610,-0.11358,-28.85,29.30,64.73
4470,-0.00952,-0.01611,1.02905,0.00666,-0.03249,-0.10280,-29.75,28.26,65.18
4471,-0.02295,-0.02563,0.99219,0.01558,-0.01771,-0.05513,-29.45,28.70,65.63
4472,-0.01929,-0.02856,1.03247,0.00506,-0.00852,-0.00506,-29.15,27.96,65.63
4473,0.01929,-0.02661,1.02954,-0.01358,-0.01292,0.00666,-29.15,27.96,65.63
4474,-0.01758,-0.03613,1.01514,0.03702,-0.00186,0.07337,-29.45,28.70,65.63
4475,-0.01758,-0.02954,1.00903,-0.00080,-0.00253,0.06112,-29.75,29.00,64.88
4476,-0.01611,-0.05200,0.97705,-0.07390,0.04221,0.04434,-29.75,27.51,65.63
4477,-0.00610,-0.03467,1.03052,0.00812,-0.02104,-0.01625,-28.70,29.45,66.23
4478,-0.01025,-0.00317,1.04907,0.06938,-0.06298,-0.07164,-28.70,29.45,66.23
4479,-0.07104,-0.16479,0.93726,-0.03902,0.02810,-0.11025,-30.35,27.66,65.78
4480,-0.08154,-0.10376,1.03418,0.00852,-0.81186,0.91107,-29.30,30.05,64.73
4481,-0.03052,-0.12036,0.99536,-0.06059,-0.00706,1.41840,-31.10,28.85,65.78
4482,-0.11523,-0.04468,1.04517,-0.02810,0.24315,1.49630,-31.10,28.85,65.78
4483,-0.00464,-0.07422,1.00073,-0.02250,0.05579,1.52932,-30.50,28.26,65.93
4484,0.00537,0.05103,1.03345,-0.03981,0.42571,0.46006,-30.95,27.21,64.88
4485,0.02246,0.17334,0.99219,-0.02836,0.04155,-1.77047,-29.75,26.76,64.14
4486,0.01367,0.08447,1.07153,0.02051,0.03369,-2.43040,-32.14,27.66,66.53
4487,-0.02539,-0.09863,1.00781,0.10866,-0.08682,-2.26888,-32.14,27.66,66.53
4488,-0.07471,-0.02100,1.02148,-0.00652,-0.02716,-2.51509,-29.30,27.66,66.08
4489,-0.02466,-0.02295,1.01855,-0.02437,-0.05712,-2.69019,-28.11,29.30,64.73
4490,-0.03223,-0.10229,0.92798,-0.04288,-0.15646,-2.45264,-26.91,29.00,65.18
4491,0.06860,0.00781,1.09058,0.10027,-0.18695,-1.77793,-26.91,29.00,65.18
4492,0.07153,-0.03540,1.00537,-0.00253,-0.09521,-1.02758,-27.66,31.39,63.84
4493,0.07471,0.04102,1.09766,0.03342,-0.09920,-0.81000,-25.56,31.54,66.08
4494,-0.00806,-0.05054,1.02344,0.02543,-0.18522,-0.99602,-27.36,31.84,66.08
4495,-0.00781,-0.04419,1.04932,0.01318,-0.17603,-1.48485,-25.41,31.69,63.39
4496,-0.02393,-0.00854,1.03784,-0.01545,-0.19335,-1.90509,-25.41,31.69,63.39
4497,-0.00977,-0.10645,1.00146,0.04408,0.00852,-2.00989,-24.37,32.89,65.18
4498,-0.13794,-0.18384,0.98877,-0.03635,0.02237,-1.59856,-24.37,32.89,64.43
4499,-0.10132,-0.16211,0.99707,0.04035,-0.20799,-1.13171,-23.92,34.38,64.88
4500,-0.07129,-0.08960,1.00098,-0.05020,0.08775,-0.70521,-23.02,34.53,66.08
4501,-0.06543,0.01343,0.94043,0.00652,0.19987,-0.53876,-23.02,34.53,66.08
4502,0.05005,0.12817,1.04590,0.02597,0.22996,-0.67085,-23.47,34.53,65.33
4503,0.00732,0.04858,0.99512,-0.01105,0.08136,-0.88350,-22.42,35.13,64.43
4504,0.02979,-0.01367,0.90308,0.01079,-0.03036,-0.86939,-22.13,33.19,65.63
4505,0.09131,0.11133,1.08862,0.05140,0.19801,-0.99882,-22.13,33.19,65.63
4506,0.03003,0.01733,0.93726,-0.04621,0.14448,-1.08777,-21.53,34.53,65.78
4507,0.00073,-0.01416,0.98730,-0.00972,0.00812,-1.09642,-20.78,35.28,65.33
4508,0.01660,0.00269,1.03394,0.01158,-0.01478,-0.82545,-19.73,34.24,65.33
4509,-0.01123,-0.03931,1.01392,0.01784,-0.05566,-0.72451,-21.23,35.73,66.08
4510,0.00635,-0.14795,1.00439,0.00905,-0.07191,-0.56619,-21.23,35.73,66.08
4511,0.04663,-0.13940,1.01685,0.01731,-0.04967,-0.29761,-19.14,35.88,67.42
4512,0.02710,-0.02124,1.00879,-0.01824,-0.06005,-0.07950,-20.33,34.83,66.68
4513,0.04785,0.03589,1.03589,0.04807,-0.14208,0.06671,-19.73,36.93,66.53
4514,0.05151,-0.10107,0.96313,-0.00586,-0.19055,0.24142,-19.73,36.93,66.53
4515,-0.17041,0.03198,1.00122,-0.02956,-0.08296,0.32717,-18.69,35.28,66.83
4516,-0.11377,-0.02075,1.02026,0.00280,0.13089,-0.15047,-20.33,34.38,65.93
4517,-0.02246,-0.00073,1.01172,-0.00573,0.08269,-0.37284,-19.73,34.98,65.03
4518,0.00537,0.02002,1.01489,-0.04035,0.12224,-0.48110,-20.03,36.03,65.33
4519,-0.05176,-0.02588,1.01196,0.01731,0.13902,-0.78590,-20.03,36.03,65.33
4520,-0.07935,-0.06787,0.97656,-0.04874,0.12956,-1.15781,-19.73,36.03,66.08
4521,-0.00781,-0.04272,1.00781,0.00666,0.02796,-1.45422,-19.73,34.98,65.78
4522,0.00366,-0.04443,1.01440,0.02743,-0.01678,-1.48991,-18.84,35.88,66.23
4523,0.02246,-0.04736,1.02856,0.01425,-0.02131,-1.42586,-18.24,35.28,66.08
4524,-0.01782,-0.06201,0.99219,0.01971,-0.02117,-1.45222,-17.04,36.33,66.68
4525,-0.04150,-0.05273,0.98267,0.00879,-0.04035,-1.47659,-17.04,36.33,65.63
4526,0.03076,-0.02954,1.01611,0.02943,-0.04541,-1.41693,-15.10,37.38,66.68
4527,0.03442,0.01001,1.03540,0.01864,-0.01997,-1.33491,-14.95,38.42,65.33
4528,-0.01050,-0.02246,1.00537,0.00240,0.02357,-1.42146,-14.95,38.42,65.33
4529,-0.04639,-0.03003,0.99707,-0.00293,0.01292,-1.61281,-14.20,37.67,66.08
4530,-0.04272,0.00146,1.02441,-0.04554,0.01891,-1.88126,-13.16,37.97,65.33
4531,-0.03638,0.02026,0.99512,-0.02570,0.02397,-2.11189,-14.05,37.82,65.93
4532,-0.00806,0.05225,1.00415,-0.01798,0.00719,-2.31522,-12.41,37.97,64.73
4533,-0.02148,0.01074,1.00146,-0.01931,-0.00706,-2.57874,-12.41,37.97,64.73
4534,0.01270,-0.07593,1.01563,0.04594,-0.01491,-2.55863,-11.96,38.42,64.28
4535,0.01050,-0.07715,1.01660,0.04501,-0.00599,-2.05822,-8.67,38.72,64.73
4536,-0.00635,-0.08691,0.97290,-0.00013,-0.00439,-1.73345,-8.97,39.32,65.18
4537,-0.00049,-0.01514,1.02124,0.00586,-0.00546,-1.71694,-8.97,39.32,65.18
4538,-0.00171,-0.02905,1.01733,0.00000,-0.01957,-1.69430,-7.77,39.77,65.93
4539,-0.06055,-0.02100,0.99854,-0.01238,-0.00320,-1.88885,-6.28,37.08,64.43
4540,-0.01392,0.01343,1.03906,-0.03928,-0.01904,-2.14677,-6.13,39.17,65.03
4541,-0.03101,0.02466,1.01245,0.01625,-0.02530,-2.46382,-5.08,39.17,65.78
4542,-0.06128,0.01172,0.99341,-0.00386,-0.02104,-2.74412,-5.08,39.17,65.78
4543,-0.03882,0.01587,0.95190,0.01411,-0.02410,-2.92841,-2.99,39.77,66.23
4544,-0.03882,-0.01953,0.96680,-0.02131,0.01478,-2.90950,-2.69,40.07,65.63
4545,-0.00952,-0.03662,0.94995,0.02423,0.00146,-2.74412,-0.90,39.32,64.88
4546,0.03198,-0.06201,1.05371,0.06205,-0.00559,-2.46076,-0.90,39.32,64.88
4547,-0.00366,-0.07861,0.93506,-0.00040,-0.00666,-2.13266,0.45,40.07,65.63
4548,-0.00830,-0.08911,0.96265,-0.00133,-0.00253,-2.00643,1.64,39.02,64.43
4549,-0.02100,-0.00269,1.00806,0.01158,-0.01864,-2.01215,2.09,39.47,65.03
4550,-0.03809,-0.05640,1.00122,0.00240,-0.02264,-2.15237,3.59,40.66,65.03
4551,-0.01318,-0.04858,1.04297,0.00240,-0.03489,-2.31588,3.59,40.66,65.03
4552,-0.01953,0.01343,1.05737,0.02264,-0.04328,-2.47035,5.23,38.12,65.18
4553,-0.00854,0.01050,1.02734,0.07923,-0.04834,-2.56276,5.68,39.02,64.88
4554,-0.01245,-0.04053,0.94019,-0.03848,-0.03422,-2.51549,7.03,38.57,64.43
4555,0.02246,-0.04883,1.01855,-0.04168,-0.01119,-2.34997,7.77,39.32,64.43
4556,0.00928,-0.03345,1.02759,0.01904,0.01265,-2.20550,7.77,39.32,64.43
4557,0.00562,-0.04590,0.97168,-0.03915,0.02423,-2.09151,10.61,38.72,65.78
4558,-0.01025,-0.04297,1.03882,0.00932,-0.00533,-1.98246,10.76,37.82,63.84
4559,0.00220,-0.02637,1.03076,0.01132,0.00719,-2.03013,11.36,37.67,64.73
4560,-0.02051,-0.02588,0.95898,0.00186,-0.00945,-2.08685,11.36,37.67,64.73
4561,0.00586,-0.05737,1.06738,-0.00666,-0.00759,-2.12480,13.16,36.93,64.28
4562,-0.01611,-0.01978,0.98950,0.01039,-0.00839,-2.19950,13.45,36.03,64.73
4563,0.01489,0.01294,1.02124,0.00692,-0.01198,-2.29178,14.95,37.23,64.73
4564,0.01196,0.00342,1.02075,0.03702,-0.02104,-2.39698,16.59,37.08,63.84
4565,0.00854,-0.04150,1.00073,0.00320,-0.00266,-2.37874,16.59,37.08,63.84
4566,0.00415,-0.03198,1.01172,0.01172,-0.00146,-2.30829,18.09,33.64,63.09
4567,0.00513,-0.05737,1.05200,0.03768,-0.01651,-2.12534,17.49,34.24,64.28
4568,0.02588,-0.07568,1.09448,0.06352,-0.02477,-1.92547,18.69,34.53,63.24
4569,-0.00195,-0.06030,1.01074,0.01438,-0.00706,-1.65183,18.69,34.53,63.24
4570,0.02246,-0.05933,1.03857,-0.03143,-0.01052,-1.46181,20.63,32.89,63.84
4571,-0.01636,-0.03833,1.00439,0.01345,-0.00719,-1.27512,20.03,34.24,64.28
4572,-0.01904,-0.00513,0.99487,0.02290,-0.00892,-1.24236,19.14,33.19,63.09
4573,-0.01611,-0.01782,1.02808,0.02091,-0.01704,-1.31520,21.08,32.89,63.84
4574,-0.00024,0.06323,1.06421,0.02290,-0.02184,-1.37353,21.08,32.89,63.84
4575,-0.03516,-0.03223,0.98682,0.02264,-0.00892,-1.43691,23.62,33.19,62.64
4576,0.00244,-0.03101,1.02173,0.00972,-0.00040,-1.50975,23.02,31.84,64.73
4577,-0.00342,-0.05005,0.99609,0.00626,0.00719,-1.45009,22.42,32.14,61.59
4578,0.03345,-0.03711,1.01343,0.01225,-0.00919,-1.33797,22.87,29.45,63.39
4579,0.00659,-0.06592,1.02979,0.02996,-0.01798,-1.24889,22.87,29.45,63.39
4580,0.00073,-0.02856,1.01343,-0.00812,-0.00985,-1.14183,24.07,31.10,63.54
4581,0.00220,-0.05688,1.02051,0.00306,-0.00080,-0.99349,24.07,28.85,61.74
4582,0.00757,-0.00586,1.03979,0.02770,-0.02184,-0.97432,25.71,29.45,63.39
4583,-0.02246,-0.06299,1.00708,-0.00666,-0.00519,-0.91000,25.71,29.45,63.39
4584,-0.01538,-0.00293,1.01392,0.01252,-0.01957,-0.93677,24.52,28.55,62.94
4585,-0.01294,0.02295,1.01782,0.01678,-0.01039,-1.12838,26.46,27.51,63.09
4586,-0.01514,-0.05005,0.98877,0.01292,-0.00253,-1.23011,25.56,26.91,62.49
4587,0.06641,-0.04419,1.12476,0.06938,-0.00759,-0.79482,27.66,27.51,63.84
4588,0.00537,-0.00879,1.02734,0.05033,-0.02463,-1.01906,27.66,27.51,63.84
4589,-0.02051,-0.05713,1.01587,-0.01039,-0.00253,-0.89669,26.76,25.41,63.24
4590,-0.02588,-0.02954,0.99927,-0.01784,-0.00652,-0.77591,28.70,27.21,62.34
4591,-0.01416,-0.04614,1.00977,0.00186,-0.00293,-0.70853,27.21,26.01,63.09
4592,-0.00586,-0.08276,1.01074,0.00533,-0.01385,-0.57684,27.21,26.01,63.09
4593,-0.00659,-0.06348,1.01172,-0.00240,-0.00945,-0.49655,26.91,24.07,61.29
4594,-0.01685,-0.04517,1.01636,0.00812,-0.00679,-0.42584,27.81,24.37,63.24
4595,-0.00488,-0.03638,1.00659,0.01012,-0.01411,-0.51066,27.96,24.82,62.34
4596,-0.00317,0.01245,1.01147,0.02237,-0.01878,-0.65407,26.91,23.32,61.59
4597,-0.00269,0.04932,1.01758,0.01185,-0.01411,-0.83117,26.91,23.32,61.59
4598,0.00171,0.01465,1.01733,0.02490,-0.01305,-0.90241,29.15,24.52,61.59
4599,-0.03369,0.00610,1.00342,0.00373,-0.00200,-0.95568,30.05,23.47,62.94
4600,-0.08789,-0.06519,0.97583,-0.02064,0.00160,-1.09949,28.11,25.41,62.49
4601,0.02124,-0.11548,1.01538,-0.01931,0.00626,-0.85714,28.11,25.41,62.49
4602,-0.00562,-0.10059,1.00903,-0.01185,-0.00200,-0.68124,28.70,23.77,62.04
4603,-0.00659,-0.06885,1.01123,0.01451,-0.00639,-0.56672,30.35,22.42,63.24
4604,-0.01392,-0.05713,1.01416,-0.00053,-0.00533,-0.54036,29.60,23.17,62.19
4605,0.00000,-0.05396,1.01123,-0.00626,-0.00373,-0.49748,31.39,23.17,63.54
4606,0.00537,-0.05762,1.03223,-0.00173,-0.00892,-0.45806,31.39,23.17,63.54
4607,-0.02295,0.00488,1.00513,0.00852,-0.00666,-0.45966,29.30,21.98,62.94
4608,-0.04077,0.04248,1.01172,0.00186,-0.00999,-0.67058,31.69,21.08,61.29
4609,0.00757,-0.06348,1.01196,0.00213,0.00213,-0.67325,30.35,21.23,61.74
4610,-0.01587,-0.03491,1.01294,0.00399,-0.00852,-0.58217,29.45,21.83,62.34
4611,-0.02686,-0.02979,1.02026,0.02104,-0.01678,-0.66140,29.45,21.83,62.34
4612,-0.01831,-0.03760,1.01978,0.02117,-0.01012,-0.69122,30.35,22.42,62.94
4613,0.00000,-0.06079,1.01270,0.00959,-0.00613,-0.63037,31.69,21.08,62.34
4614,0.01563,-0.04932,1.01587,0.01478,-0.01411,-0.51386,30.95,19.58,62.34
4615,-0.00293,-0.02393,1.01025,0.02290,-0.01758,-0.54289,30.95,19.58,62.34
4616,-0.01587,-0.00903,1.01880,0.02104,-0.01878,-0.56486,31.39,19.29,61.74
4617,-0.01758,-0.02734,1.01514,0.01824,-0.01704,-0.56126,31.39,19.73,61.44
4618,-0.01660,-0.02271,1.01587,0.02850,-0.02264,-0.57764,31.84,20.03,62.49
4619,-0.01172,-0.02808,0.99463,0.01358,-0.00759,-0.59335,31.99,19.14,62.34
4620,0.17529,-0.20239,0.91162,-0.03848,0.03369,0.06218,31.99,19.14,62.34
4621,-0.01831,-0.05273,1.01416,-0.03875,0.00413,-0.02783,33.49,18.84,62.64
4622,-0.06519,0.10767,1.01514,0.06432,-0.03023,-0.58350,31.99,19.14,62.64
4623,0.04150,-0.11401,0.98706,-0.00826,0.05127,-0.70254,32.44,19.14,60.85
4624,-0.02881,0.00952,1.03882,0.07084,-0.02157,-0.75061,32.44,19.14,60.85
4625,-0.01123,-0.02563,1.01416,0.00732,-0.01305,-0.68696,31.99,18.84,61.59
4626,0.03418,-0.07104,1.00903,0.00280,-0.00040,-0.49428,31.39,19.29,63.24
4627,-0.03516,0.23901,1.07031,-0.01025,-0.01465,0.12570,33.34,18.54,63.24
4628,-0.01343,0.00415,1.00024,-0.00706,-0.00186,-0.00546,32.59,18.54,61.74
4629,-0.03809,0.08691,1.02026,0.00959,-0.01425,-0.41785,32.59,18.54,61.74
4630,-0.01904,-0.02344,0.99878,0.00786,-0.00439,-0.49495,33.19,19.14,60.85
4631,-0.00928,-0.03784,1.03101,0.01198,-0.01505,-0.44382,32.89,17.79,61.74
4632,-0.02148,0.00854,1.01440,0.00879,0.00320,-0.44661,32.74,18.39,63.39
4633,-0.00684,-0.03662,1.01978,0.02037,-0.00959,-0.52837,32.74,18.39,63.39
4634,-0.04639,-0.01636,1.00317,0.01438,-0.00852,-0.53663,32.44,18.84,62.04
4635,0.01221,-0.06592,1.01904,0.02663,-0.00479,-0.60494,34.24,17.64,60.55
4636,0.23682,-0.13208,1.04956,0.06511,-0.01172,-0.07603,34.38,17.79,62.94
4637,-0.01758,-0.02954,1.00488,-0.00253,0.00559,-0.00945,34.38,16.30,61.44
4638,-0.00195,-0.02588,1.01782,0.00133,-0.00293,-0.02663,34.38,16.30,61.44
4639,-0.05518,0.01172,1.01782,0.00959,0.00000,-0.13569,33.64,17.04,61.74
4640,-0.02271,0.03345,1.01880,0.01358,-0.00546,-0.46738,32.89,17.04,62.19
4641,-0.02368,0.01465,1.02319,0.01252,-0.01411,-0.75194,32.44,17.64,60.55
4642,-0.03442,-0.02881,1.03613,0.02983,-0.01957,-0.93251,32.44,17.64,60.55
4643,0.01831,-0.06348,1.01343,0.02929,-0.01851,-0.99589,32.44,17.64,60.55
4644,0.03931,0.02319,0.99512,0.01158,-0.00213,-0.44608,34.38,15.55,60.40
4645,-0.04687,-0.12476,1.02173,0.00266,-0.00120,-0.44941,33.79,16.15,61.59
4646,-0.07446,-0.04272,0.99561,0.01438,-0.00706,-0.59535,33.79,16.15,61.59
4647,0.00781,-0.02441,1.02319,0.01811,-0.01345,-0.44035,33.79,16.15,61.59
4648,0.03955,-0.05273,1.05737,0.06432,-0.03902,-0.28669,33.19,14.65,60.85
4649,-0.08179,-0.00122,0.99414,0.01172,-0.01172,-0.51892,34.09,14.35,61.44
4650,-0.00073,-0.06226,1.00391,0.02064,-0.01385,-0.59069,33.64,13.60,61.15
4651,-0.04077,-0.05371,1.01636,0.01332,-0.01558,-0.60187,33.64,13.60,61.15
4652,-0.01416,-0.01440,1.01587,0.01811,-0.02104,-0.78470,33.34,14.35,60.40
4653,0.00342,-0.00562,1.01050,0.00652,-0.01105,-0.79522,35.88,13.31,61.74
4654,0.00391,-0.00415,1.01343,0.01798,-0.01398,-1.10668,34.83,13.60,61.15
4655,0.01758,0.05127,1.01221,0.02077,-0.01531,-1.25408,34.83,13.60,61.15
4656,-0.01440,-0.03442,1.01611,0.02543,-0.01957,-1.39843,34.38,13.31,61.44
4657,-0.03442,0.03687,1.01245,0.01571,-0.02131,-1.41600,34.83,11.36,61.74
4658,-0.00537,0.01465,1.01001,0.01385,-0.01638,-1.39297,35.88,11.66,62.94
4659,-0.00244,-0.03198,1.01733,0.02037,-0.01332,-1.55182,34.53,11.96,60.85
4660,0.00513,0.00586,1.01514,0.01638,-0.01944,-1.53438,34.53,11.96,60.85
4661,0.00073,-0.06128,1.00830,0.00280,-0.01398,-1.61441,36.18,9.12,62.19
4662,0.05005,0.07910,1.03052,-0.01358,-0.02117,-2.00936,36.78,8.07,60.85
4663,0.06738,-0.06934,1.01880,0.02011,-0.02716,-1.77979,34.53,10.47,61.59
4664,0.04687,-0.01685,1.02393,0.01505,-0.01638,-1.94797,34.53,10.47,61.59
4665,-0.02344,0.05151,1.00854,0.01092,-0.01518,-1.84597,35.13,7.92,61.74
4666,0.00928,-0.03369,0.98535,0.01811,-0.01971,-1.84664,36.18,5.98,60.40
4667,-0.00342,-0.05151,1.00244,0.01731,-0.01997,-1.64597,35.13,5.68,59.95
4668,0.02222,-0.00610,1.01733,0.01185,-0.01145,-1.50029,37.38,4.19,60.70
4669,0.01221,-0.11426,1.02515,0.00972,-0.01385,-1.37978,37.38,4.19,60.70
4670,0.01318,-0.02100,1.01880,0.01225,-0.01931,-1.22439,36.03,4.34,61.29
4671,-0.02051,-0.02612,1.00879,-0.00959,-0.00253,-1.13065,36.63,3.29,61.15
4672,0.01025,-0.00586,1.00928,0.00253,-0.00479,-1.13704,36.63,2.99,61.74
4673,-0.00903,-0.00415,1.00879,0.00666,-0.01518,-1.15049,36.48,3.14,60.55
4674,0.01245,-0.00439,1.01147,0.00306,-0.01704,-1.61001,36.48,3.14,60.55
4675,-0.02588,0.00635,1.01758,-0.00093,-0.01052,-1.59776,36.93,1.05,62.19
4676,0.00562,-0.00562,1.02783,0.01851,-0.00746,-1.77966,37.38,1.05,61.74
4677,0.01733,-0.07910,1.03052,0.00399,-0.01039,-1.77007,37.38,0.30,60.40
4678,-0.00244,-0.02808,1.00439,0.01664,-0.01105,-1.56900,37.38,0.30,60.40
4679,0.00366,-0.08960,1.03589,0.01971,-0.01931,-1.55822,35.13,-1.50,61.74
4680,0.02246,-0.09009,1.02368,0.01372,-0.01425,-1.50003,35.43,-1.05,59.65
4681,0.01855,0.00024,1.01489,0.01158,-0.01744,-1.47779,36.48,-1.20,62.04
4682,-0.00537,-0.02222,1.01196,0.00213,-0.01052,-1.41600,35.13,-2.99,60.40
4683,0.00586,-0.02344,1.02832,0.01891,-0.01518,-1.66061,35.13,-2.99,60.40
4684,0.00854,0.01318,1.01245,0.01744,-0.01451,-1.89178,37.08,-6.28,61.29
4685,0.00098,0.02954,1.02979,0.02863,-0.00985,-1.94544,36.18,-5.23,61.74
4686,0.00000,0.01831,1.02759,0.01838,-0.01358,-2.08179,34.24,-7.03,61.59
4687,-0.00757,0.03613,0.97461,0.00666,-0.00160,-2.18992,34.24,-7.03,61.59
4688,-0.02710,-0.04199,1.00415,0.01039,-0.01651,-2.31722,35.43,-7.18,61.44
4689,0.03320,0.02417,1.02930,0.02637,-0.01185,-2.29152,35.43,-8.67,60.40
4690,-0.02905,0.00977,0.99048,0.01531,-0.00479,-2.38127,34.09,-9.87,61.74
4691,0.00195,-0.11328,0.98315,0.00812,-0.00399,-2.27208,34.38,-10.17,61.15
4692,0.02783,-0.04541,1.04883,0.01252,-0.00186,-2.04997,34.38,-10.17,61.15
4693,-0.03174,-0.02344,1.01807,0.03089,-0.01771,-2.01228,35.73,-12.71,62.04
4694,-0.03174,-0.01074,1.01978,-0.01904,0.02157,-2.21069,33.19,-11.51,59.80
4695,-0.03979,-0.00073,0.96753,0.00360,0.01039,-2.27168,34.24,-13.01,60.25
4696,0.08960,-0.09351,1.12891,0.01651,-0.02357,-1.99870,34.24,-13.01,60.25
4697,0.07642,-0.12622,1.06470,0.05886,-0.02810,-1.60003,34.09,-14.35,58.90
4698,-0.14209,-0.14355,0.89893,-0.00040,0.00466,-1.30601,33.49,-13.45,60.55
4699,-0.05249,-0.14917,1.05493,0.03862,-0.03542,-0.84023,33.34,-16.30,61.74
4700,0.00586,0.25342,1.02148,0.02650,-0.01332,-1.61907,33.79,-15.40,60.55
4701,0.10205,0.19482,1.04272,0.04061,-0.02637,-1.86328,33.79,-15.40,60.55
4702,0.03979,0.08667,0.89087,0.03715,-0.00067,-2.03572,31.99,-16.44,61.59
4703,0.00830,0.02637,0.92725,0.00306,-0.00067,-1.79177,30.50,-16.89,61.29
4704,0.00952,-0.12109,1.03296,0.01198,-0.01238,-1.49084,31.69,-18.39,61.59
4705,-0.00659,-0.02197,0.99927,0.00692,-0.00573,-1.30641,31.84,-18.24,60.40
4706,-0.00903,-0.04810,1.03101,0.01438,-0.01838,-1.07925,31.84,-18.24,60.40
4707,0.00342,-0.12256,0.97241,0.01132,-0.00253,-1.11680,30.35,-19.73,59.95
4708,-0.00342,-0.09253,1.01563,0.00333,-0.00466,-0.84023,30.80,-19.73,61.15
4709,0.00488,0.02319,1.03320,0.00426,-0.00413,-0.86553,30.80,-21.23,60.40
4710,-0.00879,0.01636,1.00732,0.01278,-0.00905,-1.06020,30.80,-21.23,60.40
4711,0.03735,0.07935,1.01440,0.00772,-0.00879,-1.19896,30.95,-20.63,60.55
4712,0.03174,0.00366,1.02808,0.01611,-0.01451,-1.25328,30.05,-19.73,60.40
4713,0.01099,-0.12842,1.04541,0.01518,-0.01957,-1.11839,30.35,-20.93,61.15
4714,-0.03198,0.06982,1.02319,0.00293,-0.00706,-1.08670,28.85,-22.72,60.40
4715,-0.01880,-0.03101,1.01758,0.00905,-0.01518,-1.27525,28.85,-22.72,60.40
4716,-0.01074,-0.03198,1.00293,0.00812,-0.01744,-1.08750,29.30,-24.37,59.95
4717,-0.02148,-0.03857,0.89746,0.06032,-0.05020,-1.20015,28.85,-23.17,61.15
4718,0.02563,0.06006,1.08496,0.06045,-0.05206,-1.53265,27.66,-23.77,59.50
4719,0.00122,0.06812,0.99878,0.02583,-0.01518,-1.62413,27.66,-23.77,59.50
4720,0.01758,-0.03223,0.99951,0.01545,-0.01678,-1.76927,28.11,-24.67,59.65
4721,0.01782,0.04150,1.03271,0.03222,-0.03063,-1.64783,28.55,-25.12,61.15
4722,0.00708,0.00269,1.01440,0.00812,-0.02597,-1.89764,26.31,-25.41,62.19
4723,0.01465,0.02734,0.97485,0.03688,-0.02530,-1.99231,25.71,-25.27,60.55
4724,-0.00830,-0.05347,1.03369,0.01318,-0.02903,-1.94810,25.71,-25.27,60.55
4725,0.04102,-0.17212,1.07446,0.03089,-0.03196,-1.73811,25.56,-26.91,59.95
4726,-0.03662,-0.08813,1.01587,0.02743,-0.02370,-1.50895,23.62,-26.46,60.25
4727,0.02002,0.00684,1.00586,0.01292,-0.00892,-1.26127,24.37,-27.21,59.80
4728,-0.09033,-0.01050,1.02612,-0.01465,0.00799,-1.19603,24.37,-27.21,59.80
4729,-0.04834,-0.01343,0.98779,-0.00320,-0.00892,-1.15102,23.62,-28.26,59.80
4730,0.02319,-0.06006,1.02661,0.01132,-0.01651,-1.04090,22.72,-29.30,59.95
4731,-0.00879,-0.05127,1.01782,0.00879,-0.00812,-0.85434,23.92,-28.26,60.55
4732,-0.02319,-0.09155,1.00781,-0.00067,-0.00959,-0.64662,23.47,-28.85,59.95
4733,-0.02539,0.00928,1.01953,0.00905,-0.01238,-0.58097,23.47,-28.85,59.95
4734,-0.00903,-0.04028,1.01343,0.00999,-0.01798,-0.56965,23.62,-27.96,60.25
4735,0.00049,-0.08594,1.02026,0.01225,-0.02051,-0.54169,22.72,-29.30,60.70
4736,-0.00684,-0.00049,1.00659,0.00240,-0.00919,-0.44328,21.53,-27.66,62.19
4737,0.00415,-0.03906,1.01343,0.01039,-0.01518,-0.49708,21.53,-27.66,62.19
4738,0.00391,-0.00757,1.01196,0.00999,-0.01491,-0.42930,21.98,-28.85,60.70
4739,-0.00439,0.03223,1.00586,0.00639,-0.01292,-0.56712,23.02,-29.30,60.70
4740,0.00000,0.00586,1.00269,-0.00160,-0.01039,-0.70521,21.68,-30.20,62.04
4741,-0.00537,-0.02563,1.02490,0.00266,-0.01305,-0.69122,21.23,-29.30,60.70
4742,-0.00659,0.02173,1.00684,0.00706,-0.01465,-0.71186,21.23,-29.30,60.70
4743,-0.02246,-0.00122,1.02124,0.01318,-0.00905,-0.93211,20.63,-30.95,61.29
4744,-0.01685,-0.03345,1.02002,0.01571,-0.01345,-0.90800,21.08,-30.20,60.85
4745,-0.02002,-0.00732,1.02222,0.01411,-0.01345,-0.82638,21.08,-31.69,61.29
4746,0.00879,-0.04712,1.00854,0.01132,-0.01917,-0.91480,19.73,-30.80,61.44
4747,0.00952,-0.02393,1.02979,0.00493,-0.00719,-0.83490,19.73,-30.80,61.44
4748,-0.05884,0.02026,0.99487,-0.00919,0.00173,-0.81346,20.33,-29.75,61.59
4749,0.03735,0.00806,1.03906,0.00919,-0.00985,-0.86872,20.63,-30.95,61.29
4750,-0.01172,0.02051,1.02759,-0.02184,0.00306,-0.87631,19.43,-30.05,61.15
4751,-0.06421,-0.00342,1.02026,-0.00586,-0.00266,-1.01546,19.43,-30.05,61.15
4752,0.11182,-0.18457,1.00171,-0.01025,-0.00506,-1.02452,19.43,-32.74,61.15
4753,0.00659,-0.03979,1.00366,-0.01185,0.00679,-0.62930,17.64,-32.44,61.29
4754,-0.01733,-0.04297,1.00854,-0.00546,-0.00413,-0.70307,18.99,-31.10,61.15
4755,-0.02295,-0.00879,1.02563,-0.00120,-0.00839,-0.67777,18.24,-33.04,61.74
4756,0.01001,-0.05029,1.02319,0.00146,-0.00759,-0.59309,18.24,-33.04,61.74
4757,0.03955,-0.05029,1.02979,-0.01438,-0.00080,-0.52731,17.94,-31.54,59.35
4758,0.01563,-0.06299,1.02197,-0.03209,0.00386,-0.46885,17.94,-32.74,61.44
4759,0.03906,-0.04395,1.02002,-0.00879,0.00399,-0.47950,16.00,-32.74,59.65
4760,0.00073,-0.03467,1.00586,-0.00506,-0.00067,-0.47977,16.00,-32.74,59.65
4761,-0.01904,-0.02295,1.01733,-0.01252,-0.00027,-0.49814,16.59,-33.64,60.55
4762,-0.01245,-0.01807,1.00317,-0.01385,0.00426,-0.47191,16.30,-34.38,60.85
4763,-0.00220,-0.00928,1.01636,-0.00546,0.00027,-0.45127,16.59,-32.89,60.25
4764,0.00586,-0.09155,0.97217,-0.00599,-0.00173,-0.52091,15.70,-31.84,60.40
4765,-0.01587,-0.00708,1.00537,-0.00133,-0.00439,-0.39015,15.70,-31.84,60.40
4766,0.02856,-0.11450,1.03247,-0.00599,-0.00826,-0.49854,16.74,-33.79,59.95
4767,-0.00439,-0.01782,1.00952,0.00732,-0.01904,-0.47950,15.70,-34.24,61.15
4768,-0.03467,0.01465,0.99390,0.00386,-0.01438,-0.55780,15.55,-33.94,61.59
4769,0.01025,-0.03662,1.03516,0.01372,-0.00639,-0.60334,15.55,-33.94,61.59
4770,-0.00366,-0.00562,0.99829,0.01704,-0.00879,-0.73011,14.20,-33.79,61.74
4771,0.01880,-0.02710,1.00049,-0.00306,-0.00692,-0.61785,14.35,-34.38,59.80
4772,0.04175,-0.09790,1.00903,0.00972,-0.00373,-0.65674,15.55,-31.69,61.29
4773,-0.08447,0.06494,0.99634,-0.00945,-0.00200,-0.62291,13.45,-34.24,59.65
4774,-0.00708,-0.04492,1.03149,0.00186,-0.00333,-0.67485,13.45,-34.24,59.65
4775,-0.09253,0.08813,0.99878,0.02290,-0.00852,-0.77751,14.35,-34.38,60.55
4776,-0.04053,0.03589,1.01318,-0.00852,-0.01145,-0.58004,13.01,-34.83,59.80
4777,0.01074,-0.02979,1.01440,0.01625,-0.00719,-0.90002,13.90,-34.24,61.15
4778,-0.05371,0.12061,0.99194,0.00559,-0.00386,-0.80441,13.60,-33.94,60.55
4779,0.01978,-0.11841,0.98486,0.01158,-0.00626,-0.95008,13.60,-33.94,60.55
4780,0.02100,-0.00903,1.03613,0.03276,-0.01585,-0.89695,14.05,-34.83,60.25
4781,0.04199,-0.13892,0.99316,-0.01145,-0.00093,-0.85155,13.01,-35.13,59.50
4782,0.02100,-0.04687,1.01367,0.02037,-0.01611,-0.76486,12.41,-35.73,61.15
4783,-0.05127,0.03662,1.01440,-0.01891,-0.01585,-0.41186,12.41,-35.73,61.15
4784,0.01831,-0.04907,1.00464,0.02929,-0.01305,-0.73277,11.36,-35.28,60.40
4785,0.00537,-0.07690,0.98071,-0.02743,-0.00120,-0.57151,11.06,-36.33,60.25
4786,-0.00146,-0.02393,1.01953,0.01838,-0.01558,-0.72105,10.02,-35.58,60.55
4787,-0.05981,0.06665,1.00269,0.00826,-0.01198,-0.57045,10.91,-36.03,61.15
4788,-0.02710,0.02246,1.01123,0.02743,-0.01305,-0.76619,10.91,-36.03,61.15
4789,-0.10034,0.11914,1.00854,0.02490,-0.01611,-0.74608,11.66,-35.73,59.95
4790,0.00781,-0.12109,1.00854,-0.01704,-0.00346,-0.78790,10.61,-34.98,59.95
4791,0.05981,-0.11475,1.02222,0.03529,-0.02796,-1.00068,10.91,-35.73,59.65
4792,0.06641,-0.19995,1.03247,-0.04368,-0.00200,-0.89722,10.91,-35.73,59.65
4793,0.00146,-0.04028,1.02368,0.03276,-0.01957,-0.93344,8.67,-35.28,59.65
4794,0.03101,-0.13452,0.97144,-0.03143,-0.00186,-0.72957,10.02,-35.88,60.85
4795,0.00439,-0.04224,0.99878,0.01531,-0.00666,-0.88124,9.12,-36.48,60.70
4796,-0.00903,-0.05273,0.99438,0.01798,-0.00959,-1.01746,8.97,-36.33,60.55
4797,-0.05811,0.03369,0.89062,-0.07297,0.01465,-1.04489,8.97,-36.33,60.55
4798,-0.05298,-0.00342,1.02808,0.01984,-0.02690,-1.56967,6.28,-36.33,61.59
4799,0.42627,-0.29883,1.06128,-0.00546,-0.04914,-1.71268,8.67,-36.48,60.40
4800,0.01294,0.00684,1.02563,0.00053,-0.00812,-1.14929,8.22,-37.08,60.85
4801,0.19092,-0.14185,1.08008,0.02477,-0.04607,-1.33211,8.22,-37.08,60.85
4802,-0.01758,-0.02124,1.00586,0.01105,-0.01079,-1.12758,8.22,-36.63,61.59
4803,0.00903,-0.02686,1.01587,0.00546,-0.00732,-0.99416,6.13,-37.67,59.65
4804,0.04883,-0.04443,1.03613,-0.02184,-0.00133,-0.76925,5.23,-37.82,59.05
4805,0.00342,-0.01001,1.01172,0.00466,-0.00240,-0.83890,6.58,-37.23,61.44
4806,0.02124,-0.02783,1.01855,0.01678,-0.00839,-0.81679,6.58,-37.23,61.44
4807,0.00366,-0.01855,1.01123,0.01478,-0.01172,-0.72531,5.08,-37.97,61.44
4808,-0.03613,-0.01221,1.01123,0.00999,0.00053,-0.76486,3.89,-36.93,61.74
4809,0.01587,0.00000,1.02539,0.01784,-0.01145,-0.72917,4.19,-37.38,60.25
4810,-0.01343,-0.02148,1.01611,0.00932,-0.00919,-0.67138,4.19,-37.38,60.25
4811,0.00684,-0.02808,1.01245,-0.00120,-0.01212,-0.57498,2.84,-37.67,61.74
4812,0.00513,-0.03296,1.00635,-0.00067,-0.00200,-0.45260,2.24,-38.57,60.85
4813,0.01880,-0.03442,1.01489,0.00067,-0.00426,-0.33423,3.74,-38.12,60.25
4814,-0.00659,-0.02197,1.01343,-0.00293,-0.00732,-0.20466,3.44,-37.82,59.80
4815,-0.00488,-0.02734,1.01245,-0.00306,-0.00533,-0.15992,3.44,-37.82,59.80
4816,-0.00586,-0.02148,1.01294,-0.00399,-0.00732,-0.13063,2.99,-37.38,60.85
4817,-0.01855,-0.00757,1.01392,-0.00067,-0.00546,-0.17124,2.54,-37.67,61.44
4818,0.00195,-0.04980,1.00464,-0.02543,-0.00253,-0.25540,3.74,-38.12,60.85
4819,-0.03394,0.00830,1.00366,-0.00173,-0.00599,-0.43729,2.09,-38.42,61.15
4820,-0.00806,-0.01831,1.01685,0.00426,-0.00999,-0.55926,2.09,-38.42,61.15
4821,0.00684,0.00146,1.01831,0.00200,-0.00985,-0.53942,3.29,-37.67,61.15
4822,-0.01172,-0.01318,1.00830,0.00439,-0.00067,-0.48576,2.99,-39.02,60.85
4823,0.00220,-0.02930,1.02222,0.00812,-0.00439,-0.41013,3.44,-37.08,59.80
4824,-0.00610,-0.03418,1.00903,-0.00013,-0.00240,-0.27444,3.44,-37.08,59.80
4825,0.01709,-0.04907,1.01929,-0.00493,-0.00812,-0.16432,2.69,-38.12,60.85
4826,0.00122,-0.03442,1.01489,-0.00666,-0.00399,-0.05087,1.64,-38.57,61.59
4827,-0.01001,-0.01880,1.00903,-0.00266,-0.00919,0.00266,2.24,-38.57,61.59
4828,-0.00806,-0.02051,1.01221,-0.00040,-0.00613,0.00772,1.64,-38.57,60.25
4829,-0.01367,-0.08716,1.01343,-0.01092,-0.00280,0.07217,1.64,-38.57,60.25
4830,-0.02441,-0.11426,1.01196,-0.02650,0.00053,0.40840,0.90,-38.12,60.55
4831,-0.02905,-0.03638,1.01025,-0.02197,-0.00373,0.58217,1.94,-37.38,60.85
4832,0.01611,-0.03003,1.02905,-0.01451,-0.00320,0.65207,1.05,-39.47,61.44
4833,0.00244,-0.15991,1.01489,-0.03222,0.00093,0.80987,1.05,-39.47,61.44
4834,0.00317,-0.03931,1.01782,-0.03808,0.00053,0.99829,3.29,-38.42,61.15
4835,-0.00171,-0.04028,1.04126,-0.00439,-0.01012,1.19989,1.94,-37.82,61.59
4836,0.00562,-0.02490,1.00562,-0.01198,-0.00479,1.29390,3.44,-38.12,61.29
4837,0.03394,-0.04053,1.01416,-0.02131,-0.00479,1.39989,4.63,-37.67,59.95
4838,-0.00586,-0.07520,0.99219,-0.03089,-0.00972,1.54557,4.63,-37.67,59.95
4839,0.00562,-0.02881,0.99805,-0.02410,-0.01731,1.74078,5.23,-37.38,61.59
4840,-0.01001,-0.06128,0.98682,-0.03409,0.00093,1.78512,3.89,-37.67,61.15
4841,0.00610,-0.04517,0.98242,-0.03502,-0.00107,1.85769,5.68,-37.08,60.55
4842,0.02710,0.03149,1.00269,-0.01012,-0.00320,1.78205,5.68,-37.08,60.55
4843,0.03247,0.03662,1.02124,-0.00346,-0.00759,1.70629,7.62,-37.23,61.74
4844,-0.00269,-0.01685,0.99805,-0.02250,-0.00746,1.61148,8.22,-35.58,60.55
4845,-0.00269,0.01929,1.03369,-0.01265,-0.01558,1.55196,9.27,-37.08,59.05
4846,0.02539,-0.04687,1.00098,-0.02903,0.00493,1.36514,10.76,-36.33,60.25
4847,0.00537,0.06250,1.02563,-0.02117,-0.00919,1.37566,10.76,-36.33,60.25
4848,-0.01978,-0.04028,1.00659,-0.03462,-0.01425,1.36860,9.72,-36.63,61.29
4849,-0.01074,-0.00513,1.01709,-0.01332,-0.00479,1.52546,9.42,-36.48,60.70
4850,0.00781,0.00220,1.02759,-0.01771,-0.01332,1.60455,10.91,-36.03,59.65
4851,-0.02344,-0.02002,1.01123,-0.00320,-0.01398,1.63931,10.91,-36.03,59.65
4852,0.00317,-0.02490,1.01709,-0.01158,-0.00892,1.71081,11.81,-35.88,61.59
4853,0.02246,-0.00659,1.03296,-0.00599,-0.00479,1.69816,11.96,-34.53,59.35
4854,0.00708,0.00977,1.02026,-0.00852,-0.00439,1.59257,13.01,-36.63,59.80
4855,0.00171,0.02100,1.01831,0.00213,-0.01318,1.43012,13.01,-36.63,59.80
4856,-0.02173,-0.02100,1.01025,-0.00639,-0.00493,1.32639,13.01,-36.63,59.80
4857,-0.00757,-0.01245,1.00806,-0.00706,-0.00573,1.20814,15.10,-33.64,60.55
4858,-0.00757,-0.02026,1.03125,-0.00919,-0.00759,1.20801,14.95,-32.74,59.95
4859,-0.01929,0.01318,1.01074,0.00293,-0.00226,1.13491,16.30,-33.64,59.80
4860,-0.01392,-0.01392,1.02100,0.00852,-0.00959,1.13238,16.30,-33.64,59.80
4861,0.02612,0.05396,1.01880,0.00360,-0.01451,1.10841,16.74,-33.49,59.95
4862,0.00415,-0.01880,1.01440,0.00226,-0.00479,1.07179,17.19,-33.04,59.35
4863,-0.00269,-0.01245,1.01025,-0.00133,-0.01065,1.11813,19.14,-31.69,60.85
4864,0.00269,-0.01074,1.01978,0.00093,-0.00639,1.12838,19.14,-31.69,60.85
4865,0.01147,-0.01074,1.01709,-0.00759,-0.00226,1.16886,19.14,-31.39,59.80
4866,0.00391,-0.02466,1.01611,0.00466,-0.01851,1.00375,18.99,-32.29,59.35
4867,0.02148,0.03589,1.02295,-0.00586,-0.01012,0.65620,18.39,-32.14,59.05
4868,-0.01025,0.00000,1.01685,0.01545,-0.00719,0.42637,19.14,-32.44,59.80
4869,-0.00757,-0.01196,1.01318,0.02397,-0.01305,0.25700,19.14,-32.44,59.80
4870,-0.00610,-0.02710,1.02368,0.02157,-0.01105,0.26232,18.39,-32.14,60.85
4871,-0.01221,0.00146,1.01367,0.01731,-0.01132,0.45540,19.58,-32.44,59.80
4872,-0.00879,-0.02856,1.01636,0.01811,-0.00626,0.49468,18.99,-31.10,59.95
4873,0.01221,-0.07300,0.99805,0.01891,0.00000,0.49508,18.99,-31.10,59.95
4874,-0.05835,-0.10474,1.00122,-0.02503,0.00573,0.99522,20.03,-30.35,61.15
4875,0.00098,0.01563,1.00073,-0.00959,-0.00439,1.12452,19.88,-30.20,60.25
4876,-0.00684,-0.00195,1.02246,-0.00067,-0.00253,0.94129,20.63,-30.95,61.29
4877,0.01147,-0.04028,1.02173,0.00786,-0.00479,0.94342,20.33,-30.20,60.55
4878,-0.01343,-0.04761,1.00366,-0.02091,0.00426,1.02598,20.33,-30.20,60.55
4879,-0.00293,-0.00293,0.99585,-0.03023,0.00719,1.03850,21.53,-30.80,60.40
4880,-0.01733,-0.02832,1.02197,-0.00306,-0.01638,1.06233,20.78,-29.60,61.44
4881,-0.00488,-0.01343,1.05371,0.00027,-0.01358,1.08644,22.13,-29.45,60.55
4882,0.00928,-0.00488,1.01123,-0.03236,-0.00013,1.11959,22.13,-29.45,60.55
4883,-0.00464,-0.02759,1.00806,-0.02637,0.00107,1.36673,23.17,-27.51,58.75
4884,-0.00537,0.08350,1.03003,-0.01225,0.00333,1.35036,22.87,-29.00,60.55
4885,-0.02173,0.00757,0.99170,-0.01931,0.00080,1.23810,23.17,-29.00,58.75
4886,-0.01123,-0.03027,1.01025,-0.01944,0.00306,1.24623,22.87,-28.26,60.25
4887,-0.00952,-0.03418,1.02124,-0.00892,-0.00573,1.37100,22.87,-28.26,60.25
4888,-0.03369,-0.09351,1.00513,-0.00146,0.00120,1.58951,24.37,-28.26,59.80
4889,0.02319,-0.05054,1.00073,-0.02716,0.00146,1.58844,25.27,-26.91,58.90
4890,0.04980,0.06592,1.01831,-0.00666,-0.01039,1.32612,23.92,-26.46,59.05
4891,-0.02905,-0.08936,1.01929,-0.02184,0.00013,1.57566,25.12,-27.21,60.55
4892,0.00244,-0.00342,1.00488,-0.02344,0.00120,1.52985,25.12,-27.21,60.55
4893,-0.03198,-0.02710,1.00757,-0.02264,0.00373,1.47246,25.71,-24.82,60.55
4894,0.03442,0.06616,1.01392,-0.01425,0.00546,1.27619,27.81,-24.67,58.90
4895,0.03809,-0.04370,1.01123,-0.01039,0.00213,0.85381,26.46,-24.52,59.50
4896,-0.00220,-0.02734,1.00684,-0.01198,-0.00346,0.90228,26.46,-24.52,59.50
4897,-0.02441,-0.00098,1.01514,-0.00959,-0.00506,0.93224,27.06,-24.37,59.35
4898,-0.00488,-0.02661,1.02295,-0.00399,-0.00719,0.83756,28.40,-24.07,58.75
4899,0.01489,-0.00513,1.01880,-0.00399,-0.00959,0.76513,27.96,-24.07,59.80
4900,0.01245,-0.00830,1.02124,-0.00519,-0.00453,0.68816,28.40,-24.82,59.50
4901,-0.00610,-0.01367,1.01367,-0.00852,-0.01052,0.73876,28.40,-24.82,59.50
4902,0.00122,-0.00146,1.01416,-0.00586,-0.00293,0.60600,29.15,-23.02,59.50
4903,-0.00366,-0.02173,1.01050,-0.01105,-0.00386,0.52265,28.40,-22.57,60.25
4904,0.04663,0.04663,1.02344,0.05446,-0.03382,0.33130,29.75,-22.57,59.80
4905,0.01465,-0.00391,1.01685,-0.00786,-0.00253,0.41798,29.75,-22.57,59.80
4906,-0.01514,-0.02563,1.01685,0.00027,-0.00573,0.48217,30.35,-22.42,59.65
4907,0.01294,-0.01685,1.01660,0.00280,-0.00186,0.40254,28.70,-23.32,59.05
4908,-0.00537,-0.02637,1.01611,0.00093,-0.00799,0.34768,27.81,-23.17,59.65
4909,-0.00537,-0.01709,1.01489,0.00439,-0.00892,0.31798,28.85,-22.72,59.65
4910,-0.00684,-0.01929,1.01709,0.00346,-0.01025,0.36951,28.85,-22.72,59.65
4911,0.00098,-0.01685,1.01318,0.00399,-0.01252,0.21106,29.75,-22.57,60.25
4912,-0.00146,-0.02515,1.01172,0.00772,-0.00479,0.18576,29.45,-20.33,60.55
4913,-0.00244,-0.02368,1.01563,0.00746,-0.00759,0.11598,30.35,-22.42,59.65
4914,-0.00439,-0.01685,1.01538,0.00213,-0.01358,0.07111,30.35,-22.42,59.65
4915,0.00024,-0.02173,1.01660,0.00240,-0.00573,0.05167,28.85,-21.68,59.95
4916,-0.00879,-0.02515,1.00610,0.00226,-0.00972,0.03755,29.75,-21.38,59.50
4917,-0.00098,-0.02051,1.01563,0.01105,-0.00826,0.05353,28.55,-20.93,59.95
4918,-0.00317,-0.02344,1.01636,0.00879,-0.01238,0.02490,28.11,-21.23,59.35
4919,-0.00732,-0.02368,1.01538,0.00173,-0.00892,0.01198,28.11,-21.23,59.35
4920,0.00342,0.02026,1.01416,0.01065,-0.01012,0.04567,30.35,-21.98,60.40
4921,-0.00293,-0.03491,1.01514,0.00613,-0.01238,0.20586,28.40,-21.83,59.80
4922,-0.00269,-0.04175,1.02881,0.02131,-0.01571,0.40919,28.55,-20.48,61.44
4923,-0.00586,-0.02588,1.01514,0.00306,-0.01198,0.07883,28.55,-20.48,61.44
4924,0.00073,-0.02319,1.01196,0.00826,-0.00413,0.02264,29.30,-21.68,58.90
4925,-0.00195,-0.01147,1.00952,0.00373,-0.00826,0.01065,29.15,-21.38,58.45
4926,-0.00513,-0.01831,1.01392,-0.00652,-0.00812,0.01052,29.75,-21.83,58.45
4927,0.02197,-0.02539,1.01587,-0.00599,-0.00559,0.12623,29.60,-20.48,58.60
4928,-0.00562,-0.03149,1.01050,0.00479,-0.00213,0.29921,29.60,-20.48,58.60
4929,-0.00537,-0.02441,1.02686,0.02304,-0.01838,0.27923,31.10,-21.98,59.35
4930,0.00342,-0.06030,1.01440,-0.00346,-0.00599,0.36046,29.45,-21.83,58.75
4931,0.02222,-0.14502,1.02197,-0.01704,0.00346,0.66925,28.55,-20.48,59.65
4932,-0.03198,-0.11865,1.00903,-0.02503,-0.00027,1.08697,28.70,-19.88,59.50
4933,-0.01074,-0.02295,1.00513,-0.02423,0.00280,1.47899,28.70,-19.88,59.50
4934,-0.01221,-0.00537,1.01099,-0.03143,-0.00945,1.65449,29.30,-20.93,60.70
4935,-0.02100,0.04761,1.00757,-0.01265,-0.00067,1.70163,31.99,-19.88,59.05
4936,0.01758,-0.01611,1.00757,-0.01904,-0.00226,1.45648,31.99,-17.64,59.05
4937,0.01416,0.05444,1.01904,-0.00453,-0.00959,1.16899,31.99,-17.64,59.05
4938,-0.00732,0.00439,1.01221,-0.00799,-0.00293,0.63370,31.99,-17.64,58.45
4939,-0.00977,-0.06689,1.00903,-0.00879,-0.00546,0.67205,31.25,-16.89,60.55
4940,-0.01563,-0.10889,1.00928,-0.00866,-0.00200,0.70840,31.99,-17.64,59.80
4941,-0.00732,-0.08081,1.00977,0.00706,-0.00426,1.01227,31.39,-18.24,59.35
4942,0.00049,-0.06348,1.03003,-0.00945,-0.00985,1.30348,31.39,-18.24,59.35
4943,-0.00439,-0.02222,1.01538,-0.00506,-0.00812,1.64810,33.64,-15.85,59.65
4944,-0.03638,-0.02271,1.00537,-0.01571,-0.00293,1.85809,35.28,-15.40,60.25
4945,-0.02319,0.05371,0.99878,-0.02091,0.00506,1.61308,32.89,-15.55,58.90
4946,0.01660,-0.04517,1.02856,-0.00786,-0.00932,1.53838,32.89,-15.55,58.90
4947,0.01318,-0.03174,1.03687,-0.01505,0.00746,1.61667,34.53,-13.45,61.29
4948,-0.03516,0.00610,0.99902,-0.01997,0.00226,1.57752,33.64,-12.86,59.95
4949,-0.01514,0.02075,1.00586,-0.01518,0.00093,1.45102,33.79,-11.21,58.45
4950,0.02563,-0.02661,1.01685,0.00719,-0.01025,1.39816,34.09,-12.11,58.60
4951,0.01929,0.00781,0.99683,-0.02344,0.00093,1.38910,34.09,-12.11,58.60
4952,0.01660,0.05103,1.01196,-0.00932,-0.00160,1.64384,33.64,-10.91,59.65
4953,-0.04272,-0.02319,1.01245,-0.00959,-0.00240,1.72560,35.73,-9.27,59.05
4954,0.02271,-0.13208,1.00757,-0.02916,-0.00413,1.66994,34.83,-10.17,59.65
4955,0.00146,-0.06738,1.00391,-0.02530,-0.00559,1.87154,34.83,-10.17,59.65
4956,-0.01978,-0.00830,1.02612,-0.04953,0.01438,2.27940,35.28,-10.02,60.25
4957,-0.01733,-0.00195,1.02173,-0.01305,-0.00493,2.33905,36.03,-8.82,59.05
4958,-0.03149,0.00513,1.00293,-0.03662,0.01345,2.17753,34.53,-6.58,58.45
4959,0.00781,-0.01978,1.03174,-0.01079,-0.00399,1.46927,36.78,-7.03,60.25
4960,-0.01245,-0.02808,1.01025,-0.01598,-0.00333,1.29616,36.78,-7.03,60.25
4961,0.00342,0.01147,1.02148,-0.01212,-0.00186,1.31281,36.48,-6.28,58.75
4962,0.00146,-0.00244,1.01440,0.01092,0.00120,1.30868,36.78,-5.83,59.80
4963,0.00928,-0.03003,1.02002,-0.00320,-0.00905,1.30868,36.63,-4.49,58.90
4964,-0.00293,0.00830,1.02368,-0.00879,-0.00719,1.33305,35.73,-4.34,57.71
4965,0.02002,0.01416,1.02319,-0.00240,-0.00360,1.33464,35.88,-3.29,58.60
4966,-0.02295,-0.05981,1.00513,-0.01758,0.00320,1.31067,35.88,-2.24,59.95
4967,-0.00684,-0.05566,1.00830,-0.01838,0.00839,1.32133,37.52,-1.64,59.50
4968,0.00122,-0.05371,1.01343,-0.01465,-0.00706,1.33544,37.38,-2.54,59.65
4969,-0.01074,-0.06958,0.99170,-0.01505,0.00506,1.41880,37.38,-2.54,59.65
4970,-0.00562,0.03296,1.02539,-0.01598,-0.00107,1.38538,37.38,-1.05,59.35
4971,-0.00732,0.03613,1.02319,0.00399,-0.00746,1.22705,37.08,-1.20,58.01
4972,-0.02246,0.06152,1.00952,-0.00919,-0.00413,1.07858,35.43,-0.75,58.90
4973,0.01563,0.00488,1.01196,-0.00213,-0.00799,0.99908,37.08,2.09,58.75
4974,0.01294,-0.03369,1.01733,0.00213,-0.00919,0.94888,37.08,2.09,58.75
4975,0.01147,-0.00513,1.01392,0.00426,-0.00373,1.29416,36.18,0.30,59.35
4976,0.01416,-0.02930,1.00879,-0.00852,0.00333,1.51307,36.63,1.79,59.35
4977,0.00293,-0.02417,1.01294,-0.00533,-0.00040,1.56115,37.38,1.05,59.65
4978,-0.01489,-0.05005,1.00757,-0.01198,0.00280,1.66035,37.38,1.05,59.65
4979,0.00317,-0.06616,1.02368,-0.00706,-0.00892,1.86368,36.03,2.39,59.50
4980,-0.00244,-0.04419,1.01733,0.00626,0.00306,2.00523,35.73,3.14,57.71
4981,-0.05176,-0.06494,1.02319,-0.01225,-0.00266,1.82946,36.63,3.74,59.95
4982,-0.02612,-0.04663,1.00562,-0.01704,0.00120,2.01375,38.12,5.23,58.90
4983,-0.01563,-0.04541,1.01758,-0.01012,0.00013,1.99750,38.12,5.23,58.90
4984,-0.00146,-0.02271,1.01929,-0.02064,0.00306,1.78059,35.88,7.18,59.95
4985,-0.03467,-0.04907,1.01978,-0.00826,0.00879,1.78658,36.93,7.47,59.95
4986,0.03418,0.08521,1.02881,-0.01278,0.00226,1.61854,36.48,8.82,58.45
4987,-0.01489,-0.00757,1.02295,0.00453,-0.02011,1.50788,36.48,8.82,58.45
4988,0.01904,-0.01685,1.01318,0.00879,-0.01585,1.50162,36.48,9.57,59.05
4989,-0.00049,-0.05518,1.01660,0.01065,-0.00932,1.82054,36.63,9.42,58.60
4990,0.04150,-0.04272,1.02441,0.01691,-0.01771,2.37727,35.88,11.36,60.70
4991,-0.01904,-0.03931,1.01343,0.00133,-0.00719,2.73720,33.64,12.11,59.65
4992,0.14697,-0.07104,1.03516,0.01758,-0.01398,2.74772,33.64,12.11,59.65
4993,-0.04199,-0.02368,1.01782,0.01185,-0.00706,2.91816,35.13,14.35,58.60
4994,-0.02515,0.00757,0.99561,0.00746,0.00599,3.00524,34.83,14.80,59.35
4995,-0.01611,-0.00415,1.01660,-0.02743,0.00985,2.80564,34.38,15.85,58.60
4996,0.00659,-0.05054,1.01538,-0.03236,0.00559,2.56422,34.38,15.85,58.60
4997,0.01465,-0.01172,1.03271,-0.03475,0.00453,2.43306,32.74,17.94,58.75
4998,0.13574,-0.47998,0.99292,-0.16325,0.17244,2.69179,31.39,17.79,58.60
4999,-0.29761,0.08643,0.98804,0.06938,-0.00107,2.60617,33.79,19.58,58.01
5000,-0.18115,-0.41504,0.87695,-0.16032,0.18256,2.73760,31.99,20.33,59.80
5001,-0.37329,-0.12280,0.89917,-0.04567,0.07244,2.16448,31.99,20.33,59.80
5002,-0.07227,-0.26343,1.00537,-0.12370,0.09774,1.68725,30.35,22.42,58.90
5003,-0.06689,-0.02393,1.01074,0.01132,0.00027,1.13318,31.10,22.72,58.60
5004,-0.01660,-0.01978,1.02271,0.00439,-0.00546,0.76686,30.35,23.47,59.35
5005,-0.01392,-0.01294,1.01807,-0.00306,-0.00280,0.77405,31.10,25.12,59.95
5006,-0.00513,-0.06055,1.01465,0.00599,-0.00586,0.61639,31.10,25.12,59.95
5007,-0.02783,-0.03809,1.01416,0.00200,-0.00346,0.74582,29.30,24.37,59.65
5008,-0.01416,-0.03296,1.01440,0.00240,0.00200,0.87032,28.85,25.12,59.35
5009,-0.01807,-0.03442,1.01367,0.01438,-0.00599,1.02225,30.05,23.92,58.90
5010,-0.00757,-0.01294,1.01685,0.00999,-0.00399,1.03490,30.05,23.92,58.90
5011,-0.01978,-0.00977,1.01416,-0.00320,-0.00586,1.21533,29.60,24.67,58.90
5012,-0.01099,-0.00781,1.01245,0.00759,0.00559,1.32066,29.30,26.16,58.90
5013,-0.01855,-0.07910,1.01978,-0.07297,0.01478,1.35741,28.70,26.01,59.50
5014,0.00537,-0.02783,0.99585,-0.03848,0.02264,1.54969,27.66,25.27,60.25
5015,0.01978,0.01367,1.01489,-0.02051,0.01025,1.30788,27.66,25.27,60.25
5016,0.00269,-0.02441,1.01953,-0.00426,-0.00080,1.07099,26.76,26.91,57.11
5017,0.00977,-0.01978,1.01758,-0.00932,0.00945,0.89682,26.46,27.96,58.01
5018,-0.00488,-0.04517,1.01831,-0.01611,-0.00280,0.73796,26.46,27.21,58.75
5019,-0.04810,-0.06372,0.98291,-0.05393,0.03342,0.68337,26.46,27.21,58.75
5020,-0.04395,-0.04224,1.01660,-0.04487,0.01545,0.83583,26.31,26.61,58.16
5021,-0.01685,-0.03076,1.01416,-0.01332,0.00639,0.89043,26.76,27.36,59.35
5022,-0.00903,-0.02979,0.99878,-0.02384,0.00027,0.73503,26.46,27.96,59.80
5023,-0.01025,-0.00757,1.02173,-0.01771,0.00240,0.70800,25.56,28.55,57.56
5024,-0.01294,-0.04150,1.01392,-0.01265,-0.00107,0.52824,25.56,28.55,57.56
5025,-0.00342,-0.03516,1.02466,-0.01611,0.00639,0.36419,25.56,29.30,59.65
5026,-0.01343,-0.03638,1.00977,-0.01345,0.00879,0.34967,24.37,29.75,59.80
5027,-0.00439,-0.04419,1.00708,-0.02397,0.00466,0.44608,25.12,28.26,59.50
5028,-0.00684,-0.06421,1.01099,-0.02370,0.00972,0.64488,25.12,28.26,59.50
5029,0.00488,-0.01758,1.00684,-0.01611,0.00399,0.85621,25.12,30.95,60.55
5030,-0.00049,-0.01709,1.01807,-0.00013,-0.00320,1.00295,24.52,30.35,60.40
5031,0.00366,-0.02783,1.02148,-0.01158,0.00280,1.29030,24.67,28.70,59.50
5032,-0.01050,-0.03809,1.02124,-0.00466,-0.00200,1.42745,23.62,29.45,59.05
5033,0.00293,-0.04028,1.02319,-0.00386,0.00786,1.43265,23.62,29.45,59.05
5034,-0.01953,-0.04761,1.00610,-0.00546,0.00093,1.32466,24.37,29.00,59.05
5035,-0.01660,-0.05664,1.02026,-0.00413,0.00373,1.34530,23.62,31.69,58.45
5036,-0.01831,-0.01880,1.00659,-0.00226,0.00146,1.48777,23.47,31.84,59.95
5037,-0.01563,-0.04248,1.02246,-0.01305,0.00200,1.54557,22.28,31.10,59.35
5038,-0.00122,-0.00098,1.01416,-0.00826,0.00186,1.48192,21.68,31.39,58.75
5039,0.00415,0.00464,1.01611,-0.00399,0.00413,1.43664,21.98,34.24,59.65
5040,-0.00073,-0.02002,1.01367,-0.00866,0.00027,1.36394,21.08,31.39,58.75
5041,0.00879,-0.00757,1.01563,-0.00879,0.00120,1.35435,20.33,33.64,58.45
5042,-0.00659,-0.00635,1.01123,-0.02024,0.00506,1.18657,20.33,33.64,58.45
5043,-0.01538,-0.01587,1.01465,-0.00533,-0.00120,1.05927,20.48,34.24,59.35
5044,-0.02612,-0.00415,1.01660,-0.01052,0.00240,0.89908,18.69,33.79,60.70
5045,-0.01050,-0.02856,1.01221,-0.00826,0.00200,0.83264,18.39,33.94,58.01
5046,-0.02271,-0.03149,1.01318,-0.01198,0.00213,0.91799,18.69,34.24,59.65
5047,-0.01929,-0.03223,1.01514,-0.01079,0.00067,0.88111,18.69,34.24,59.65
5048,-0.02344,-0.03638,1.01245,-0.01425,0.00240,1.06899,18.24,35.73,60.70
5049,0.04858,0.01074,1.02515,-0.04501,-0.00240,0.87219,17.04,33.19,59.50
5050,-0.00317,-0.00952,1.02246,-0.00386,-0.01079,0.00599,17.49,35.28,60.70
5051,-0.01294,-0.02979,0.99097,-0.00439,-0.00386,0.00186,17.49,35.28,60.70
5052,-0.03174,-0.06567,1.01050,-0.01438,-0.00972,-0.02277,18.09,35.58,59.05
5053,-0.01440,-0.02954,1.01855,-0.00200,-0.00919,0.00506,15.70,36.03,59.65
5054,-0.02173,-0.05371,1.01245,-0.00280,-0.00812,0.00879,16.74,33.79,59.95
5055,-0.02051,-0.03271,0.99805,-0.01318,-0.01119,0.00719,17.04,33.94,60.25
5056,-0.00757,-0.02368,1.01587,-0.00173,-0.01332,0.01198,17.04,33.94,60.25
5057,-0.00684,-0.02393,1.01538,-0.00493,-0.01358,0.01545,17.04,34.83,59.05
5058,0.10400,-0.04614,1.02148,0.00360,-0.00985,0.67338,15.55,35.88,59.80
5059,0.00610,-0.01514,1.02539,0.00985,-0.01744,1.46141,16.00,36.03,60.40
5060,-0.02441,-0.02808,1.01489,0.00186,-0.00852,1.55076,16.00,36.03,60.40
5061,-0.02759,-0.03760,1.00952,-0.00786,-0.00493,1.56674,17.04,36.63,58.75
5062,-0.02222,-0.04614,1.00317,-0.01105,-0.00133,1.54810,16.30,37.82,58.75
5063,0.00952,-0.02539,1.01782,-0.01731,-0.00866,1.77966,14.65,37.67,59.35
5064,0.00952,-0.04761,1.02051,-0.01598,0.00000,2.19205,14.65,37.67,59.35
5065,0.03931,-0.05640,1.01611,-0.01891,0.00253,2.38140,14.65,37.67,59.35
5066,-0.01978,-0.06714,1.00439,-0.03063,-0.00027,2.74572,13.16,37.97,59.95
5067,-0.07153,-0.04346,1.01245,-0.02250,0.00652,2.72921,10.61,38.42,59.95
5068,-0.02295,-0.03857,1.01294,-0.01558,0.00573,2.47341,10.61,38.42,59.95
5069,-0.01245,-0.01563,1.01953,-0.00892,0.00306,2.40031,10.61,38.42,59.95
5070,-0.02051,-0.01294,1.00928,-0.01891,0.00652,2.34611,9.27,38.42,59.95
5071,-0.02026,-0.02539,1.01904,-0.02929,0.00559,2.26795,8.22,39.32,58.75
5072,-0.00854,-0.03247,1.00732,-0.01531,0.01145,2.13199,5.38,39.17,59.95
5073,-0.00830,-0.03149,1.01709,-0.01758,0.00932,2.14105,5.38,39.17,59.95
5074,-0.02271,-0.01440,1.01416,-0.00879,0.00652,1.98778,4.49,40.07,58.75
5075,-0.02368,-0.03589,1.01660,-0.00919,0.00160,1.88112,3.89,40.66,59.35
5076,-0.00513,-0.04761,1.01392,-0.02011,0.00280,1.84237,1.94,40.81,60.55
5077,-0.01514,-0.01929,1.01733,-0.01451,0.00692,1.74277,1.20,41.26,60.25
5078,0.00684,-0.04419,1.01001,-0.01292,0.00493,1.55422,1.20,41.26,60.25
5079,-0.00537,-0.02563,1.01611,-0.01731,0.00559,1.51347,0.90,40.81,59.50
5080,-0.08081,0.05469,1.00195,-0.00972,0.00226,1.39829,1.05,39.92,59.65
5081,-0.01563,-0.01514,1.01514,-0.00266,-0.00093,1.16979,0.00,41.41,59.35
5082,-0.02759,-0.00415,1.00879,-0.00599,-0.01358,1.07432,0.00,41.41,59.35
5083,-0.00391,-0.07129,0.99146,-0.00133,-0.00666,0.79735,0.00,39.92,60.70
5084,-0.02173,0.00317,1.00708,-0.00692,0.00240,1.10854,-0.45,41.56,61.59
5085,-0.00928,-0.02051,1.01758,-0.00799,-0.00320,1.05328,-1.79,40.66,60.70
5086,0.04321,-0.08789,0.99512,0.01025,-0.01332,0.74449,-2.69,42.76,60.55
5087,-0.02759,-0.07056,1.00171,-0.00972,0.00506,0.81000,-2.69,42.76,60.55
5088,0.00049,-0.01709,1.01611,-0.01611,-0.00266,0.88737,-2.54,39.17,59.95
5089,-0.00488,-0.00610,1.01831,-0.01278,0.00000,0.80534,-1.64,40.51,61.29
5090,0.31128,-0.06177,1.00317,-0.05899,0.02450,1.32838,-2.54,40.22,59.35
5091,-0.18433,-0.02612,1.00830,0.00253,0.00053,2.17980,-2.54,40.22,59.35
5092,-0.05347,-0.03271,1.01953,-0.00426,-0.00280,0.96872,-4.93,40.51,60.55
5093,0.02100,-0.06543,1.01709,-0.01052,0.00373,1.14782,-5.23,40.81,61.29
5094,0.00928,-0.02563,1.01392,-0.01172,0.00692,1.36700,-7.47,40.07,61.29
5095,0.00781,-0.02246,1.00903,-0.01198,0.01358,1.30522,-7.47,40.81,59.50
5096,0.01782,-0.05640,1.01367,-0.01079,0.00453,1.33677,-7.47,40.81,59.50
5097,-0.01196,-0.02441,1.01440,-0.01704,0.01092,1.39203,-7.92,39.92,60.70
5098,-0.02124,-0.02319,1.01831,-0.02517,0.00573,1.47220,-7.03,40.81,61.59
5099,-0.01709,-0.00537,1.01343,-0.02290,0.00666,1.53092,-8.52,40.51,59.50
5100,-0.03979,-0.03442,1.00317,-0.03382,0.01505,1.54330,-8.52,40.51,59.50
5101,-0.01758,-0.03931,1.01440,-0.01997,0.00786,1.66474,-10.02,40.81,60.55
5102,-0.02881,-0.07959,0.99927,-0.00200,0.01518,1.84637,-10.17,39.47,59.65
5103,0.01709,-0.11548,1.03809,-0.03422,0.02011,2.02467,-10.32,39.77,61.29
5104,0.05298,-0.04028,1.02954,-0.01651,0.00786,2.22227,-11.51,40.51,60.85
5105,-0.06738,-0.05005,1.00366,-0.01332,0.00692,2.07167,-11.51,40.51,60.85
5106,-0.06055,0.05981,1.02051,-0.01824,0.01158,1.83385,-13.90,40.22,60.40
5107,-0.02783,-0.00879,1.01733,-0.00892,-0.00373,1.52546,-13.90,37.23,60.70
5108,-0.02686,-0.04443,1.01709,-0.00866,0.00360,1.37379,-14.05,39.32,61.29
5109,-0.02319,-0.04004,1.00879,-0.01518,0.00626,1.15674,-16.44,38.42,61.15
5110,-0.02002,0.01807,1.01611,-0.01052,-0.00386,0.91959,-16.44,38.42,61.15
5111,-0.02271,-0.06396,1.01758,-0.00333,0.00173,0.44981,-16.74,37.67,62.19
5112,-0.02637,-0.06689,1.01611,-0.00280,-0.00133,0.58936,-17.19,37.97,63.54
5113,-0.03613,-0.09302,1.01465,0.00320,-0.00453,0.73796,-16.30,38.12,61.59
5114,-0.01782,-0.03247,1.00171,0.00732,0.00133,0.75407,-16.30,38.12,61.59
5115,-0.01807,0.03442,1.01636,0.00559,0.00226,0.67711,-17.34,37.82,61.59
5116,-0.01025,0.01489,1.01001,0.01105,0.00093,0.51173,-17.34,38.57,60.85
5117,-0.01123,0.00415,1.01270,-0.00200,-0.00386,0.36099,-17.94,37.97,61.44
5118,-0.00830,0.01025,1.01587,0.00373,-0.00386,0.16458,-17.94,38.42,61.74
5119,-0.01318,-0.00952,1.01685,0.00879,-0.00826,0.04061,-17.94,38.42,61.74
5120,-0.02002,-0.01343,1.00854,0.00786,-0.00905,0.00639,-18.09,37.38,62.64
5121,-0.02173,-0.02710,1.01758,-0.00053,-0.00639,0.00519,-18.24,35.73,60.70
5122,-0.02246,-0.02344,1.01392,-0.00866,-0.01052,0.00786,-18.39,37.38,61.29
5123,-0.01611,-0.02783,1.01318,-0.00919,-0.00240,0.00519,-18.39,37.38,61.29
5124,-0.00684,0.10815,1.01074,-0.01425,-0.00519,0.00399,-18.99,37.23,61.74
5125,0.08252,-0.01025,0.99829,-0.03089,-0.01678,1.14023,-17.94,36.93,61.74
5126,-0.05542,-0.02417,1.01904,-0.00639,-0.01558,1.32679,-17.34,37.08,61.59
5127,-0.01563,-0.02222,1.01685,-0.00346,-0.00932,1.11533,-18.69,36.93,61.74
5128,-0.00610,-0.03955,1.01074,0.00599,-0.01358,1.34636,-18.69,36.93,61.74
5129,-0.03491,-0.04077,1.00391,-0.00679,0.00000,1.69217,-20.03,36.03,60.70
5130,-0.08374,-0.02441,1.01587,-0.00453,0.00040,1.59923,-20.78,36.93,60.40
5131,-0.05298,-0.02393,1.01343,0.00000,-0.00133,1.48125,-19.88,36.33,61.59
5132,-0.06616,-0.02173,1.01221,0.00053,-0.00866,1.46807,-19.88,36.33,61.59
5133,-0.02344,-0.02832,1.01294,0.00999,-0.01172,1.13371,-21.53,35.28,62.19
5134,-0.05322,-0.00024,1.01196,0.00639,-0.00719,0.77991,-22.13,36.33,61.29
5135,-0.02612,-0.01318,1.01660,0.00546,-0.02237,0.56099,-23.17,35.58,61.29
5136,-0.03931,-0.00928,1.01831,-0.00466,-0.04301,0.44022,-21.53,34.53,61.74
5137,-0.03857,-0.00928,1.00342,-0.00053,-0.16818,0.23556,-21.53,34.53,61.74
5138,0.10742,-0.08838,1.02661,-0.01238,-0.05433,0.50014,-23.17,34.38,62.34
5139,-0.10205,0.02954,1.01147,0.00453,-0.15193,1.61760,-22.13,35.88,60.55
5140,-0.01440,0.02051,1.01978,-0.00479,-0.13516,0.79442,-22.87,33.64,61.59
5141,0.02832,-0.03760,1.01245,0.00280,0.01132,1.10348,-23.47,34.98,61.44
5142,-0.03076,-0.01172,1.01538,-0.00679,0.02197,1.37432,-25.27,33.79,61.15
5143,-0.02661,-0.03271,1.01709,-0.00306,0.04687,1.38791,-23.92,34.83,62.04
5144,-0.10669,0.01343,1.01025,-0.00826,0.02517,1.34809,-24.52,32.29,62.19
5145,0.01196,-0.02393,1.00488,-0.01425,0.04767,1.35595,-26.16,32.89,62.04
5146,-0.02197,-0.00488,1.01587,-0.01598,0.04501,1.27033,-26.16,32.89,62.04
5147,0.01123,-0.04150,1.01733,-0.01878,0.05140,1.18164,-26.31,31.84,62.94
5148,-0.01733,-0.02441,1.00903,-0.01358,0.04368,1.22679,-26.16,32.44,60.85
5149,-0.01660,-0.03931,1.01563,-0.00932,0.05926,1.20628,-27.96,31.39,62.34
5150,0.07275,-0.07495,1.02148,0.00466,0.07537,1.37792,-27.36,31.84,62.19
5151,-0.04736,-0.06567,1.02197,-0.02969,0.02543,1.53438,-27.36,31.84,62.19
5152,-0.02979,-0.04834,1.00952,-0.02770,0.02210,1.33584,-27.21,30.20,61.29
5153,-0.05444,-0.03320,1.01733,-0.02650,0.01212,1.29656,-29.45,29.75,60.85
5154,-0.00391,-0.06030,1.02222,-0.02210,0.01292,1.27179,-30.05,30.35,61.74
5155,-0.05713,-0.03247,1.00806,-0.03675,0.01718,1.29763,-30.05,30.35,61.74
5156,-0.06689,0.05396,1.00415,-0.03249,0.01678,1.16660,-30.95,28.26,62.64
5157,-0.02002,-0.00049,1.01587,-0.03169,0.00306,1.12359,-29.45,29.45,62.04
5158,-0.02588,-0.03687,1.00854,-0.02290,0.00346,1.22785,-31.69,27.96,62.04
5159,-0.17334,-0.33252,1.00146,0.00772,0.01332,1.57819,-30.35,26.91,61.74
5160,0.02197,0.06763,1.02710,-0.01798,0.01878,2.30630,-30.35,26.91,61.74
5161,0.04053,0.07983,1.02148,-0.03156,0.00280,1.34902,-31.84,28.11,61.44
5162,-0.04126,0.05347,1.01611,-0.02091,-0.00213,1.13863,-31.99,27.96,62.64
5163,-0.15967,-0.36768,0.98853,0.01891,0.01691,1.21240,-31.99,26.01,62.04
5164,0.00366,0.08423,0.99878,-0.00253,0.00746,1.81454,-31.99,26.01,62.04
5165,-0.04687,0.04712,1.00464,-0.03396,0.00972,0.81879,-31.84,25.86,61.74
5166,0.00830,-0.04883,1.01221,-0.01212,-0.00186,0.84942,-33.49,24.82,63.09
5167,-0.02637,-0.00342,1.01221,-0.00533,-0.00506,0.79376,-34.83,24.37,63.24
5168,-0.02515,-0.01636,1.00879,-0.00919,-0.00146,0.79748,-33.79,24.07,63.39
5169,-0.03320,-0.01611,1.01978,-0.00013,-0.00852,0.84249,-33.79,24.07,63.39
5170,-0.00977,-0.00537,1.01636,-0.00466,-0.00040,0.71972,-34.09,22.72,62.19
5171,-0.03003,-0.01636,1.01147,-0.00413,-0.00253,0.75980,-35.43,22.72,62.49
5172,-0.01782,-0.04126,1.01172,-0.00759,-0.00732,0.71546,-34.38,22.42,62.49
5173,-0.00610,-0.02271,1.01318,-0.01345,-0.00546,0.75421,-34.38,22.42,62.49
5174,-0.01782,-0.03296,1.01294,-0.00932,-0.00213,0.89096,-36.18,21.23,62.19
5175,-0.00562,-0.02588,1.01807,-0.01198,-0.00559,1.02944,-35.28,22.57,62.34
5176,-0.03174,-0.00854,1.01270,-0.00985,0.00013,1.08550,-35.28,22.57,63.09
5177,-0.02197,-0.02905,1.00903,-0.00226,-0.00546,1.09949,-35.28,20.63,62.34
5178,-0.00952,-0.00830,1.00806,-0.00666,-0.00200,1.16540,-35.28,20.63,62.34
5179,-0.02417,-0.02393,1.01147,-0.01252,-0.00360,1.16567,-36.18,21.68,62.19
5180,-0.02539,-0.01343,1.01416,-0.02024,-0.00306,1.10654,-37.82,21.08,61.59
5181,-0.04492,0.01733,1.01123,-0.01385,0.00213,1.12079,-34.38,19.73,62.49
5182,-0.02075,-0.00146,1.01636,-0.00692,-0.01079,1.07392,-36.78,19.88,62.34
5183,-0.02954,0.02075,1.01538,-0.01425,-0.00506,1.03397,-36.78,19.88,62.34
5184,-0.00269,-0.03223,1.01367,-0.01558,-0.00306,0.96779,-37.38,17.04,62.94
5185,-0.01831,0.01782,1.01855,-0.00799,-0.01039,0.89016,-37.52,16.44,62.64
5186,-0.02051,-0.04199,1.01587,-0.00213,-0.00373,0.85967,-36.63,17.79,62.94
5187,-0.01733,-0.05713,1.01147,-0.00652,0.00186,0.97565,-36.63,17.79,62.94
5188,-0.04126,-0.06128,1.01709,-0.01172,0.00040,1.19363,-37.52,17.64,62.34
5189,-0.00732,-0.05249,1.01831,-0.01105,0.00000,1.40455,-37.52,17.64,62.34
5190,-0.02368,-0.05273,1.00342,-0.01931,0.00706,1.48564,-38.42,15.85,62.19
5191,-0.00293,-0.07593,1.01514,-0.01545,-0.00666,1.47779,-38.27,16.44,62.64
5192,-0.01074,-0.01904,1.01611,-0.01625,0.00093,1.50495,-38.27,16.44,62.64
5193,-0.01929,-0.03882,1.00952,-0.01358,0.00093,1.49936,-38.42,14.80,62.49
5194,-0.01807,-0.02295,1.01294,-0.01917,-0.00932,1.51454,-38.87,16.30,62.94
5195,-0.02661,0.01245,1.01416,-0.02836,-0.00013,1.54903,-39.77,14.20,62.34
5196,-0.02759,0.00854,1.01050,-0.01784,0.00439,1.44769,-39.77,14.20,62.34
5197,-0.02905,-0.02954,1.00610,-0.01332,0.00000,1.28697,-37.82,12.71,62.04
5198,-0.03296,-0.01709,1.01611,-0.00852,0.00613,1.26101,-39.02,11.96,62.64
5199,-0.02368,0.01172,1.02100,-0.00426,-0.00107,1.24143,-39.32,11.21,63.09
5200,-0.00830,0.01611,1.01050,-0.02836,-0.00586,0.69908,-40.66,12.86,63.24
5201,0.01416,-0.02490,1.02930,0.01065,-0.02916,0.80667,-40.66,12.86,63.24
5202,-0.09717,0.05713,0.97729,-0.03196,0.00280,1.32772,-39.32,10.76,62.64
5203,0.00513,0.06787,1.01587,-0.01238,-0.01305,0.99110,-39.92,10.17,63.24
5204,-0.01611,0.02026,1.01709,-0.00732,-0.00826,1.04596,-39.92,8.67,63.54
5205,-0.02271,0.02612,1.01465,-0.01598,0.00000,0.98124,-39.92,8.67,63.54
5206,-0.01489,-0.03320,1.01392,-0.01238,-0.00120,0.89362,-40.81,9.57,62.64
5207,-0.01929,-0.02222,1.01636,-0.00945,-0.00839,0.87139,-40.51,7.33,62.64
5208,-0.03174,-0.01025,1.01245,-0.00812,-0.00333,0.81573,-41.41,7.92,63.54
5209,-0.02344,-0.01782,1.01709,-0.00573,-0.00652,0.73037,-40.66,9.42,62.49
5210,-0.00952,-0.04932,1.01587,-0.01079,-0.01039,0.72398,-40.66,9.42,62.49
5211,-0.00732,-0.03198,1.01294,-0.01039,-0.00413,0.79003,-40.96,6.43,62.49
5212,-0.03906,0.00781,1.01660,-0.01065,0.00373,0.87618,-40.51,6.58,62.64
5213,-0.01099,-0.01831,1.01294,-0.00719,-0.00293,0.70454,-41.41,6.43,63.24
5214,-0.00952,-0.00439,1.01318,-0.00133,0.00146,0.74276,-40.96,5.23,62.19
5215,0.00024,-0.06592,1.01367,-0.00599,0.00053,0.92026,-41.56,5.38,62.34
5216,-0.02393,-0.03125,1.00830,-0.01278,0.00133,0.95421,-41.41,5.68,62.49
5217,-0.01025,-0.04004,1.01489,-0.00852,0.00240,1.00468,-41.56,5.83,63.39
5218,-0.02856,0.02563,1.00952,-0.00786,-0.00133,0.94116,-41.56,3.89,62.64
5219,-0.02222,-0.02173,1.01123,-0.00386,0.00213,0.91373,-41.56,3.89,62.64
5220,-0.01807,-0.03174,1.01440,0.00107,0.00306,0.91839,-40.96,2.54,62.49
5221,-0.01953,-0.04565,1.01660,0.00027,-0.00386,0.96673,-42.46,2.24,62.94
5222,-0.03003,-0.01318,1.01147,-0.00120,-0.00413,0.99695,-41.41,3.29,62.94
5223,-0.00537,0.00171,1.02930,0.02131,-0.01305,0.90015,-41.86,2.84,62.04
5224,0.01221,-0.06079,1.02734,0.01625,0.00027,1.33278,-41.86,2.84,62.04
5225,-0.04199,0.05054,1.01343,-0.00133,0.00093,1.00681,-41.86,0.90,62.04
5226,-0.01172,0.00928,1.01636,-0.00506,-0.00080,0.71652,-42.31,1.20,62.34
5227,-0.01831,0.01440,1.00928,-0.00599,-0.00453,0.63410,-40.51,0.45,61.29
5228,-0.01001,-0.01685,1.01514,-0.00999,-0.00186,0.50800,-40.51,0.45,61.29
5229,-0.01587,-0.02832,1.00830,-0.00879,-0.00173,0.53609,-42.61,0.15,62.04
5230,-0.00439,-0.03613,1.01733,-0.00160,0.00346,0.61013,-40.66,-1.05,62.19
5231,-0.00488,-0.03955,1.02002,-0.00466,-0.00546,0.71612,-41.56,0.45,62.34
5232,-0.02734,-0.00244,1.01416,-0.00666,-0.00173,0.83197,-40.96,-0.30,63.24
5233,-0.00830,-0.01294,1.01147,-0.00133,-0.00293,0.77924,-40.96,-0.30,63.24
5234,-0.00024,-0.05103,1.01001,-0.00360,0.00240,0.83250,-40.96,0.00,61.15
5235,0.00708,-0.03931,1.01465,-0.00253,-0.00226,0.60094,-41.11,0.15,63.39
5236,-0.01440,-0.02832,1.01221,-0.01052,-0.00546,0.72398,-42.61,-1.64,61.29
5237,-0.01782,-0.01074,1.02051,0.00493,-0.00799,0.59948,-42.61,-1.64,61.29
5238,-0.02808,-0.01636,1.00977,-0.00067,-0.00439,0.57444,-41.56,-2.84,63.09
5239,-0.03076,-0.00659,1.01807,-0.00399,-0.00573,0.58843,-42.31,-2.39,62.34
5240,-0.02637,-0.01807,1.01221,0.00053,-0.00573,0.61932,-41.11,-2.84,62.64
5241,-0.02881,-0.02856,1.01221,0.00120,-0.00280,0.61239,-41.56,-3.14,62.64
5242,-0.01514,-0.02881,1.01343,-0.00226,-0.00546,0.65993,-41.56,-3.14,62.64
5243,-0.05957,-0.03491,1.01563,-0.01398,-0.00493,1.08337,-41.86,-3.14,60.85
5244,-0.02759,-0.01831,1.01685,-0.00093,0.00067,1.29669,-41.86,-3.59,62.04
5245,0.00098,-0.01660,1.01514,-0.00453,-0.00479,1.34223,-39.92,-4.49,63.24
5246,-0.00610,-0.00269,1.02026,0.00413,-0.00399,1.07818,-39.92,-4.49,63.24
5247,0.00464,-0.01099,1.01538,-0.00479,-0.00732,0.80001,-42.61,-4.34,62.64
5248,-0.02075,-0.03198,1.02173,0.00826,-0.00932,0.67977,-41.41,-4.19,63.54
5249,-0.01245,-0.01660,1.01636,-0.00080,-0.00959,0.60827,-41.11,-5.83,62.64
5250,-0.01172,-0.02710,1.01465,-0.00786,-0.01611,0.48936,-40.07,-5.83,62.34
5251,-0.00513,-0.03101,1.01514,-0.01385,-0.02623,0.56486,-40.07,-5.83,62.34
5252,0.06201,-0.12134,1.01025,-0.03502,-0.06778,1.32785,-41.11,-6.28,61.29
5253,-0.03174,0.01904,1.01978,-0.01651,-0.15460,1.33744,-40.07,-5.83,62.64
5254,-0.02808,0.00977,1.01440,-0.03129,-0.17124,1.20122,-41.11,-8.82,62.34
5255,0.02319,-0.03174,1.01831,-0.02796,-0.19974,1.16966,-40.96,-7.18,63.24
5256,-0.02295,0.00342,1.01318,-0.03542,-0.31745,1.08644,-40.96,-7.18,63.24
5257,0.03735,0.01147,1.01660,-0.07923,-0.75168,1.16607,-41.56,-7.33,62.34
5258,-0.00537,0.04297,1.01538,-0.03862,-0.38603,1.04942,-40.07,-9.57,61.59
5259,0.01123,-0.00806,1.01147,-0.00013,-0.12730,0.83543,-41.11,-10.02,62.34
5260,-0.03369,0.01660,1.01758,-0.00732,-0.16605,0.68736,-41.11,-10.02,62.34
5261,0.01318,-0.02002,1.02148,0.00599,-0.04780,0.72784,-40.07,-10.02,61.59
5262,-0.00366,-0.01660,1.00977,-0.01198,-0.12996,0.71426,-41.41,-9.87,63.24
5263,0.00293,-0.03052,1.02197,0.00786,-0.01811,0.73290,-41.11,-10.76,61.29
5264,-0.00098,-0.01880,1.01660,-0.00266,-0.06858,0.83943,-40.96,-11.36,63.24
5265,0.00220,-0.02002,1.02588,0.00959,-0.04101,0.93477,-40.96,-11.36,63.24
5266,0.03369,-0.03223,1.00830,-0.00240,-0.07896,0.94436,-40.22,-11.66,61.74
5267,-0.00977,-0.03027,1.01978,-0.00293,-0.05806,1.18750,-39.77,-11.21,62.04
5268,0.00928,-0.00610,1.00952,0.01864,-0.01212,1.21187,-41.11,-12.26,62.04
5269,0.01172,-0.02246,1.01172,-0.00626,-0.06392,1.11280,-41.11,-12.26,62.04
5270,-0.01563,0.00806,1.02368,0.02210,0.01824,1.08963,-40.07,-13.01,62.64
5271,0.01978,-0.01294,1.00757,0.01518,-0.00413,0.92651,-41.11,-13.01,60.55
5272,0.00220,-0.02271,1.01123,0.00306,-0.02810,0.85368,-39.32,-14.95,62.64
5273,0.00952,-0.01538,1.02197,0.01411,-0.00306,0.81453,-39.32,-15.40,62.34
5274,0.02148,-0.01929,1.01270,0.01425,0.00186,0.71453,-39.32,-15.40,62.34
5275,0.02490,-0.01270,1.02368,0.00879,-0.01917,0.72145,-39.77,-14.20,61.59
5276,0.02417,-0.01367,1.01563,0.00786,-0.00320,0.71519,-39.47,-14.80,61.15
5277,-0.00391,-0.01978,1.01563,0.00093,-0.02703,0.82704,-39.47,-14.80,61.15
5278,0.02368,-0.01563,1.00757,-0.00200,-0.02450,0.79402,-39.47,-14.80,61.15
5279,0.01343,-0.02124,1.01343,-0.00466,-0.04301,0.95514,-40.66,-15.10,61.74
5280,-0.01416,-0.02344,1.01343,0.00120,-0.01145,0.82585,-39.02,-16.89,61.59
5281,0.02759,-0.01929,1.01709,0.01092,0.00346,0.73756,-38.87,-17.04,60.70
5282,0.00073,-0.00781,1.00952,0.01558,-0.01332,0.68736,-38.87,-17.04,60.70
5283,-0.00098,-0.01709,1.01758,0.01651,0.00426,0.55966,-38.42,-17.04,60.70
5284,0.01099,-0.01123,1.01831,0.01891,0.02370,0.54701,-39.77,-16.89,62.64
5285,0.03271,-0.01270,1.01147,0.01465,0.00586,0.52225,-38.57,-16.89,61.59
5286,0.01807,-0.02002,1.01221,0.00879,0.00812,0.46539,-37.82,-18.39,62.04
5287,0.00366,-0.01245,1.02368,0.00905,-0.00413,0.51998,-37.82,-18.39,62.04
5288,0.00708,-0.01904,1.02026,-0.00719,-0.02304,0.49535,-37.67,-18.24,62.49
5289,0.01001,-0.02271,1.01440,-0.00573,-0.01598,0.56872,-37.38,-17.49,62.19
5290,0.01245,-0.02026,1.01563,-0.01012,-0.03409,0.67831,-37.38,-18.54,61.44
5291,0.03882,-0.03882,1.01221,-0.01438,-0.02943,0.67005,-37.38,-18.54,61.44
5292,-0.03955,-0.02148,1.01685,0.09760,0.17430,0.54462,-37.82,-19.58,62.34
5293,0.02466,-0.02759,1.00854,-0.00013,-0.00173,0.65114,-37.82,-18.84,61.59
5294,-0.00317,-0.01001,1.01416,0.04341,0.04594,0.50387,-38.42,-18.99,61.15
5295,0.01831,-0.01855,1.01807,0.03782,0.03182,0.43449,-37.08,-19.14,60.55
5296,0.00537,-0.00757,1.02368,0.04847,0.05686,0.37844,-37.08,-19.14,60.55
5297,0.02905,-0.03223,1.01001,0.04621,0.10879,0.50121,-37.52,-19.58,60.85
5298,0.02734,-0.01831,1.02393,0.02823,0.09374,0.48656,-37.67,-20.48,61.74
5299,0.02466,-0.03149,1.01099,-0.01771,-0.01252,0.92918,-36.93,-19.29,61.74
5300,0.02197,-0.01465,1.02734,0.02357,0.16751,0.82904,-36.93,-19.29,61.74
5301,0.03613,-0.00879,1.01440,0.02330,0.13609,1.24223,-37.67,-20.48,63.24
5302,0.04004,-0.03760,1.02026,0.01105,0.09547,1.32106,-34.24,-21.83,62.34
5303,0.00293,0.00537,1.01538,0.01425,0.06964,1.36367,-35.73,-21.38,62.64
5304,0.01782,-0.04126,1.01221,-0.01119,0.08216,1.35368,-35.73,-21.08,63.09
5305,-0.01147,-0.01416,1.02075,-0.01052,0.06671,1.24343,-35.73,-21.08,63.09
5306,-0.05273,0.02856,1.01489,0.01971,0.10000,1.02425,-35.13,-23.17,60.70
5307,-0.03491,0.00391,1.01538,0.03955,0.19241,0.79975,-33.64,-23.17,63.54
5308,-0.03101,-0.00537,1.02588,0.06338,0.19827,0.59721,-36.03,-24.52,63.09
5309,0.00684,-0.04248,1.02075,0.02676,0.16818,0.53636,-36.03,-24.52,63.09
5310,-0.03931,-0.02930,1.01294,-0.00013,0.23116,0.56033,-34.24,-23.77,62.64
5311,-0.01563,-0.06299,1.01099,-0.00759,0.18336,0.48536,-35.13,-23.92,62.49
5312,-0.04907,0.04248,1.02295,-0.02876,0.27257,0.51106,-32.74,-24.52,62.34
5313,-0.05176,-0.05298,1.01660,-0.02996,0.18269,0.59894,-34.83,-24.67,62.94
5314,-0.03442,-0.02197,0.99902,-0.04035,0.07364,0.59149,-34.83,-24.67,62.94
5315,-0.03369,0.01904,1.00293,-0.05167,0.02237,0.55127,-34.09,-24.37,62.49
5316,0.00586,-0.02881,1.02246,-0.04447,0.02730,0.52025,-32.89,-24.37,63.24
5317,-0.01172,0.02344,1.00708,-0.02943,0.02037,0.50547,-33.64,-25.86,63.24
5318,-0.02686,0.00562,1.00415,-0.03688,0.01198,0.47138,-33.64,-26.16,62.19
5319,-0.03052,-0.03198,0.99365,-0.02716,0.00186,0.47284,-33.64,-26.16,62.19
5320,-0.01831,-0.14990,0.99023,0.03835,-0.00799,0.93424,-33.79,-25.56,62.64
5321,0.01392,-0.06934,1.06421,0.04181,-0.01238,1.04063,-31.39,-26.61,62.19
5322,0.03564,-0.12305,0.97827,-0.05859,0.02863,0.98244,-31.84,-26.61,63.24
5323,-0.00830,-0.08350,1.01050,-0.02530,0.01545,1.07059,-31.84,-26.61,63.24
5324,-0.03442,0.01318,0.98389,-0.04394,0.01252,1.19722,-31.84,-28.11,62.94
5325,-0.01025,-0.14038,1.03345,-0.03249,0.01092,1.12945,-32.14,-25.86,61.44
5326,-0.01440,0.08716,1.02954,-0.01398,0.00320,0.97152,-31.10,-27.66,62.94
5327,-0.02515,-0.14380,0.99316,-0.03888,0.01664,0.89029,-30.95,-28.26,63.39
5328,-0.00659,-0.01245,1.03711,-0.02091,0.01198,0.87578,-30.95,-28.26,63.39
5329,-0.01099,0.07495,1.02075,-0.01052,0.00160,0.94955,-30.35,-26.61,61.15
5330,0.00513,-0.06250,1.01123,-0.01105,0.00772,0.84702,-29.60,-30.05,63.99
5331,-0.01880,0.04468,1.02832,-0.00293,-0.00666,0.91733,-30.20,-28.26,61.59
5332,-0.00024,-0.13086,1.01563,-0.00253,0.00519,0.83064,-30.20,-28.26,61.59
5333,-0.01587,0.04834,1.01611,-0.00320,-0.00146,0.99749,-29.45,-29.00,61.59
5334,-0.01001,-0.01123,1.01807,0.00426,-0.00852,0.86926,-29.30,-28.11,62.19
5335,-0.01172,-0.06519,1.00488,0.00360,-0.00333,0.85354,-30.05,-30.05,63.99
5336,-0.01538,0.00073,0.99902,0.00067,0.00519,0.94303,-28.11,-30.05,61.74
5337,-0.02515,0.02002,0.99048,-0.00945,0.00053,1.01533,-28.11,-30.05,61.74
5338,-0.01855,0.02344,1.00098,-0.00200,-0.00599,0.74955,-28.70,-28.70,61.59
5339,-0.01489,0.01929,1.00684,0.00639,-0.00639,0.67045,-28.11,-30.80,61.15
5340,-0.00684,-0.04834,1.02124,0.00240,-0.00040,0.67831,-28.55,-31.10,62.19
5341,0.00464,0.02734,1.01025,0.00533,-0.01079,0.85874,-28.55,-31.10,62.19
5342,0.00269,-0.03320,1.00610,0.00466,-0.01771,0.91293,-27.81,-31.54,62.94
5343,0.00269,-0.01587,1.01782,-0.01305,-0.00479,0.81160,-26.91,-30.65,63.09
5344,-0.00879,0.01489,1.01685,-0.00413,-0.00932,1.00215,-27.06,-30.35,61.44
5345,-0.02881,-0.00488,1.02100,-0.00573,-0.00479,0.98244,-26.46,-30.65,62.64
5346,-0.02612,-0.01172,1.01318,-0.00253,-0.01145,0.93677,-26.46,-30.65,62.64
5347,-0.00854,0.00610,1.00806,0.00226,-0.01332,1.04676,-25.41,-31.39,61.59
5348,-0.01270,-0.00244,1.01807,-0.00959,-0.00559,1.18697,-26.76,-32.74,62.19
5349,-0.02759,-0.01318,1.03369,-0.00160,-0.00293,1.29882,-25.27,-33.49,62.49
5350,0.01001,-0.01831,1.00464,-0.00652,-0.00719,1.34476,-24.82,-33.04,62.94
5351,-0.02441,-0.02832,1.00708,-0.01864,-0.00413,1.41254,-24.82,-33.04,62.94
5352,-0.00146,0.00049,1.03223,0.00413,-0.01598,1.38285,-23.77,-32.29,61.74
5353,-0.02393,-0.01465,1.00684,-0.00439,-0.00533,1.34716,-23.17,-33.94,60.85
5354,-0.01758,-0.00342,1.01880,0.01079,-0.01451,1.33930,-21.98,-35.73,61.74
5355,-0.04932,-0.05127,1.01733,0.00253,0.00346,1.32825,-21.98,-35.73,61.74
5356,-0.03247,-0.04761,1.00806,-0.00253,0.00093,1.41907,-22.72,-35.28,61.44
5357,-0.00293,0.03247,1.01758,-0.01824,-0.01265,1.39843,-21.68,-35.88,61.59
5358,-0.00293,0.04248,1.02173,-0.01558,-0.00719,1.26673,-21.23,-35.28,61.44
5359,-0.02515,-0.03320,1.00244,-0.00839,-0.00293,1.20508,-20.78,-35.73,61.74
5360,-0.04150,-0.02026,1.00635,-0.01119,-0.00200,1.17885,-20.78,-35.73,61.74
5361,-0.01245,-0.02295,1.00391,-0.01491,-0.00386,1.18950,-20.03,-36.03,61.74
5362,-0.00806,0.00195,1.02344,-0.00919,-0.00826,1.20322,-19.14,-35.13,62.64
5363,-0.03247,-0.03003,1.00684,-0.00280,-0.00639,1.10068,-20.33,-37.82,62.04
5364,-0.00928,-0.06128,1.01929,-0.01904,-0.00293,1.07352,-20.33,-37.82,62.04
5365,-0.01587,-0.04590,1.02295,-0.01997,0.00093,1.15288,-17.64,-37.08,62.04
5366,-0.01831,-0.01318,1.00464,-0.00759,0.00573,1.14010,-17.64,-35.88,61.59
5367,-0.01465,-0.04541,1.01904,-0.01744,0.00320,1.14662,-18.39,-36.63,61.29
5368,-0.01123,-0.01636,1.01733,-0.00573,0.00306,1.13331,-18.24,-37.67,61.15
5369,-0.01147,0.00391,1.00928,-0.01318,-0.00360,1.13624,-18.24,-37.67,61.15
5370,-0.00146,0.00464,1.02295,-0.00959,-0.00107,1.12772,-15.40,-37.67,61.74
5371,-0.00684,-0.02759,1.00513,0.00373,-0.00479,1.12638,-14.65,-36.48,62.49
5372,-0.01831,-0.01587,1.01025,-0.00746,-0.00399,1.14383,-15.70,-37.67,61.44
5373,-0.01563,-0.01563,1.01099,-0.00546,0.00200,1.21866,-15.55,-38.57,62.34
5374,-0.01221,0.03320,1.01953,-0.00879,-0.00146,1.31307,-15.55,-38.57,62.34
5375,-0.00391,-0.01099,1.01514,-0.00479,-0.00453,1.30828,-13.90,-37.97,61.44
5376,-0.00122,-0.03052,1.00854,0.00080,-0.00546,1.23544,-13.45,-37.97,63.24
5377,0.01050,-0.00488,1.01855,-0.00053,-0.00160,1.18670,-12.71,-39.47,62.19
5378,0.00366,0.01855,1.02100,-0.00506,-0.00253,1.15794,-12.71,-39.47,62.19
5379,0.00146,-0.03833,1.00049,-0.00479,-0.00413,0.99323,-12.41,-39.47,60.70
5380,-0.01074,-0.04150,1.00732,0.00266,-0.00759,0.99269,-11.06,-39.02,61.59
5381,-0.00171,-0.01636,1.01245,-0.00533,-0.01079,1.03464,-12.26,-40.51,60.85
5382,0.00708,-0.00049,1.01733,-0.00027,-0.01025,1.03118,-11.51,-39.32,60.85
5383,-0.00269,0.00659,1.01636,-0.00386,-0.01105,1.01573,-11.51,-39.32,60.85
5384,-0.02393,-0.03882,1.00635,-0.01145,0.00613,0.99496,-11.06,-37.82,60.55
5385,-0.01831,-0.00977,1.00269,-0.02117,-0.00226,0.99682,-9.87,-41.11,62.94
5386,0.02686,-0.01953,1.01685,-0.00107,-0.00546,0.99682,-9.12,-37.97,62.19
5387,-0.00049,-0.00659,1.02710,0.01119,-0.00360,1.07978,-9.12,-37.97,62.19
5388,0.01025,0.00610,1.00610,-0.01478,0.00386,1.07885,-8.22,-40.81,60.85
5389,-0.02563,-0.01807,1.00708,-0.01079,-0.00892,1.01134,-8.37,-38.42,61.74
5390,-0.01636,-0.01050,1.01099,-0.00186,-0.00226,0.89442,-8.52,-39.02,61.29
5391,-0.00830,-0.02124,1.00635,-0.00826,-0.00373,0.89322,-6.58,-40.22,60.70
5392,-0.07568,-0.20874,1.03003,0.02170,-0.02077,0.52691,-6.58,-40.22,60.70
5393,-0.01904,-0.03223,1.00391,-0.01332,-0.00333,0.87791,-6.73,-40.07,59.80
5394,-0.01221,-0.00830,1.01440,-0.00945,-0.00306,0.91520,-6.73,-39.77,60.55
5395,-0.02783,0.01123,1.01367,-0.01585,-0.00320,0.92012,-5.68,-39.32,60.55
5396,0.04321,0.03101,1.02588,-0.01252,-0.00320,0.98018,-7.03,-38.57,61.59
5397,0.00610,-0.01978,0.99805,-0.02277,-0.00586,0.94729,-7.03,-38.57,61.59
5398,0.03467,0.03613,1.03662,0.00719,-0.01265,1.08550,-5.83,-41.11,60.40
5399,-0.04834,-0.05249,1.00024,-0.01878,-0.00146,1.05488,-6.73,-40.51,61.59
5400,-0.01636,-0.03491,1.00659,-0.01784,0.00732,0.94582,-5.08,-41.41,62.19
5401,-0.02148,0.00122,1.02002,-0.00599,-0.00586,0.85554,-5.08,-41.41,62.19
5402,-0.03564,-0.02319,0.99561,-0.02210,0.00413,0.82372,-3.74,-37.82,60.85
5403,0.01123,0.00073,1.03027,0.00186,-0.00666,0.74302,-2.54,-40.22,60.40
5404,-0.01855,0.04712,0.98535,-0.01092,-0.00120,0.65194,-2.54,-41.11,59.65
5405,0.02344,-0.00195,1.01611,0.00333,-0.00892,0.65181,-3.29,-39.92,59.65
5406,0.00684,0.01440,1.00415,-0.00706,-0.00786,0.69722,-3.29,-39.92,59.65
5407,0.02417,-0.01270,1.01733,-0.00333,-0.01305,0.85234,-1.64,-41.26,60.25
5408,0.01733,0.01050,1.01416,-0.00573,-0.00373,1.11134,-1.79,-39.47,61.15
5409,0.00195,-0.00977,1.02173,-0.01771,-0.00133,1.23477,-0.30,-39.47,61.15
5410,-0.01636,-0.04419,1.00366,-0.01238,-0.00160,1.23131,-0.30,-39.47,61.15
5411,-0.03320,-0.01245,1.01050,-0.02064,0.00346,1.14836,0.15,-39.77,61.29
5412,-0.10864,-0.43066,1.05811,0.02863,-0.02184,-0.08562,-0.30,-40.22,61.15
5413,0.00732,-0.13281,1.01123,-0.02317,-0.00053,0.88350,1.64,-40.51,60.55
5414,-0.00244,0.04883,1.01392,0.00506,-0.00706,0.73876,0.60,-39.17,61.15
5415,0.03296,-0.00195,1.00928,-0.00320,-0.01491,0.63756,0.60,-39.17,61.15
5416,-0.01514,0.01538,1.00708,-0.00386,-0.00360,0.55021,0.60,-39.47,62.19
5417,-0.01831,0.03369,1.00391,0.00240,-0.00133,0.51053,1.35,-38.72,60.70
5418,0.00952,-0.09131,1.01660,-0.00626,-0.00053,0.50733,1.64,-39.77,61.29
5419,0.01489,-0.05493,1.00049,-0.00040,-0.00186,0.56605,1.94,-39.77,60.85
5420,0.02051,0.01831,1.00317,-0.00453,-0.00107,0.69162,1.94,-39.77,60.85
5421,-0.00293,-0.01318,1.02148,-0.00413,-0.00346,0.71519,2.09,-39.47,61.44
5422,-0.00732,-0.07275,1.02148,0.00027,-0.00133,0.78137,2.24,-38.57,61.29
5423,-0.02075,0.00391,1.00146,-0.01092,0.00905,0.80388,1.94,-40.81,60.85
5424,0.00513,0.03418,1.03101,-0.00027,-0.00892,0.86366,1.94,-40.81,60.85
5425,0.01392,0.03198,1.02808,0.00666,-0.00160,0.85554,4.49,-40.51,61.59
5426,0.02466,0.01001,1.01318,0.00426,0.00053,0.92958,2.69,-39.32,61.59
5427,-0.00952,0.03296,1.00073,-0.00985,0.00373,0.94622,3.89,-41.11,59.95
5428,-0.02026,-0.00122,1.01636,-0.00160,-0.00439,0.99948,3.59,-39.92,59.65
5429,-0.16260,-0.37451,1.00928,0.03262,0.01145,0.26139,3.59,-39.92,59.65
5430,-0.00488,-0.09424,1.00293,-0.00200,-0.00186,1.02758,4.49,-39.02,61.29
5431,0.03491,-0.01880,1.01123,-0.02876,0.00533,1.09269,5.23,-38.12,60.25
5432,0.03101,-0.04297,1.01489,-0.01531,0.00599,1.04423,5.83,-39.92,61.44
5433,-0.05176,-0.03906,1.00952,-0.00559,0.00146,0.90321,5.83,-39.92,61.44
5434,0.18896,0.01611,1.00977,0.00240,-0.01411,0.30706,6.28,-38.57,60.55
5435,-0.03564,-0.13379,1.00732,0.01012,-0.00399,0.75248,6.58,-39.17,60.40
5436,0.02417,-0.09839,1.02075,-0.02676,0.00879,0.77764,7.03,-39.32,59.05
5437,-0.15283,0.86475,0.99023,-0.02943,0.01798,0.49468,7.33,-38.42,59.65
5438,-0.02490,-0.16870,0.99170,0.05193,0.00626,0.78457,7.33,-38.42,59.65
5439,0.00659,-0.04321,1.01416,0.00533,-0.00107,1.01267,6.88,-36.48,59.95
5440,0.06641,-0.00073,1.04785,0.00067,-0.00799,1.03810,7.33,-39.17,59.35
5441,0.21606,-0.23779,1.06738,-0.01238,-0.05340,0.45726,8.37,-38.72,59.95
5442,-0.03394,-0.20166,0.98437,-0.03382,0.00493,0.92398,8.67,-37.97,59.65
5443,0.04687,-0.02710,1.04297,-0.04607,-0.00133,1.14463,8.67,-37.97,59.65
5444,-0.01416,-0.00464,1.01733,-0.03222,0.01345,1.18591,8.37,-37.67,61.44
5445,0.00928,-0.02075,1.04272,-0.03302,0.00905,1.08897,8.67,-37.67,60.70
5446,-0.04956,-0.03931,0.98267,-0.02823,0.00999,1.04569,8.97,-38.12,60.85
5447,0.00952,-0.08179,0.99805,-0.03222,0.01838,1.17658,8.97,-38.12,60.85
5448,0.00610,-0.02148,1.01855,-0.02131,0.01531,1.27219,9.12,-37.23,60.70
5449,0.03027,-0.01685,1.01538,-0.03755,0.01079,1.38351,10.76,-38.12,59.80
5450,0.00342,-0.00854,0.98584,-0.02690,0.01438,1.38205,10.61,-38.42,60.70
5451,-0.00586,-0.03491,1.01099,-0.03688,0.01158,1.44050,12.56,-35.58,60.25
5452,-0.03955,-0.01221,1.00781,-0.02756,0.01198,1.48644,12.56,-35.58,60.25
5453,0.00000,-0.02002,1.01709,-0.03036,0.00107,1.43584,12.41,-35.73,61.15
5454,-0.03296,-0.04736,0.99927,-0.02637,0.01225,1.50855,11.96,-36.03,59.95
5455,-0.03516,-0.01147,1.02368,-0.03129,0.00346,1.46074,13.16,-36.48,61.44
5456,0.00659,-0.05518,1.00317,-0.03356,0.00799,1.52399,13.16,-36.48,61.44
5457,-0.02246,-0.04346,1.02100,-0.01811,0.00439,1.64171,15.10,-34.38,60.85
5458,-0.01489,-0.01294,1.00024,-0.03862,0.00786,1.58618,15.40,-34.53,60.70
5459,-0.00757,-0.03687,1.00464,-0.04447,0.00439,1.47006,16.00,-34.98,61.15
5460,0.00293,0.03149,1.01221,-0.02277,-0.00293,1.47779,15.85,-33.94,60.55
5461,-0.00122,-0.00659,1.01782,-0.01997,-0.00626,1.31534,15.85,-33.94,60.55
5462,-0.01245,0.02344,1.00293,-0.02996,-0.00040,1.26500,16.00,-33.79,62.49
5463,0.04248,-0.00220,1.04248,-0.01917,-0.01145,1.28018,18.09,-33.19,61.29
5464,0.06836,0.06323,1.07983,0.00786,-0.02117,1.65409,17.94,-33.04,60.40
5465,0.07251,0.01099,0.96973,-0.05766,-0.00866,2.06728,18.99,-33.04,59.65
5466,0.05029,-0.03638,0.99243,-0.06858,-0.00759,2.61815,18.99,-33.04,59.65
5467,-0.02905,-0.10400,1.01050,-0.01864,-0.00679,2.57275,19.73,-33.49,59.95
5468,-0.01416,-0.07300,0.99146,-0.02863,-0.00573,2.50124,18.99,-33.49,60.40
5469,-0.05078,-0.02100,0.99951,-0.01864,0.00652,2.45011,21.23,-31.10,61.15
5470,-0.06348,-0.02173,1.00000,-0.02743,0.00266,2.26808,21.23,-31.10,61.15
5471,-0.04565,-0.03711,1.01514,-0.03036,0.00346,2.08978,23.92,-31.39,60.55
5472,-0.04590,0.00000,1.01880,-0.00999,-0.00093,1.91321,23.02,-30.05,60.40
5473,-0.04297,0.02441,1.04150,-0.02996,0.01158,1.73984,23.62,-30.65,60.55
5474,-0.04614,0.00146,1.00342,-0.02091,0.00413,1.50895,24.67,-29.00,60.25
5475,0.00635,-0.02393,1.00391,-0.01824,0.00360,1.37406,24.67,-29.00,60.25
5476,0.00098,0.02271,1.03027,-0.01172,0.00426,1.41361,26.01,-26.61,59.65
5477,0.01025,-0.00635,1.02271,-0.01478,-0.00107,1.51454,25.71,-27.21,60.55
5478,0.03174,-0.05835,1.00952,-0.03196,-0.00253,1.70229,25.27,-28.11,60.40
5479,0.00708,-0.03638,1.00928,-0.02850,-0.00732,1.77486,25.27,-28.11,60.40
5480,0.00049,0.01978,1.02368,-0.03103,-0.00253,1.73132,26.91,-26.46,60.55
5481,-0.01465,-0.02441,1.00464,-0.03422,-0.01332,1.60296,27.66,-26.46,60.25
5482,-0.21704,-0.05249,1.12036,0.14874,-0.06871,1.34503,29.15,-22.57,59.80
5483,0.03638,-0.00952,1.02124,-0.03915,-0.00479,1.23651,29.15,-22.57,59.80
5484,0.02002,-0.01343,1.00635,-0.02197,-0.00905,1.20934,29.15,-22.57,59.80
5485,0.02075,-0.01001,1.01563,-0.04874,-0.00373,1.39723,28.11,-24.37,58.90
5486,-0.14673,0.28613,1.20166,0.04767,-0.01265,0.52571,30.20,-23.02,58.45
5487,0.03027,0.09326,0.96313,-0.07590,0.02716,0.70720,28.40,-23.02,60.25
5488,-0.01147,-0.00122,1.00293,-0.02783,0.00599,1.03717,28.40,-23.02,60.25
5489,-0.03101,0.01929,1.02515,-0.02410,-0.00053,0.92798,29.45,-21.83,60.85
5490,0.14624,-0.22314,1.02612,-0.04581,-0.04075,0.51559,30.05,-22.72,59.35
5491,-0.06152,0.12549,1.07886,0.01012,-0.01385,0.66166,30.05,-21.98,60.40
5492,-0.01611,-0.07983,0.95435,-0.02450,-0.03662,0.26805,30.05,-21.98,60.40
5493,-0.07349,0.06079,0.95068,-0.00999,0.00626,0.12677,29.75,-21.38,60.85
5494,-0.01318,-0.00610,1.02295,-0.00972,-0.01398,-0.10320,30.05,-21.68,60.40
5495,-0.00366,0.02710,1.04785,0.00386,-0.00453,-0.18296,29.60,-21.98,59.95
5496,-0.05322,0.09570,1.03442,0.00186,-0.00826,-0.31732,31.39,-19.29,61.15
5497,-0.01147,-0.03809,1.00049,-0.00666,-0.00759,-0.37790,31.39,-19.29,61.15
5498,0.06885,-0.11084,1.02246,-0.00839,-0.00826,-0.50307,30.05,-20.48,58.90
5499,0.03345,-0.00952,1.00830,0.00226,0.00360,-0.59202,29.60,-21.23,60.40
5500,0.01807,-0.05640,1.03101,0.02024,-0.00945,-0.70694,30.05,-21.68,59.95
5501,0.05005,-0.07764,1.06006,0.02503,-0.02983,-0.55420,30.05,-21.68,59.95
5502,0.04077,-0.11450,1.01343,-0.00293,-0.01012,-0.41319,28.55,-21.68,59.35
5503,-0.02954,0.01587,1.03345,0.02197,-0.00373,-0.55021,29.45,-22.57,59.05
5504,-0.02148,-0.01440,1.02539,0.01358,-0.00639,-0.47631,29.45,-23.02,58.45
5505,0.00708,-0.01172,1.00122,0.01758,-0.01225,-0.44595,29.75,-23.32,58.45
5506,0.01392,-0.06836,1.01392,0.02144,-0.00852,-0.41599,29.75,-23.32,58.45
5507,0.04248,-0.14111,1.01147,0.02663,-0.01358,-0.27311,28.40,-21.83,59.05
5508,0.02979,-0.12183,0.97681,0.09294,-0.02716,-0.08389,28.11,-22.42,58.60
5509,0.00342,-0.01343,1.00317,0.04088,-0.01252,0.10693,28.70,-22.57,59.50
5510,0.02539,-0.07373,1.03271,0.03595,-0.01212,0.17271,29.30,-23.47,59.35
5511,0.00415,-0.02954,1.01636,0.01158,-0.00373,0.22917,27.96,-21.83,59.80
5512,0.00562,-0.04712,1.00317,-0.00346,-0.00719,0.19667,27.06,-22.72,58.90
5513,-0.00244,-0.05396,1.00781,0.00000,-0.00879,0.21185,29.60,-23.17,59.65
5514,-0.00562,-0.04102,1.00464,-0.00479,-0.00466,0.15899,29.60,-23.17,61.15
5515,-0.01367,0.01465,1.02515,0.00772,-0.01292,0.15034,29.60,-23.17,61.15
5516,0.17700,0.35107,1.48950,0.35993,-0.15034,0.16685,28.70,-23.02,58.01
5517,-0.00806,0.02783,1.05029,0.06804,-0.03662,0.12370,27.66,-23.77,60.25
5518,0.00928,-0.04419,1.01074,0.01158,-0.00852,0.21452,29.60,-22.42,57.86
5519,0.00049,-0.02393,1.01392,0.01039,-0.01092,0.25220,29.45,-23.02,60.25
5520,0.00073,-0.03027,1.01270,0.00093,0.00213,0.31931,29.45,-23.02,60.25
5521,-0.01270,-0.01050,1.01733,-0.00519,-0.00652,0.36725,29.15,-22.13,59.80
5522,-0.01245,-0.03589,1.00513,-0.01438,-0.00253,0.29068,29.60,-22.42,58.60
5523,0.00024,-0.02295,1.01733,-0.00493,-0.00160,0.18935,28.55,-21.98,60.40
5524,-0.01587,-0.03857,1.01611,0.00413,-0.00373,0.09880,28.55,-21.98,60.40
5525,-0.00146,-0.02124,1.01831,0.00626,-0.01105,0.05193,30.50,-20.63,58.45
5526,0.00122,-0.02905,1.01782,0.00493,-0.01372,0.05140,29.15,-21.83,59.80
5527,-0.00366,-0.01904,1.01099,-0.00293,-0.00519,0.07017,29.30,-21.23,58.16
5528,0.00415,-0.01025,1.01147,-0.00493,-0.00919,0.09321,30.20,-23.02,56.96
5529,-0.00269,-0.01367,1.01929,0.00266,-0.00626,0.17444,30.20,-23.02,56.96
5530,-0.00171,0.00269,1.01807,0.00146,-0.00666,0.19441,29.60,-21.98,59.35
5531,-0.00122,-0.02881,1.01245,-0.00266,0.00053,0.18416,29.30,-20.93,59.35
5532,-0.01025,-0.03394,1.01685,0.00146,-0.00666,0.19721,30.35,-20.93,58.60
5533,-0.02100,-0.03833,1.02026,0.00546,-0.00652,0.16059,30.35,-20.93,58.60
5534,-0.00830,-0.02686,1.01538,0.00639,-0.01158,0.08615,29.45,-21.83,58.75
5535,-0.00903,-0.02295,1.01489,0.01478,-0.00573,0.06804,29.45,-20.63,58.45
5536,-0.01050,-0.02783,1.01831,0.00746,-0.01305,0.02703,31.25,-21.83,59.05
5537,-0.00757,-0.02783,1.01807,0.00320,-0.01079,0.01731,29.15,-21.38,58.45
5538,-0.00391,-0.02759,1.01538,0.00080,-0.01079,0.02077,29.15,-21.38,58.45
5539,-0.00171,-0.02051,1.02002,0.00093,-0.00759,0.06871,29.75,-20.33,59.05
5540,-0.00024,-0.01416,1.01489,-0.00746,-0.00959,0.27750,30.35,-21.68,59.35
5541,-0.01221,-0.02612,1.00464,0.00333,-0.00373,0.28216,30.95,-22.57,59.05
5542,-0.01196,-0.02563,1.01245,-0.00652,-0.00506,0.23862,30.95,-21.83,58.45
5543,0.00122,-0.02368,1.01733,0.00146,-0.00626,0.12330,30.95,-21.83,58.45
5544,-0.00391,-0.02588,1.01587,0.00599,-0.00919,0.25606,30.35,-21.23,57.56
5545,0.00732,-0.04248,1.01538,-0.00213,-0.00399,0.30307,32.44,-20.33,59.80
5546,-0.00537,-0.03882,1.01660,-0.00666,-0.00013,0.31652,29.60,-21.68,58.90
5547,0.01196,-0.06763,1.02002,-0.00892,-0.00173,0.48816,29.60,-21.68,58.90
5548,0.03613,-0.09619,1.02783,-0.00919,-0.00240,0.86886,30.50,-19.88,59.05
5549,0.06421,-0.11499,1.01318,-0.01878,-0.00386,1.20841,31.25,-21.38,59.05
5550,0.05933,-0.14185,1.01318,-0.02250,-0.00320,1.54304,30.50,-19.88,60.55
5551,-0.01758,-0.01514,1.00537,-0.01558,-0.00013,1.65875,30.80,-18.54,59.35
5552,-0.01611,-0.07275,1.00488,-0.02317,-0.00559,1.57313,30.80,-18.54,59.35
5553,-0.01611,0.01855,1.01001,-0.01238,-0.00160,1.51001,31.84,-17.49,57.86
5554,0.00537,-0.03491,0.99927,-0.00759,-0.00253,1.35262,31.84,-18.99,59.35
5555,-0.01099,0.00635,1.01025,-0.01065,0.00000,1.25235,32.74,-17.64,58.01
5556,-0.03027,0.14575,1.00732,-0.01545,-0.00200,1.22932,32.74,-17.64,58.01
5557,-0.01660,-0.05200,1.00757,-0.01318,-0.00439,1.04223,32.74,-16.89,59.05
5558,-0.02563,-0.00098,1.00830,-0.01185,-0.00506,0.95208,31.99,-16.44,59.50
5559,0.00879,-0.06396,1.00610,0.00439,-0.00972,0.86912,33.49,-14.20,59.80
5560,0.01245,-0.01807,1.01831,0.00093,-0.00839,0.98976,33.64,-15.55,60.40
5561,-0.02539,0.02515,1.01563,0.00466,-0.01358,0.93264,33.64,-15.55,60.40
5562,0.02173,-0.04102,1.00928,-0.00652,-0.01079,0.95381,33.79,-14.20,58.45
5563,-0.01514,-0.01563,1.00586,-0.00506,-0.01398,0.98564,33.19,-14.20,60.85
5564,-0.03809,-0.04517,1.01611,0.00652,-0.00666,0.97858,33.34,-13.60,59.95
5565,-0.01440,-0.02734,1.01221,-0.00732,-0.00546,0.88204,33.34,-13.60,59.95
5566,-0.01904,-0.03882,1.00342,-0.00852,-0.00919,0.86087,33.79,-12.71,59.50
5567,0.01880,-0.03320,1.02246,-0.00107,-0.01172,0.98577,33.79,-12.26,59.50
5568,-0.02051,0.03223,1.01440,-0.00386,-0.00692,0.94795,33.49,-13.01,59.80
5569,-0.00269,-0.02637,1.01929,0.00027,-0.00666,0.84262,34.83,-11.36,58.90
5570,-0.00781,-0.02393,1.00806,-0.01079,-0.00226,0.91280,34.83,-11.36,58.90
5571,-0.00366,0.00708,1.01440,0.00346,-0.00293,0.81826,33.19,-12.26,57.71
5572,-0.01465,-0.04858,1.00830,0.00280,-0.00799,0.76539,34.24,-11.96,59.05
5573,0.00073,-0.03247,1.01587,-0.00067,-0.00905,0.77445,36.03,-10.47,58.75
5574,0.00977,-0.02271,1.01514,-0.00546,-0.00759,0.87325,35.13,-10.61,59.35
5575,-0.00928,-0.05029,1.01318,-0.01092,-0.00679,0.91480,35.13,-10.61,59.35
5576,-0.00220,-0.03247,1.01343,-0.02051,-0.00613,0.98763,34.83,-10.91,58.90
5577,-0.00098,-0.01587,1.01025,-0.02557,-0.00679,1.05355,34.53,-8.82,58.45
5578,-0.01685,0.00098,1.01221,-0.02144,-0.00200,1.06340,36.78,-10.02,59.05
5579,0.03662,0.00439,1.01489,-0.02277,-0.00320,0.98763,36.78,-10.02,59.05
5580,0.01929,0.00073,1.01440,-0.01904,-0.00360,1.21001,35.73,-8.07,60.25
5581,0.02832,0.00317,1.02808,-0.01119,0.00027,1.32266,35.13,-9.12,58.90
5582,0.00000,-0.00732,1.02344,-0.01478,-0.00293,1.23691,35.28,-8.52,59.50
5583,-0.01709,-0.03540,1.00146,-0.01332,0.00093,1.27419,36.63,-6.73,59.35
5584,-0.01099,-0.04492,0.99878,-0.01158,-0.00093,1.31067,36.63,-6.73,59.35
5585,-0.00732,-0.03906,1.02197,-0.00826,-0.00493,1.35701,35.13,-5.68,58.60
5586,0.02563,-0.04590,1.03223,-0.01238,-0.00706,1.58391,36.78,-3.59,59.50
5587,-0.06226,0.01807,1.00952,-0.00360,-0.00679,1.80962,37.08,-5.08,58.75
5588,-0.01782,-0.00903,1.02319,-0.00626,-0.00479,1.15688,37.08,-5.08,58.75
5589,-0.01367,-0.02710,1.01221,-0.00932,-0.00093,1.05301,36.48,-4.34,59.50
5590,-0.00317,-0.02759,1.01123,-0.00732,-0.00386,0.92638,36.78,-4.34,60.25
5591,0.00244,-0.02197,1.01514,-0.00200,-0.00546,0.84609,37.52,-2.84,59.80
5592,0.00269,-0.03149,1.01758,-0.00186,-0.00852,0.79855,36.03,-2.84,59.05
5593,-0.01440,-0.02490,1.01782,0.00280,-0.00386,0.82172,36.03,-2.84,59.05
5594,0.02393,-0.02734,0.99170,-0.00626,-0.00493,0.56446,36.78,-2.84,59.80
5595,-0.03833,-0.02905,1.01563,-0.00333,-0.00985,1.01746,36.03,-2.09,59.50
5596,0.01514,-0.06299,1.01636,-0.00706,-0.00613,1.00934,35.88,-1.79,58.16
5597,-0.03223,-0.05176,1.01465,-0.00506,0.00040,1.32079,35.88,-1.79,58.16
5598,-0.22534,0.06616,1.05273,-0.02344,-0.00413,1.38484,36.03,-0.15,57.71
5599,0.07886,-0.06763,1.00879,-0.02117,0.00120,1.05208,36.93,-1.05,58.90
5600,-0.04834,-0.14038,0.99243,-0.02077,0.00200,0.89589,36.78,0.15,56.96
5601,-0.02661,-0.00781,1.01465,0.00067,-0.00186,0.86633,37.08,1.64,58.75
5602,0.00610,-0.03589,1.01367,-0.00146,-0.00652,0.77778,37.08,1.64,58.75
5603,0.00049,-0.01758,1.01563,-0.00546,-0.00599,0.90268,37.38,1.50,58.90
5604,-0.01050,-0.00073,1.01807,-0.00320,-0.01158,0.67831,36.03,2.09,59.05
5605,0.00342,-0.04541,1.01685,-0.00280,-0.00226,0.57072,35.28,2.84,58.45
5606,0.00757,-0.06909,1.01465,-0.00812,-0.00320,0.54808,34.83,2.99,59.65
5607,-0.00586,-0.03247,1.01270,-0.00639,-0.01345,0.53463,36.78,2.09,59.80
5608,-0.01514,-0.00903,1.01538,0.01119,-0.01398,0.50294,34.24,2.39,58.75
5609,0.03369,-0.05957,1.01855,0.00120,-0.00746,0.54848,36.03,3.14,59.50
5610,-0.01196,-0.01563,1.01465,0.00413,-0.00732,0.67711,35.28,2.39,59.50
5611,-0.00391,-0.02612,1.01465,0.00226,-0.00852,0.74662,35.28,2.39,59.50
5612,0.00903,0.00684,1.02563,-0.01212,0.00027,0.86087,35.28,4.34,59.50
5613,0.01367,-0.01440,1.01270,-0.00160,-0.00506,1.01187,35.73,4.63,58.01
5614,-0.00244,-0.05005,1.01587,0.00559,-0.00999,0.99922,34.38,4.93,58.90
5615,-0.02344,-0.01367,1.00977,0.00226,-0.01438,0.97884,35.88,4.93,58.90
5616,0.00122,-0.05151,1.01636,0.00466,-0.00306,0.86752,35.88,4.93,58.90
5617,0.00317,-0.04932,1.01978,0.01505,-0.01611,1.02678,36.03,5.38,58.75
5618,-0.03198,-0.07178,1.01489,0.01278,-0.00479,1.27166,37.08,5.83,60.25
5619,-0.01294,-0.06299,1.01514,0.01518,-0.00786,1.33424,35.28,6.58,59.05
5620,-0.03149,-0.04663,1.00977,0.01478,-0.00253,1.65649,35.28,6.58,59.05
5621,0.00757,-0.02344,1.00610,-0.00186,-0.00506,1.74610,36.63,8.37,58.90
5622,0.01904,0.02515,1.04810,-0.00692,-0.00373,1.67539,35.43,7.92,58.60
5623,0.00024,-0.01440,1.01514,-0.00919,0.00186,1.58485,35.43,9.87,58.90
5624,-0.00293,-0.01074,1.00610,-0.00892,-0.00360,1.51654,34.53,10.47,59.05
5625,0.02783,-0.00244,1.02832,-0.01704,0.00506,1.35302,34.53,10.47,59.05
5626,0.00757,-0.02002,1.01587,0.00426,0.00173,1.14902,34.83,11.36,60.40
5627,-0.00024,-0.02124,1.01685,-0.00772,0.00493,0.96060,35.73,12.26,59.05
5628,-0.00562,-0.01221,1.01099,-0.00093,-0.00280,0.74009,34.83,11.66,60.40
5629,-0.17676,-0.05981,1.02222,-0.01771,0.00493,0.77671,34.83,11.66,60.40
5630,-0.01660,-0.01709,1.01563,-0.01491,-0.00040,0.91173,34.09,10.61,59.95
5631,-0.00903,-0.07788,1.01782,0.01305,-0.01491,0.79522,33.79,10.76,59.05
5632,-0.03369,-0.02295,1.01489,0.01252,-0.01039,0.92159,33.79,11.96,58.75
5633,-0.09473,-0.02246,1.00439,0.00213,-0.00266,1.56035,34.09,12.86,59.35
5634,-0.07495,-0.01855,1.00439,-0.04234,0.02357,1.88312,34.09,12.86,59.35
5635,-0.01855,-0.07056,1.02563,-0.00826,0.01039,1.97274,33.79,14.20,59.80
5636,-0.05078,0.01538,1.00024,0.00746,0.02264,2.28073,34.53,16.15,60.55
5637,0.13623,0.12183,1.01074,-0.04394,0.02703,2.27061,33.19,16.15,59.50
5638,0.03516,0.06567,0.98608,0.00985,0.01678,1.50096,33.19,16.15,59.50
5639,0.00024,-0.02710,1.01563,0.02170,-0.00732,0.78137,32.89,16.74,58.90
5640,-0.00903,-0.02222,1.01001,0.01465,-0.00626,0.53303,32.74,17.19,59.80
5641,0.00098,-0.02905,1.01685,0.01864,-0.00985,0.36618,31.25,17.94,59.80
5642,-0.00049,-0.05884,1.02295,0.03356,-0.00985,0.31412,30.35,17.79,59.65
5643,-0.00586,-0.03589,1.03735,0.01292,-0.00133,0.42544,30.35,17.79,59.65
5644,-0.22681,-0.57788,1.00757,-0.05553,0.00746,0.72704,32.44,16.89,59.50
5645,0.06299,0.14307,0.99951,0.07430,-0.00972,1.90483,32.74,18.84,59.50
5646,0.00977,-0.00562,1.00439,-0.03728,0.00905,1.38471,30.20,20.63,57.71
5647,0.01416,0.10742,1.01440,-0.00413,0.00706,1.05461,31.84,17.49,59.95
5648,-0.05322,-0.11157,1.06909,-0.01212,0.00852,1.59523,31.84,17.49,59.95
5649,-0.00977,0.00439,1.03027,0.02197,-0.00253,1.99444,30.05,19.73,59.65
5650,0.02271,0.05664,0.99561,-0.01944,0.01039,1.61667,30.95,20.33,59.80
5651,-0.00732,-0.04834,0.99243,0.01491,0.00053,1.22359,30.50,21.38,59.50
5652,0.00586,-0.04321,1.04565,-0.01971,0.01731,1.34343,30.50,21.38,59.50
5653,-0.01270,-0.00757,0.98535,-0.03196,0.00879,1.03304,28.70,22.57,58.45
5654,-0.04321,-0.15186,1.03369,-0.07470,0.00413,1.10495,28.70,21.38,60.55
5655,0.06348,0.18701,1.00464,-0.00706,0.01531,1.13025,27.06,22.42,57.86
5656,-0.10571,-0.26196,1.02441,-0.09907,0.02157,1.05834,28.70,23.02,59.80
5657,-0.04663,0.01587,0.97998,0.01984,-0.00080,1.40695,28.70,23.02,59.80
5658,0.03394,-0.08691,1.05298,0.00093,-0.00759,1.41507,28.70,23.32,59.50
5659,-0.01709,-0.05884,1.00708,-0.01079,0.00905,1.35542,28.40,24.82,58.75
5660,0.02246,-0.01709,1.03442,-0.03103,0.00493,1.57233,27.66,25.27,59.50
5661,0.01807,-0.03687,1.04590,-0.01904,-0.00839,1.68472,27.66,25.27,59.50
5662,0.03589,0.02271,1.00757,-0.04274,0.01451,1.62440,28.11,25.86,58.90
5663,0.01709,0.04517,1.02173,-0.03995,0.01931,1.35355,26.16,26.01,58.75
5664,-0.21338,-0.22876,0.80225,-0.06565,0.07883,0.28443,26.91,26.01,59.05
5665,-0.01758,-0.01318,0.99951,0.01531,-0.00320,0.12264,26.01,26.61,58.90
5666,-0.02002,-0.04517,1.01367,-0.02051,-0.00759,0.09854,26.01,26.61,58.90
5667,-0.01636,-0.03516,1.01416,-0.00573,-0.00812,0.15872,26.76,26.16,58.90
5668,-0.01392,-0.04224,1.01611,0.00293,-0.00839,0.21385,26.46,24.82,60.25
5669,0.00244,0.00000,1.01440,0.00559,-0.00812,0.18416,26.76,27.66,59.35
5670,-0.01025,-0.01685,1.00879,0.00493,0.00040,0.08216,26.76,27.66,59.35
5671,-0.00952,-0.01880,1.01367,-0.05499,0.00320,0.14022,24.67,26.46,59.50
5672,-0.01245,-0.03198,1.02271,-0.01039,-0.00732,0.19747,25.41,26.76,59.05
5673,-0.01978,0.01514,0.99268,0.01758,0.00186,0.34714,25.41,27.96,59.05
5674,-0.02026,-0.05835,1.03271,-0.01345,-0.00573,0.38922,25.27,28.55,58.90
5675,-0.01587,-0.05420,1.01514,-0.01505,0.00013,0.37977,25.27,28.55,58.90
5676,-0.00122,-0.03516,1.02368,-0.02397,-0.00453,0.43955,24.52,26.61,60.70
5677,-0.00171,-0.02026,1.02905,-0.01651,0.00346,0.40347,25.71,27.51,58.75
5678,-0.04785,-0.08032,0.99878,-0.01119,-0.00732,0.50081,24.52,27.66,59.65
5679,0.00342,-0.01880,1.01294,-0.00373,-0.01345,0.59096,24.52,27.66,59.65
5680,0.00562,-0.03418,1.02930,-0.00639,-0.01079,0.39282,25.71,28.26,58.45
5681,-0.01196,-0.00366,1.01611,-0.01092,-0.00732,0.53956,24.52,27.36,58.90
5682,0.06982,-0.06592,1.00562,0.00399,-0.00786,0.34408,25.12,28.70,58.75
5683,-0.00952,-0.05029,1.01807,-0.01172,-0.00732,0.20719,24.67,28.70,59.80
5684,-0.00415,-0.04590,1.01880,-0.00586,-0.01172,0.43862,24.67,28.70,59.80
5685,-0.00806,-0.02612,1.01733,0.01252,-0.00759,0.64209,24.07,29.30,59.65
5686,-0.01099,-0.03467,1.00439,-0.01531,0.00533,0.82159,24.82,28.11,59.95
5687,-0.02734,-0.02905,1.02417,-0.01518,-0.00013,0.89296,23.62,28.70,60.55
5688,-0.00977,-0.05884,1.02271,-0.01252,-0.00506,0.92185,23.62,28.70,60.55
5689,0.01392,0.00317,1.01953,0.00519,-0.00692,1.04076,23.17,28.26,59.05
5690,0.00879,-0.03467,1.01489,-0.00959,0.00466,1.14929,23.17,29.00,59.50
5691,-0.00806,-0.08105,1.04736,0.00093,-0.00399,1.04729,21.68,29.75,58.75
5692,0.01270,-0.03540,1.03271,-0.00639,-0.01172,0.91639,21.68,29.75,58.75
5693,-0.00024,-0.08594,1.00903,0.01411,-0.00919,0.80441,21.68,29.75,58.75
5694,-0.00220,-0.05713,1.03882,-0.01305,0.00280,0.76060,22.28,31.10,58.16
5695,0.02026,-0.00610,1.03369,0.00240,0.00200,0.71652,21.53,28.85,58.90
5696,0.05420,-0.03979,1.03979,0.00053,-0.00493,0.68803,21.08,30.65,59.05
5697,0.06641,-0.07373,1.01294,-0.03196,0.00613,0.90095,21.08,30.65,59.05
5698,0.00391,-0.01270,1.03418,0.01292,-0.01465,1.11986,21.68,30.65,59.05
5699,-0.04102,-0.13672,1.05835,0.00746,-0.01824,1.04010,18.24,32.29,59.65
5700,0.00684,-0.06006,1.07007,0.03888,-0.02237,0.84076,19.14,32.44,57.26
5701,0.01465,-0.07227,1.04102,0.00786,-0.00985,0.81133,19.14,32.44,57.26
5702,-0.02271,-0.11572,1.04883,0.00213,-0.01425,0.77724,19.88,32.89,60.25
5703,-0.04761,-0.02637,1.03711,-0.01398,-0.01238,0.72238,18.99,33.04,57.86
5704,-0.02124,-0.03076,1.04883,0.01691,-0.00333,0.61293,18.39,32.14,57.71
5705,-0.01611,-0.05249,1.03491,-0.01238,-0.00506,0.47577,18.69,33.04,58.60
5706,0.03589,0.01147,1.03076,0.02144,-0.01811,0.55767,18.69,33.04,58.60
5707,0.01050,0.01099,1.04346,0.05393,-0.00200,0.67431,17.49,33.79,58.16
5708,0.06934,-0.03662,1.03540,0.02011,-0.01332,0.77405,17.49,31.84,57.86
5709,-0.00439,0.01904,1.04541,0.00905,-0.01478,1.02385,18.24,33.04,59.35
5710,0.02466,-0.10205,1.02295,0.04155,-0.00573,1.59190,18.24,33.04,59.35
5711,0.00732,-0.08936,1.06128,0.01891,0.00240,1.65063,17.04,32.14,59.50
5712,-0.02124,-0.03442,1.03296,0.07284,-0.00626,1.39630,15.10,33.64,57.71
5713,-0.01660,0.00366,1.03174,0.03649,-0.00573,1.07871,16.00,34.24,57.86
5714,-0.00708,0.01099,1.06738,-0.01185,-0.00386,0.94289,14.95,35.73,58.60
5715,0.01611,0.01782,1.04004,-0.03196,0.00346,0.87831,14.95,35.73,58.60
5716,-0.21436,-0.05103,1.02661,-0.03782,0.00959,1.19057,14.65,36.93,57.86
5717,0.05835,-0.04077,1.03247,-0.01292,0.01265,1.21720,14.05,35.13,58.01
5718,0.04272,-0.08667,1.03394,-0.07790,0.03103,1.44503,13.01,35.58,59.05
5719,0.05566,-0.05981,1.03174,-0.01052,0.01318,1.40588,13.01,35.58,59.05
5720,0.00684,0.01563,1.05493,-0.03835,0.00852,1.56008,12.56,35.58,58.75
5721,0.00293,-0.04297,1.06250,-0.05113,0.00266,1.58525,12.41,34.98,57.56
5722,-0.01733,0.05396,1.03833,-0.08615,0.02796,1.96062,12.41,36.48,58.60
5723,0.01099,-0.06128,1.05225,-0.05233,-0.00107,1.99870,10.76,37.08,58.75
5724,0.02100,-0.08032,1.03564,-0.05606,0.00146,2.28739,10.76,37.08,58.75
5725,0.17285,0.10107,1.00049,-0.11824,-0.00386,2.60084,8.97,37.08,58.01
5726,-0.01587,0.09497,1.01343,-0.07137,-0.03822,2.74425,7.62,37.23,58.16
5727,-0.01392,-0.00537,1.08105,-0.01238,-0.14581,2.40310,7.47,37.82,57.26
5728,-0.01929,-0.03906,1.05469,-0.05340,-0.19947,2.25650,7.47,37.82,57.26
5729,-0.03784,-0.00854,1.02612,-0.02290,-0.17484,2.05170,6.58,37.97,58.60
5730,-0.09863,-0.21167,0.99561,-0.01451,-0.11678,2.13532,4.19,35.88,56.96
5731,0.00977,0.06128,1.04639,0.00306,-0.14141,2.31602,2.09,36.48,59.35
5732,-0.12671,-0.15210,1.00220,0.02330,-0.06152,2.35064,2.84,38.72,59.35
5733,0.00879,-0.06006,1.02783,-0.02317,-0.05206,2.38579,2.84,38.72,59.35
5734,0.09155,0.01929,0.98853,0.00839,-0.04687,2.32281,1.64,39.02,59.50
5735,-0.08936,0.08301,0.99634,0.03662,-0.07204,2.10297,1.05,37.67,58.90
5736,0.02734,0.04590,1.02905,-0.00133,-0.05792,1.89151,-0.15,38.12,57.71
5737,-0.03857,0.12451,1.04028,0.02716,-0.03422,1.66661,-0.15,38.12,57.71
5738,0.02246,0.03369,1.03638,0.01611,-0.06858,1.55262,-1.94,39.77,59.05
5739,0.01343,-0.04565,1.02588,0.00559,-0.08655,1.55182,-2.54,37.67,57.11
5740,0.01001,-0.02002,1.02930,0.01052,-0.09468,1.56874,-3.74,37.08,57.26
5741,0.06860,0.00293,1.03613,-0.00093,-0.12304,1.57007,-4.34,37.97,58.60
5742,-0.04297,-0.02319,1.03857,0.02224,-0.06378,1.48524,-4.34,37.97,58.60
5743,-0.01343,-0.00391,1.03223,0.02703,-0.00200,1.53398,-5.23,36.63,58.75
5744,-0.00171,0.10522,1.03857,0.01878,-0.01691,1.57433,-4.49,37.08,58.45
5745,-0.17627,-0.13037,1.01416,0.04221,0.00972,1.51188,-7.62,36.48,59.35
5746,0.00269,0.07397,1.01538,0.02490,-0.00519,1.26593,-6.88,36.93,58.16
5747,-0.03247,-0.02979,1.02759,0.01571,0.04621,1.14716,-7.33,37.67,58.16
5748,-0.07056,-0.03149,1.01563,0.03396,0.07284,1.21933,-7.77,37.38,59.05
5749,0.01367,0.02832,1.02002,0.00439,0.07470,1.19030,-6.28,37.82,58.45
5750,-0.00708,-0.00610,1.02612,0.00466,0.08376,1.12212,-7.62,37.67,58.16
5751,-0.00635,-0.03687,1.02173,0.00732,0.03316,0.96753,-7.62,37.67,58.16
5752,0.01147,0.01538,1.01807,0.00146,-0.02131,0.82718,-9.87,37.97,58.60
5753,-0.00659,-0.02246,1.02002,-0.00386,-0.04727,0.74262,-10.02,37.08,57.71
5754,0.00830,0.00903,1.01733,0.00213,-0.07936,0.61905,-10.91,37.23,58.90
5755,0.02295,-0.06958,1.02173,-0.01638,-0.07870,0.55514,-10.61,36.93,57.86
5756,0.01953,-0.06787,1.02295,-0.02277,-0.08149,0.56526,-10.61,36.93,57.86
5757,0.03003,-0.10229,1.01074,-0.01678,-0.05087,0.63104,-10.32,35.58,59.50
5758,0.11377,0.03296,1.02612,-0.00107,0.00293,0.90920,-11.81,38.12,58.75
5759,0.15112,0.06152,1.01782,0.02423,-0.00386,1.24942,-10.32,37.08,58.01
5760,-0.10889,-0.05981,1.02441,0.00413,0.06298,1.42919,-10.32,37.08,58.01
5761,-0.10840,-0.08496,1.01074,0.00985,0.01411,1.39110,-12.41,36.48,59.35
5762,-0.05054,-0.07617,1.02734,0.00306,0.04141,1.38018,-13.31,35.58,58.01
5763,0.04810,-0.04224,1.02222,0.01438,-0.01744,1.21134,-13.60,37.08,59.05
5764,-0.11328,-0.08691,1.00220,-0.00639,-0.00639,1.13304,-15.70,35.28,58.60
5765,-0.11133,-0.11865,1.00439,0.00146,0.01225,1.10441,-15.70,35.28,58.60
5766,-0.00586,-0.08545,1.01514,0.00107,-0.00040,1.03118,-14.05,35.88,59.05
5767,-0.01099,-0.03906,1.02466,0.00839,-0.00040,1.06060,-15.85,35.88,58.01
5768,0.01270,-0.04248,1.02002,0.01505,0.01917,1.09243,-16.00,36.03,57.86
5769,0.01245,0.03101,1.02051,0.02237,0.10213,1.02998,-16.00,36.03,57.86
5770,0.00269,-0.01611,1.01465,0.01132,-0.01465,1.08204,-16.30,34.38,58.01
5771,0.04932,-0.00757,1.02197,0.02876,0.02397,1.13943,-15.70,34.98,58.90
5772,0.03833,-0.03003,1.02588,0.01438,0.01731,1.18417,-16.59,35.13,56.96
5773,-0.00122,-0.04102,1.01611,0.01811,0.04421,1.29296,-17.49,34.24,58.16
5774,0.01147,-0.02954,1.02515,0.02290,0.07843,1.37179,-17.49,34.24,58.16
5775,-0.00952,0.05396,1.04004,0.02037,0.08136,1.41693,-18.39,34.38,59.05
5776,-0.00366,-0.02148,1.02197,-0.00133,0.01731,1.26300,-18.69,33.04,59.35
5777,-0.02734,0.00049,1.00366,0.00759,-0.01558,1.11480,-19.73,33.49,58.60
5778,-0.03955,0.05884,1.01538,-0.00093,0.00027,0.91866,-19.73,33.49,58.60
5779,-0.05005,0.00879,1.01758,0.01811,0.11784,0.74768,-20.03,32.29,57.11
5780,-0.02490,-0.03271,1.01855,0.00692,0.18536,0.76686,-21.23,32.74,57.86
5781,-0.01099,-0.01733,1.01855,0.00879,0.16485,0.85927,-19.43,33.04,57.86
5782,-0.00708,-0.02905,1.02295,0.00346,0.11691,0.88390,-20.63,34.83,57.71
5783,-0.02563,-0.00903,1.01611,0.00413,0.08855,1.01706,-20.63,34.83,57.71
5784,0.02124,0.00269,1.01733,0.00280,0.07444,0.98164,-20.48,31.54,57.56
5785,-0.01855,-0.00195,1.01172,0.01438,0.07337,1.00241,-21.23,34.24,57.86
5786,-0.00415,-0.04028,1.01904,0.01198,0.04674,0.92199,-22.13,30.95,58.45
5787,-0.02441,-0.01685,1.01440,0.01691,0.00160,0.79309,-22.13,30.95,58.45
5788,-0.02100,-0.00220,1.01465,0.01997,-0.00932,0.59562,-22.87,31.69,59.05
5789,-0.10571,-0.04297,1.00122,0.03209,-0.06312,0.40520,-23.47,31.54,58.90
5790,-0.01563,0.22754,1.01123,-0.01598,0.07497,-0.40946,-22.72,31.54,58.90
5791,-0.03857,-0.02490,1.01367,0.00905,-0.02117,0.02996,-22.28,31.54,58.60
5792,0.01123,-0.03296,1.02173,0.00053,-0.07870,0.03728,-22.28,31.54,58.60
5793,-0.05273,-0.00195,1.01221,0.01198,-0.03249,0.00439,-22.87,30.20,58.45
5794,-0.00830,-0.01392,1.01099,0.00240,-0.09960,0.00799,-23.02,30.80,58.60
5795,0.00269,-0.05933,1.01685,-0.01158,-0.11545,0.00999,-22.72,30.05,58.16
5796,-0.02002,-0.03174,1.01782,0.01345,-0.09947,0.19361,-23.62,31.39,58.75
5797,-0.00391,-0.01953,1.01392,0.00746,-0.09787,0.18376,-22.42,31.69,59.05
5798,-0.00952,-0.01978,1.01196,0.00280,-0.06125,0.12650,-22.28,31.54,57.56
5799,-0.00171,-0.02393,1.01880,0.00626,-0.10000,0.10799,-22.28,30.35,57.11
5800,0.00366,-0.02661,1.01514,0.00120,-0.09095,0.10000,-21.68,30.65,59.05
5801,0.00269,-0.02588,1.01440,0.00945,-0.06418,0.07257,-21.68,30.65,59.05
5802,-0.01099,-0.02002,1.01538,0.02583,-0.04394,0.17071,-23.02,30.05,58.90
5803,-0.01294,0.00586,1.00781,0.01611,-0.03409,0.28056,-22.72,31.54,57.86
5804,0.00464,-0.02539,1.01489,0.02650,-0.02597,0.23929,-23.92,29.45,58.01
5805,-0.00439,-0.02539,1.01660,0.03835,0.01145,0.27937,-24.37,31.69,58.01
5806,0.00781,-0.02686,1.01807,0.05420,0.04487,0.41412,-24.37,31.69,58.01
5807,0.00171,-0.02612,1.01709,0.06365,0.03396,0.37338,-24.37,30.95,58.01
5808,-0.00269,-0.04468,1.02075,0.06631,-0.01798,0.40840,-23.77,32.29,58.90
5809,0.00562,-0.03516,1.01782,0.08735,-0.01585,0.49988,-23.02,30.35,57.56
5810,-0.03564,-0.07593,1.05518,0.13196,-0.00639,0.59855,-23.02,30.35,57.56
5811,0.02441,-0.04663,1.01953,0.09694,-0.02850,0.67138,-22.42,30.95,56.96
5812,0.01147,-0.03247,1.02271,0.10679,-0.01678,0.68084,-24.52,31.54,57.86
5813,0.06738,-0.05884,1.00635,0.00399,-0.00586,0.67618,-24.67,29.00,59.50
5814,-0.00708,-0.00098,0.99219,0.12184,-0.02237,0.64675,-24.37,31.39,58.75
5815,0.03882,-0.02832,0.99609,0.09601,-0.01585,0.72212,-24.37,31.39,58.75
5816,0.03491,-0.01855,1.01025,0.10999,0.01132,1.33957,-24.07,28.85,57.86
5817,-0.00684,-0.00879,1.01758,0.01917,-0.01145,0.99908,-26.16,29.45,57.71
5818,0.01147,-0.03906,1.03174,-0.01012,-0.00573,1.10495,-25.41,29.75,58.45
5819,-0.10181,0.04004,0.99854,-0.08336,-0.01185,1.08697,-25.41,29.75,58.45
5820,0.01074,0.00317,1.00610,-0.01904,-0.01611,1.18151,-27.21,29.75,58.01
5821,-0.06201,-0.01294,1.03027,0.00652,0.03382,1.62666,-25.12,29.00,57.26
5822,-0.12964,-0.00928,1.05005,0.01691,0.01358,2.21149,-26.91,27.51,58.75
5823,-0.06592,0.00757,1.01221,0.05340,0.07057,2.30430,-26.76,28.11,57.86
5824,-0.04126,-0.00439,1.02222,0.02756,0.05406,2.49405,-26.76,28.11,57.86
5825,0.02832,-0.02881,1.01831,0.06285,0.04408,2.60923,-28.85,26.91,58.16
5826,0.00708,-0.01807,1.02686,0.01438,0.00346,2.74812,-30.20,24.52,58.75
5827,-0.00537,-0.03003,1.02637,-0.00040,0.03262,2.73214,-30.35,24.37,58.16
5828,-0.02197,-0.02808,1.01636,0.02410,0.03462,3.02189,-30.35,24.37,58.16
5829,0.05762,-0.00317,1.00830,0.02077,0.02517,2.88500,-32.44,24.52,58.45
5830,0.01074,-0.01904,1.03198,0.00093,0.02863,2.57022,-32.14,23.47,58.90
5831,-0.00439,-0.01025,1.01685,0.02450,0.03143,2.57767,-32.74,21.83,59.80
5832,0.00293,-0.00269,1.01514,0.01851,0.03222,2.42521,-33.34,20.93,58.60
5833,0.03369,-0.01514,1.01758,-0.02543,0.01957,1.86701,-33.34,20.93,58.60
5834,0.01074,-0.02588,1.00854,-0.03422,0.04381,1.42026,-35.73,21.38,58.75
5835,0.00830,-0.00781,1.01074,-0.00799,0.01798,1.03743,-35.28,19.58,57.71
5836,-0.04639,-0.04517,1.03979,0.02117,0.05300,0.84728,-36.93,19.29,58.16
5837,0.01978,-0.00439,1.00342,-0.00692,0.03688,0.94822,-34.83,18.54,57.11
5838,-0.01855,-0.18188,1.14819,0.04714,0.00146,0.72025,-36.48,18.39,57.71
5839,0.01758,-0.03760,1.02417,0.01651,-0.02890,0.57271,-35.28,17.94,58.75
5840,0.01294,-0.00806,1.02124,0.01225,0.00186,0.48296,-36.03,17.64,59.05
5841,-0.00024,-0.00635,1.01245,0.01798,-0.00426,0.41359,-36.03,17.19,57.71
5842,0.00903,-0.01758,1.01660,0.03569,0.01278,0.29148,-36.03,17.19,57.71
5843,-0.01587,-0.01929,1.02124,0.02703,-0.03941,0.17976,-36.78,18.84,58.75
5844,0.09961,-0.04248,1.01807,0.02863,-0.00706,0.23263,-35.43,17.79,58.16
5845,-0.00513,-0.10229,1.13452,-0.11012,0.12983,-0.06285,-35.88,17.79,58.60
5846,-0.02100,-0.00757,1.02588,-0.01878,0.02850,0.15699,-37.52,17.64,58.45
5847,-0.00122,0.04907,0.99414,0.01531,-0.01638,0.13236,-37.52,17.64,58.45
5848,-0.06250,0.00903,1.00977,0.00399,-0.03182,0.18522,-34.53,17.19,58.45
5849,-0.20312,0.05225,1.00757,0.13649,0.09854,0.71226,-37.38,17.04,58.16
5850,-0.05396,0.01318,1.00000,0.02091,0.10639,1.15155,-36.48,17.94,59.50
5851,-0.02222,-0.04102,1.04517,-0.08109,0.05459,0.21851,-36.48,17.94,59.50
5852,-0.00684,-0.02417,0.99341,0.06911,-0.01917,0.50573,-35.88,18.54,59.95
5853,-0.00220,-0.02686,1.00952,-0.02583,-0.03449,0.63889,-36.78,16.89,57.26
5854,0.00513,-0.00928,1.01758,0.01917,0.00226,0.70294,-36.93,17.04,59.65
5855,0.02856,-0.01099,1.01367,-0.03023,0.01198,0.97219,-35.88,17.49,59.95
5856,-0.02832,0.02344,1.00806,-0.01065,0.01917,1.13784,-35.88,17.49,59.95
5857,-0.03638,0.00488,1.00513,-0.03023,-0.02011,1.15049,-36.18,15.10,57.56
5858,-0.00977,-0.00781,1.02075,-0.05127,-0.05899,1.09243,-37.67,15.55,59.35
5859,-0.00879,-0.05347,1.02271,-0.08549,-0.07111,1.17472,-38.87,16.30,58.90
5860,-0.00806,-0.07739,0.98950,-0.04554,-0.03369,1.13504,-38.87,16.30,58.90
5861,-0.00366,-0.03784,0.99463,-0.04767,-0.04301,1.12199,-37.52,14.20,57.71
5862,0.02954,-0.09595,1.02246,-0.09947,-0.05073,1.19629,-37.52,14.20,58.01
5863,-0.01660,-0.01489,0.99927,-0.06884,-0.00226,1.52093,-38.87,13.31,58.60
5864,0.05347,-0.07397,1.00879,-0.08096,0.00919,1.79470,-38.87,12.56,59.35
5865,0.01025,-0.02515,1.06323,-0.16618,0.10999,2.07101,-38.87,12.56,59.35
5866,0.00073,-0.02319,1.00659,-0.14980,0.02863,1.99564,-40.51,10.76,60.25
5867,0.00391,-0.01367,1.03149,-0.11731,0.01198,1.74224,-40.07,10.76,58.75
5868,-0.01440,-0.07056,1.04077,-0.04847,0.06432,1.62599,-39.47,10.61,58.90
5869,-0.03149,-0.03687,1.01318,-0.03475,0.01198,1.55888,-39.47,10.61,58.90
5870,-0.06616,-0.05591,1.01538,0.00146,0.01132,1.64743,-40.81,8.07,59.50
5871,-0.03320,0.05298,1.02734,0.00373,0.04168,1.73545,-38.87,8.37,59.35
5872,-0.04150,0.02686,1.00684,0.02929,0.07057,1.54690,-39.32,7.03,58.75
5873,0.05688,0.00732,1.02148,0.00852,0.07177,1.61268,-40.07,7.03,57.71
5874,0.02173,-0.04297,1.01245,-0.00759,0.11438,1.62746,-40.07,7.03,57.71
5875,-0.02466,-0.00903,1.01709,-0.01451,0.22118,1.60522,-40.07,5.08,60.85
5876,0.04956,-0.03125,1.01880,-0.01518,0.29388,1.61388,-42.31,5.38,59.50
5877,-0.02588,0.05713,1.03320,-0.07137,0.40587,1.61175,-40.22,4.49,59.35
5878,0.00757,-0.03979,1.04980,-0.14581,0.43663,1.46447,-40.22,2.54,60.40
5879,-0.15869,0.00903,0.94312,-0.27604,0.30254,1.28378,-41.56,2.39,59.05
5880,0.00952,-0.05664,1.03198,-0.05553,0.02836,1.09842,-41.41,1.50,60.40
5881,-0.00903,-0.08252,1.03149,-0.03808,-0.00320,1.18164,-40.22,1.79,60.40
5882,0.03491,0.01782,1.05444,-0.02131,-0.01332,1.19017,-40.66,0.30,59.65
5883,0.05249,-0.04761,1.08667,0.02397,-0.01638,1.29589,-40.81,-0.15,59.50
5884,-0.01953,0.00488,0.99585,-0.03489,0.01119,1.49097,-40.81,-0.15,59.50
5885,-0.01343,-0.00488,1.02026,0.00999,-0.00533,1.45329,-39.32,0.90,60.25
5886,0.00146,-0.01050,0.98853,-0.01438,-0.00426,1.38604,-40.51,0.15,60.25
5887,0.01318,-0.04004,1.02490,0.00932,-0.00732,1.41281,-40.81,-2.09,60.55
5888,-0.03125,-0.06641,0.97559,-0.04501,0.01571,1.65129,-40.81,-2.09,60.55
5889,-0.04687,0.02637,1.01025,-0.03915,0.00639,1.39763,-41.11,-2.39,60.55
5890,-0.00928,-0.01050,1.00293,-0.04541,0.00186,1.12359,-40.66,-2.24,60.40
5891,-0.00317,-0.06860,1.01025,-0.03742,-0.00439,1.11760,-40.96,-3.29,59.95
5892,-0.03174,0.01538,1.01660,-0.01212,-0.00679,1.03064,-40.96,-3.29,59.95
5893,-0.01001,-0.01782,1.02002,0.00213,-0.00479,1.10601,-39.77,-5.08,60.25
5894,-0.03394,0.01245,1.01563,0.01119,-0.01198,1.22399,-39.77,-3.89,58.01
5895,-0.01196,-0.01367,1.01465,-0.01252,-0.00120,1.05994,-39.47,-5.68,60.70
5896,0.01538,-0.05273,1.00488,-0.01465,-0.00586,1.26074,-41.11,-5.08,59.05
5897,-0.03833,-0.02954,1.00830,0.00027,-0.00360,1.10761,-41.11,-5.08,59.05
5898,-0.02393,-0.02051,1.01074,0.00053,0.00186,1.20947,-39.77,-5.08,59.80
5899,-0.05615,0.00366,1.01782,0.01265,-0.00759,1.08044,-38.87,-5.98,60.40
5900,-0.01855,-0.06274,0.99463,-0.00959,0.00053,1.13357,-40.07,-7.77,60.25
5901,-0.04687,-0.00293,1.01392,-0.00466,-0.00985,1.09203,-40.07,-7.77,60.25
5902,-0.02051,-0.02710,1.01270,-0.01651,-0.00892,1.01666,-39.77,-6.28,60.85
5903,-0.02051,-0.01196,1.00732,-0.02104,-0.00280,1.02159,-40.51,-9.27,60.55
5904,-0.02002,-0.01123,1.01099,0.00067,-0.00866,0.95368,-39.02,-10.47,59.05
5905,-0.01001,-0.00903,1.02222,0.01598,-0.01931,1.05328,-39.02,-10.47,58.75
5906,-0.02930,-0.04443,1.02173,0.01039,-0.01425,1.13437,-39.02,-10.47,58.75
5907,-0.02686,-0.04614,1.01440,0.00533,-0.01079,1.17658,-39.47,-9.42,61.44
5908,-0.02344,-0.05737,1.00171,0.00533,-0.00985,1.17938,-39.47,-9.87,60.40
5909,-0.03589,-0.04687,1.01050,0.00719,-0.01052,1.19989,-39.47,-9.87,60.40
5910,-0.02051,-0.01147,1.01831,-0.00306,0.00093,1.11014,-39.47,-9.87,60.40
5911,-0.00391,0.02466,1.01099,-0.01119,-0.00360,0.99056,-0.60,-11.51,60.85
5912,-0.02148,0.02319,1.01123,-0.01132,-0.00639,0.82864,-39.32,-12.26,59.05
5913,-0.01318,0.01489,1.01782,-0.00479,-0.00320,0.71812,-36.63,-13.60,60.40
5914,-0.01660,0.02856,1.01392,0.00453,-0.00506,0.60028,-36.63,-13.60,60.40
5915,-0.01172,0.02710,1.02222,0.00200,-0.00133,0.42437,-39.02,-13.01,60.40
5916,-0.01343,0.01001,1.01563,-0.00133,-0.00466,0.32997,-38.27,-13.01,61.29
5917,-0.02075,-0.04053,1.00977,-0.00639,-0.00253,0.29375,-37.82,-11.51,61.29
5918,-0.01147,-0.05811,1.01147,0.00879,-0.00666,0.50174,-38.87,-12.56,61.15
5919,-0.01587,-0.05835,1.00635,0.01039,-0.00666,0.73650,-37.52,-14.20,59.80
5920,0.10205,0.27539,1.07690,-0.01784,0.00253,0.73730,-37.82,-13.45,59.50
5921,0.00049,0.02856,1.03223,-0.01704,-0.00493,0.40786,-38.12,-14.35,60.40
5922,-0.01221,0.00244,1.01294,-0.01811,0.00173,0.33463,-38.12,-13.31,58.90
5923,0.01904,-0.02417,1.02734,0.03196,-0.02650,0.33636,-38.12,-13.31,58.90
5924,-0.02979,-0.01929,1.00586,0.00559,-0.01172,0.41306,-38.27,-13.75,59.80
5925,-0.00781,-0.02539,1.01733,0.02756,-0.02024,0.37577,-39.02,-14.95,59.50
5926,0.00977,-0.05005,1.01074,0.02011,-0.01611,0.47790,-36.78,-14.20,60.55
5927,-0.01685,-0.02148,1.01831,0.00706,-0.01917,0.61253,-38.27,-14.95,62.04
5928,0.01294,-0.04468,1.00342,0.00905,0.00213,0.03249,-38.27,-14.95,62.04
5929,0.01709,-0.06616,1.01025,0.02876,-0.02410,0.07816,-39.17,-15.10,61.74
5930,-0.00415,-0.05469,1.01514,0.00506,-0.01105,0.79336,-38.42,-13.60,59.35
5931,-0.02930,-0.04541,1.01953,0.01478,-0.01052,0.78883,-36.78,-14.65,60.25
5932,0.07202,-0.13794,1.03491,0.03089,-0.05353,1.00095,-36.78,-14.65,60.25
5933,-0.01465,-0.02954,1.04492,-0.01585,0.00746,1.26287,-37.38,-15.10,59.65
5934,-0.06006,0.02832,0.97607,0.00200,-0.02983,1.34836,-35.88,-16.74,60.70
5935,0.00537,0.00024,1.03369,0.00599,-0.01145,1.30641,-37.38,-15.85,60.70
5936,0.00684,0.02905,1.05078,0.02543,-0.03222,1.25035,-36.63,-17.04,60.70
5937,0.00854,0.00879,1.02197,0.01225,-0.03169,1.38311,-36.63,-17.04,60.70
5938,-0.03491,-0.03687,1.00830,-0.03555,0.00080,1.38910,-35.28,-17.64,60.25
5939,-0.02661,-0.00049,1.00342,-0.02850,0.00439,1.30974,-35.13,-17.79,60.40
5940,-0.02954,-0.11133,0.97290,-0.01305,-0.01119,1.37512,-35.73,-20.33,61.29
5941,-0.05688,0.05762,0.99731,-0.03222,0.01864,1.39909,-35.73,-20.33,61.29
5942,-0.00635,-0.04736,1.02881,-0.01851,-0.00373,1.33677,-34.53,-19.14,60.25
5943,0.00562,0.01807,1.01196,-0.00399,-0.01878,1.25009,-34.24,-19.58,61.29
5944,-0.00635,-0.01025,1.00854,-0.00439,0.00053,1.19989,-33.19,-20.63,58.45
5945,-0.01807,0.04517,1.01685,-0.01491,-0.00280,1.19842,-34.24,-20.63,60.25
5946,-0.01880,-0.00854,1.01953,0.00799,-0.01079,1.18564,-34.24,-20.63,60.25
5947,-0.03711,-0.01855,1.01489,-0.00373,-0.00133,1.02745,-32.74,-23.02,62.04
5948,-0.00098,-0.02441,1.00195,0.01158,-0.00320,0.96899,-32.89,-21.98,59.35
5949,-0.02905,0.05176,1.02124,-0.00692,0.00226,0.85927,-34.38,-21.98,59.35
5950,-0.05176,0.02588,1.00269,0.00759,-0.00226,0.86646,-34.38,-21.98,59.35
5951,-0.04932,0.09058,1.02246,-0.01931,0.00719,0.69216,-32.59,-22.72,60.40
5952,-0.03564,0.00732,1.01001,0.00679,-0.00386,0.67804,-32.89,-22.72,59.95
5953,-0.09302,0.16846,1.06299,-0.03649,0.00293,0.58816,-32.59,-23.92,59.95
5954,-0.05225,-0.00610,0.98047,-0.05366,0.01878,0.68670,-33.34,-21.98,59.65
5955,0.02563,-0.00464,1.02930,-0.01105,0.00013,0.83783,-33.34,-21.98,59.65
5956,0.02173,-0.02271,0.98315,-0.03076,0.01598,0.84462,-32.44,-24.52,60.55
5957,-0.02246,0.01270,1.02051,0.00000,0.00040,0.80095,-32.89,-23.47,59.95
5958,-0.04590,0.09033,1.02808,-0.05792,0.02104,0.73636,-32.44,-23.32,61.29
5959,-0.02515,-0.02417,1.00684,-0.02184,0.00333,0.68137,-32.44,-23.32,61.29
5960,-0.03027,-0.00537,1.01392,-0.00746,0.00373,0.56752,-31.69,-24.82,62.04
5961,-0.00732,-0.04150,1.00635,-0.00559,0.00027,0.54422,-32.59,-25.12,62.19
5962,-0.01855,-0.00537,1.01953,-0.01119,-0.00360,0.53143,-31.99,-24.52,61.29
5963,-0.04736,0.00806,1.00049,-0.04794,0.01478,0.39228,-30.20,-25.27,61.59
5964,-0.00171,-0.05151,1.00586,-0.00586,-0.00866,0.66193,-30.20,-25.27,61.59
5965,-0.00244,-0.04932,1.01489,-0.00013,-0.00959,0.81985,-32.14,-26.61,60.70
5966,-0.02051,-0.00903,1.00879,-0.00919,-0.01132,0.98457,-31.39,-25.41,59.65
5967,0.08179,-0.16699,1.05933,0.01305,-0.03449,1.09869,-30.35,-25.86,59.65
5968,-0.03149,-0.00269,1.01245,-0.01691,-0.00573,1.16620,-30.95,-25.56,59.80
5969,-0.02881,-0.04907,0.99585,-0.04128,0.01158,1.00628,-30.95,-25.56,59.80
5970,-0.00903,-0.01538,1.01416,-0.00573,-0.01105,1.01134,-29.60,-28.11,61.15
5971,0.00342,-0.01343,1.01074,-0.02996,-0.00293,0.95767,-30.05,-27.36,59.65
5972,-0.00342,-0.03564,1.01758,0.00027,-0.01451,0.96686,-28.55,-27.66,61.44
5973,-0.01001,-0.05103,1.00049,-0.01358,-0.00173,0.93237,-28.55,-27.66,61.44
5974,-0.00586,-0.00244,1.01245,-0.01997,-0.00360,0.95368,-27.96,-26.46,62.34
5975,-0.02930,-0.03223,1.00317,-0.00360,-0.00453,0.96473,-28.40,-27.21,60.55
5976,-0.02100,-0.06274,1.00562,-0.03675,-0.00293,0.76965,-28.70,-27.51,59.80
5977,-0.00244,-0.12378,1.00464,-0.00253,-0.00160,0.96087,-26.76,-29.30,59.35
5978,-0.14575,-0.01733,1.00830,-0.02903,-0.00866,1.02385,-26.76,-29.30,59.35
5979,-0.00757,-0.03149,1.01538,-0.01997,-0.00080,0.90081,-27.36,-28.55,61.44
5980,0.01563,-0.02905,1.00781,-0.00852,0.00852,0.91786,-26.16,-28.70,60.85
5981,0.04565,0.05786,1.03247,0.01651,0.00213,0.54795,-26.91,-29.00,59.50
5982,-0.01416,0.05859,1.01807,-0.01691,-0.00360,0.46952,-26.91,-29.00,59.50
5983,-0.00415,-0.03442,1.01221,-0.00613,0.00626,0.28376,-26.01,-30.35,59.95
5984,-0.01318,-0.01416,1.01611,-0.00985,0.00000,0.34435,-27.21,-29.75,60.25
5985,-0.02100,-0.01709,1.01587,-0.02570,0.00493,0.39042,-26.16,-28.70,60.55
5986,-0.03296,-0.18628,0.91602,-0.04301,-0.01079,0.03569,-25.41,-29.45,61.29
5987,-0.02222,0.01440,1.01465,-0.00772,0.00360,0.09587,-25.41,-29.45,61.29
5988,-0.01514,-0.01025,1.01538,-0.01079,0.00692,0.00373,-26.76,-30.35,59.95
5989,-0.01611,-0.01587,1.01294,-0.00932,0.00399,0.00466,-26.91,-29.45,59.50
5990,-0.01978,-0.01221,1.01392,-0.00945,0.00093,-0.02037,-26.76,-30.05,59.65
5991,-0.01782,-0.01831,1.01123,-0.00972,0.00559,-0.06059,-26.76,-30.05,59.65
5992,-0.01831,-0.01538,1.01196,-0.01398,0.00399,-0.08682,-26.76,-30.80,62.19
5993,-0.02515,-0.00317,1.01245,-0.00599,-0.00067,-0.16032,-25.56,-29.60,61.15
5994,-0.03101,0.06177,1.00830,0.02397,-0.00879,-0.28389,-27.06,-29.30,59.35
5995,-0.00439,-0.01929,1.00928,0.03902,-0.00759,-0.42198,-27.06,-29.60,60.70
5996,-0.01025,0.00732,1.00977,0.03715,-0.01558,-0.42105,-27.06,-29.60,60.70
5997,-0.01978,0.03540,1.00610,0.02663,-0.00812,-0.51279,-28.40,-28.26,61.59
5998,-0.02197,0.03369,1.02051,0.02517,-0.00932,-0.57351,-25.41,-27.21,60.25
5999,-0.02344,-0.04150,1.00610,0.00905,-0.00586,-0.73090,-26.76,-28.55,60.70
6000,0.02026,0.01245,1.04004,-0.00107,0.00905,-0.65940,-26.76,-28.55,60.70
6001,-0.00610,0.00171,1.01440,0.01478,-0.00786,-0.85141,-26.16,-29.75,62.04
6002,-0.02173,-0.00269,1.01660,0.00399,-0.00679,-0.85128,-27.81,-27.66,62.19
6003,-0.04468,-0.00586,1.02930,0.01465,-0.00692,-1.10574,-27.06,-26.91,59.35
6004,0.01221,0.00244,1.00879,0.01984,-0.00386,-1.17152,-29.30,-28.85,59.35
6005,0.01587,0.02466,1.01563,0.03475,-0.00399,-1.24796,-29.30,-28.85,59.35
6006,-0.01221,-0.03223,1.00342,0.03209,-0.02410,-1.47060,-27.81,-27.66,59.65
6007,0.00806,0.03076,1.01196,0.03728,-0.01425,-1.54357,-29.75,-27.51,60.85
6008,0.01611,-0.09448,1.01929,0.03435,-0.01758,-1.56647,-30.05,-27.66,61.44
6009,-0.02393,0.05371,0.99365,0.02490,-0.01332,-1.53465,-29.30,-25.86,61.15
6010,0.00000,-0.04687,1.03784,0.02117,-0.02317,-1.61694,-29.30,-25.86,61.15
6011,-0.30151,0.32275,0.96655,-0.08802,0.01571,-1.95995,-30.80,-25.12,59.95
6012,-0.12939,0.19556,1.04004,0.01225,-0.01878,-3.49846,-32.44,-23.77,60.55
6013,0.38403,-0.36060,0.98193,0.04341,-0.00866,-3.18381,-31.69,-24.82,61.29
6014,0.00635,-0.17505,1.00732,0.04634,-0.02770,-1.94038,-31.69,-24.82,61.29
6015,-0.04834,-0.01685,1.01001,0.01824,-0.00892,-1.48112,-32.59,-22.42,59.95
6016,-0.03833,0.05078,1.03003,0.02064,-0.02197,-1.68858,-34.09,-21.68,60.70
6017,0.00684,0.06152,1.08789,0.02969,-0.02157,-1.91628,-34.24,-22.13,59.80
6018,-0.02832,-0.01978,0.98047,0.03715,-0.01611,-2.00789,-35.28,-21.38,60.85
6019,-0.02295,-0.04590,0.96045,0.03808,-0.01132,-2.17008,-35.28,-21.38,60.85
6020,0.00269,0.01538,1.02148,0.03715,-0.02876,-1.89657,-35.13,-18.24,59.95
6021,0.00073,-0.04321,1.04053,0.01957,-0.00919,-1.76208,-35.43,-20.03,61.15
6022,0.01709,-0.18457,0.98901,0.04088,-0.01571,-1.78658,-36.18,-18.54,60.70
6023,0.00195,-0.04004,1.01440,0.00799,-0.00839,-1.19176,-36.18,-18.54,60.70
6024,-0.03613,0.02881,1.01758,0.01345,-0.01997,-0.99096,-36.48,-16.89,60.25
6025,-0.02002,-0.08740,0.97534,0.04581,-0.01252,-1.02026,-37.08,-16.15,60.85
6026,-0.01514,0.03540,1.02490,0.02330,-0.01585,-0.61333,-36.18,-16.30,61.74
6027,0.01147,-0.17139,1.02686,0.03848,-0.02330,-0.70228,-37.38,-15.10,60.70
6028,0.00146,-0.11060,1.03589,0.08442,-0.01198,-0.69988,-37.38,-15.10,60.70
6029,-0.11475,0.31445,0.94580,0.08535,-0.05739,-0.95315,-34.98,-14.65,60.85
6030,0.00659,0.02148,1.20459,0.12290,-0.12530,-1.51254,-36.03,-16.15,61.59
6031,-0.14063,0.07227,1.12134,0.17324,-0.13689,-2.37221,-36.93,-13.60,60.40
6032,0.10596,-0.20044,1.01001,0.19641,-0.09015,-1.75436,-36.93,-13.60,60.40
6033,-0.01636,-0.03467,0.99292,0.12517,-0.05393,-1.20761,-39.77,-12.71,62.04
6034,0.00806,-0.04492,1.01855,0.07111,-0.04234,-0.96646,-38.87,-14.05,60.70
6035,-0.01001,-0.03198,1.00562,0.02530,-0.02290,-0.76939,-37.82,-12.71,60.85
6036,-0.01978,-0.01465,1.01440,-0.00453,-0.01145,-0.70281,-38.57,-12.26,60.25
6037,0.00513,-0.04199,1.02539,0.01278,-0.02943,-0.64422,-38.57,-12.26,60.25
6038,-0.01758,0.04102,1.02490,0.02477,-0.03049,-0.62904,-38.12,-11.36,61.15
6039,0.02686,-0.01782,1.02173,0.03822,-0.03382,-0.66965,-40.22,-12.11,60.70
6040,0.00317,-0.01660,1.02319,0.07151,-0.05965,-0.57338,-39.77,-10.76,62.04
6041,0.00830,-0.03735,1.01099,0.11851,-0.06272,-0.67085,-39.77,-10.76,62.04
6042,-0.02637,-0.02661,1.03369,0.09867,-0.10360,-0.66419,-40.51,-11.21,60.85
6043,0.01465,0.01904,1.00073,0.13635,-0.06471,-0.44475,-38.87,-10.61,59.95
6044,-0.01636,-0.01294,1.03687,0.11385,-0.07350,-0.34887,-40.66,-9.12,59.35
6045,-0.00513,0.01367,1.00024,0.09587,-0.06392,-0.26472,-39.47,-10.17,61.15
6046,-0.05933,-0.00781,0.98901,0.06844,0.00959,-0.31638,-39.47,-10.17,61.15
6047,-0.00293,-0.03442,1.02319,0.01425,0.03023,-0.06165,-38.42,-10.17,60.40
6048,-0.01685,-0.01050,1.02612,-0.00386,0.01731,-0.00839,-38.42,-9.12,59.35
6049,-0.05591,0.03003,1.02197,-0.01145,0.01292,-0.04900,-38.12,-7.47,61.15
6050,-0.04297,0.03247,1.00757,-0.01518,0.00852,-0.27138,-38.57,-10.02,60.85
6051,0.00391,-0.01831,1.01685,-0.02663,-0.00533,-0.39015,-38.57,-10.02,60.85
6052,-0.00879,0.01831,1.01904,-0.01238,-0.01491,-0.46872,-39.32,-8.82,60.55
6053,-1.01636,-0.37988,0.46167,-0.03249,-0.03449,-0.66086,-39.17,-8.67,59.95
6054,0.17065,0.27002,1.05566,-0.60334,0.19548,-1.04170,-38.57,-8.52,60.55
6055,0.14355,-0.05762,1.02881,-0.33969,0.07963,-1.60522,-38.57,-8.52,60.55
6056,-0.02539,-0.03101,1.00952,-0.09907,0.00146,-1.08231,-40.51,-9.27,60.55
6057,-0.05298,0.03564,0.97949,-0.08043,-0.01145,-1.31520,-39.92,-9.42,61.44
6058,0.12207,0.05664,1.01074,-0.08416,0.01505,-1.27259,-40.07,-7.77,60.85
6059,-0.01758,-0.02173,1.02637,0.00719,-0.03728,-1.45901,-41.11,-7.77,60.25
6060,-0.02222,-0.03418,1.01563,0.01265,-0.01771,-1.09216,-41.11,-7.77,60.25
6061,-0.07593,-0.06177,1.00586,0.01625,-0.04541,-0.96513,-39.17,-5.98,60.40
6062,-0.02295,-0.03687,1.01416,0.00599,-0.04328,-1.08870,-39.02,-6.58,60.55
6063,-0.01123,-0.03564,1.01147,-0.00173,-0.04621,-0.96247,-40.66,-5.23,59.65
6064,-0.00684,-0.02148,1.01709,-0.00093,-0.04181,-0.92478,-40.66,-5.23,59.65
6065,0.06128,0.04907,1.02661,0.03915,-0.12051,-1.00042,-39.92,-5.98,60.70
6066,-0.05078,-0.00537,1.02563,0.00120,-0.10719,-0.99163,-39.32,-5.38,60.55
6067,-0.01733,0.06250,1.02075,0.00746,-0.02597,-1.30535,-40.81,-5.08,60.55
6068,-0.00146,-0.04321,1.02319,-0.00679,-0.02077,-1.38924,-41.11,-5.08,60.85
6069,0.09644,0.20825,1.00366,-0.06858,0.26019,-1.02625,-41.11,-5.08,60.85
6070,0.00220,-0.10986,1.02637,0.03502,-0.05899,-1.56181,-40.07,-0.90,61.29
6071,-0.02100,-0.04834,1.00903,0.03116,-0.04874,-1.39217,-40.66,-1.50,60.40
6072,-0.04907,0.01904,1.02930,0.02557,-0.05020,-1.54477,-41.11,-1.64,60.55
6073,0.00415,0.00098,1.01025,0.03382,-0.10107,-1.67646,-41.11,-1.64,60.55
6074,-0.05542,-0.05811,1.02661,0.03396,-0.09348,-1.54197,-40.07,-0.45,59.50
6075,-0.02979,-0.06763,1.01855,0.01505,-0.05819,-1.35049,-40.96,0.00,61.15
6076,-0.04687,-0.03906,1.02002,0.04128,-0.15220,-1.62400,-41.11,1.20,58.45
6077,0.00903,0.01465,1.01758,0.03595,-0.10559,-1.60029,-41.86,2.09,60.55
6078,-0.01611,0.00635,1.01514,0.03143,-0.10679,-1.72440,-41.86,2.09,60.55
6079,0.02051,-0.05054,1.01929,0.02064,-0.06977,-1.81734,-40.66,2.54,60.70
6080,-0.07178,0.01025,1.00757,0.02637,-0.11505,-2.10403,-39.92,2.24,59.35
6081,-0.03418,0.05835,1.02344,0.02610,-0.12304,-2.29405,-39.47,2.24,58.90
6082,-0.01245,-0.06543,1.01758,0.04687,-0.12357,-2.32627,-39.47,2.24,58.90
6083,0.02075,-0.06787,1.02637,0.13316,-0.08682,-2.05729,-39.77,5.83,58.75
6084,-0.02271,-0.05054,1.00928,0.15859,-0.07803,-1.89750,-39.77,5.83,58.75
6085,-0.02710,-0.03442,1.01733,0.12330,-0.06498,-1.70283,-40.66,6.43,58.60
6086,-0.08130,-0.03003,1.06226,-0.02450,0.10027,-1.17592,-40.66,7.47,58.60
6087,0.01978,0.06982,1.02124,0.18283,0.03902,-1.31267,-40.66,7.47,58.60
6088,-0.00391,0.05444,1.01392,0.15153,-0.01744,-1.49909,-39.47,7.92,59.95
6089,-0.02222,-0.00049,1.01245,0.12610,0.01731,-1.65515,-40.07,8.07,59.05
6090,0.00659,-0.04028,0.99536,0.10306,-0.00666,-1.70709,-39.32,9.57,60.85
6091,0.00708,-0.01123,1.00659,0.05420,-0.00027,-1.69683,-38.57,9.27,58.75
6092,-0.00513,-0.04395,1.01636,0.01585,-0.01145,-1.59177,-38.57,9.27,58.75
6093,-0.00659,-0.04956,1.01563,0.06298,-0.01145,-1.36767,-38.57,11.21,57.71
6094,0.00293,0.00635,1.01245,0.07151,-0.00306,-1.16846,-38.12,11.66,58.90
6095,-0.03638,0.01050,1.00659,0.07537,0.01505,-1.08750,-38.57,14.65,58.75
6096,-0.01807,0.01563,1.02002,0.05353,-0.01638,-0.98337,-38.57,14.65,58.75
6097,-0.02759,0.02588,1.02612,0.03955,-0.02903,-1.01600,-38.27,14.95,59.80
6098,-0.01099,-0.02905,1.01050,0.05326,-0.04581,-1.19949,-36.78,13.75,58.01
6099,-0.01563,-0.01733,1.01025,0.04168,-0.06285,-1.20042,-37.82,14.20,58.01
6100,0.03271,-0.01343,1.05542,0.05486,-0.04834,-1.12838,-36.93,14.80,58.60
6101,-0.01074,-0.01050,1.01367,0.12077,-0.02969,-1.37885,-36.93,14.80,58.60
6102,0.04395,-0.02222,1.02612,0.17350,-0.01585,-1.47512,-36.93,15.55,58.60
6103,0.01733,-0.03613,1.02588,0.14754,-0.03289,-1.36767,-36.03,15.40,58.75
6104,-0.01587,-0.04199,1.00439,0.13063,-0.06605,-1.45968,-34.98,16.44,59.80
6105,0.04736,0.01440,1.00342,0.19188,-0.06951,-1.61547,-34.98,16.44,59.80
6106,0.03760,-0.03149,1.00684,0.12863,-0.08163,-1.90789,-36.48,17.64,59.05
6107,-0.02588,0.02905,1.00366,0.07603,-0.07071,-2.03279,-34.83,19.29,59.35
6108,0.03906,-0.08081,1.04907,0.01545,-0.09028,-2.08565,-34.98,18.84,57.71
